FENGYUN 1C              
1 25730U 99025A   26281.66977163  .00001034  00000+0  44091-3 0  9994
2 25730  98.8562 356.6727 0012080 292.7316  67.2587 14.27306847414145
FENGYUN 1C DEB          
1 29733U 99025X   26281.97090948  .00000874  00000+0  15150-2 0  9996
2 29733  99.2042 297.2529 0564681 228.3927 157.8729 12.96939978930117
FENGYUN 1C DEB          
1 29734U 99025Y   26281.93980527  .00002788  00000+0  44666-2 0  9994
2 29734  99.1650 167.8992 0614180  42.4726  70.1128 12.92213693924242
FENGYUN 1C DEB          
1 29735U 99025Z   26281.58058861 -.00000172  00000+0 -22951-3 0  9994
2 29735  99.3788 151.7265 0696601 230.6199 123.1190 12.75898044912385
FENGYUN 1C DEB          
1 29736U 99025AA  26281.87754417  .00001530  00000+0  34093-2 0  9993
2 29736  99.4389  49.3334 0725602 274.3957 248.3240 12.57847649903172
FENGYUN 1C DEB          
1 29737U 99025AB  26281.72956204 -.00000347  00000+0 -64325-3 0  9995
2 29737  99.5749 192.6089 0690021 209.1931 176.7018 12.66256781906651
FENGYUN 1C DEB          
1 29738U 99025AC  26281.75384653  .00001036  00000+0  14518-2 0  9994
2 29738  99.4173  39.5872 0846498   1.9189 358.4831 12.62478541900017
FENGYUN 1C DEB          
1 29740U 99025AE  26281.83727891  .00001644  00000+0  43457-2 0  9990
2 29740  99.0643  53.1221 0972130 319.5652  33.6921 12.08764852865604
FENGYUN 1C DEB          
1 29741U 99025AF  26281.93180187  .00000978  00000+0  25140-2 0  9991
2 29741  99.1871  76.3607 1025442 194.1598 325.3449 12.01780368557883
FENGYUN 1C DEB          
1 29748U 99025AN  26281.54401602  .00000047  00000+0  68321-3 0  9999
2 29748 100.1777 142.8536 0542837 180.2566 179.8270 11.92612520823052
FENGYUN 1C DEB          
1 29750U 99025AQ  26281.57756257  .00000155  00000+0  11184-3 0  9999
2 29750  98.7267 307.0398 0036269 170.5789 341.2588 14.09870583 12860
FENGYUN 1C DEB          
1 29751U 99025AR  26281.90836986  .00000205  00000+0  10385-3 0  9993
2 29751  98.5147 305.7262 0088536 345.5718 133.8375 14.23833346 23437
FENGYUN 1C DEB          
1 29754U 99025AU  26281.24069620  .00000994  00000+0  48418-3 0  9999
2 29754  98.8961  30.0914 0036405 104.0077 286.1610 14.20094530 15901
FENGYUN 1C DEB          
1 29758U 99025AY  26281.84618880  .00005000  00000+0  14422-2 0  9997
2 29758  98.8679  54.5323 0021087 140.3297  12.5657 14.44988129 20015
FENGYUN 1C DEB          
1 29760U 99025BA  26281.92149917  .00000284  00000+0  17550-3 0  9994
2 29760  98.7717 280.7411 0131307  47.0399 314.1694 14.08470435 13171
FENGYUN 1C DEB          
1 29762U 99025BC  26281.92087252  .00000237  00000+0  10192-3 0  9992
2 29762  98.6117 262.7323 0203195 182.6420 207.2835 14.22956418 22124
FENGYUN 1C DEB          
1 29763U 99025BD  26281.90300679  .00000115  00000+0  85670-4 0  9991
2 29763  98.7961 258.1650 0128200  54.8585 334.7188 14.08082594 12754
FENGYUN 1C DEB          
1 29765U 99025BF  26281.55329586 -.00000022  00000+0  13714-4 0  9990
2 29765  98.8161 295.1170 0057942 337.7087 176.2644 14.02215970  9438
FENGYUN 1C DEB          
1 29766U 99025BG  26281.77357275  .00001399  00000+0  93070-3 0  9990
2 29766  98.7029 220.5654 0142697 173.7065 216.8806 13.97946565999956
FENGYUN 1C DEB          
1 29767U 99025BH  26281.82953576  .00002232  00000+0  87137-3 0  9997
2 29767  98.2221 227.6299 0323500 284.8225  98.8583 14.05672330998130
FENGYUN 1C DEB          
1 29769U 99025BK  26281.63826293  .00001601  00000+0  82173-3 0  9997
2 29769  99.0859 349.2683 0089841   4.9156 355.2878 14.14783462  9169
FENGYUN 1C DEB          
1 29770U 99025BL  26281.68686539  .00001572  00000+0  72092-3 0  9997
2 29770  98.8322   2.3606 0062827 131.5282  23.2314 14.21709909 13431
FENGYUN 1C DEB          
1 29771U 99025BM  26281.70047709  .00146936  00000+0  64244-2 0  9994
2 29771  99.6087 199.6489 0005417 188.2715 171.8426 15.21397834376066
FENGYUN 1C DEB          
1 29772U 99025BN  26278.34191295  .00001492  00000+0  89064-3 0  9996
2 29772  98.3722 109.5818 0135956 169.8729 315.7142 14.04065325  3357
FENGYUN 1C DEB          
1 29773U 99025BP  26281.94018836  .00000547  00000+0  23637-3 0  9990
2 29773  99.0227  89.7542 0047623 141.9764  11.1797 14.28047725 24808
FENGYUN 1C DEB          
1 29774U 99025BQ  26281.84998750  .00000223  00000+0  11874-3 0  9993
2 29774  99.1105 236.8261 0050193 346.5184  41.1017 14.22954858 23448
FENGYUN 1C DEB          
1 29776U 99025BS  26281.54232344  .00000161  00000+0  11979-3 0  9999
2 29776  98.7456 304.2985 0024436 143.6341   8.9090 14.07916183 12980
FENGYUN 1C DEB          
1 29777U 99025BT  26281.67443193 -.00000052  00000+0 -56997-5 0  9992
2 29777  99.2429 343.2588 0093806 118.6940  32.3151 13.92197712  2130
FENGYUN 1C DEB          
1 29779U 99025BV  26281.57220225  .00000280  00000+0  16728-3 0  9999
2 29779  98.6733 288.8423 0063646  30.3338 330.1494 14.13683763 16498
FENGYUN 1C DEB          
1 29780U 99025BW  26281.78917375  .00002475  00000+0  11121-2 0  9992
2 29780  99.2834 223.2961 0042671 359.7932   0.3220 14.22898251 13403
FENGYUN 1C DEB          
1 29781U 99025BX  26281.92302791  .00000814  00000+0  51247-3 0  9998
2 29781  98.8290 273.0240 0072822  52.2456 338.0437 14.05772862  8589
FENGYUN 1C DEB          
1 29782U 99025BY  26281.98656341  .00001191  00000+0  65671-3 0  9993
2 29782  99.0791 344.7443 0054146  81.0005  42.5084 14.12761540  9089
FENGYUN 1C DEB          
1 29784U 99025CA  26281.80170098  .00000647  00000+0  25750-3 0  9995
2 29784  98.9544 214.4600 0059603 141.6040 244.6887 14.31225140 26489
FENGYUN 1C DEB          
1 29786U 99025CC  26281.97703257  .00000275  00000+0  17750-3 0  9992
2 29786  98.7231 294.9028 0077868 172.5664 217.6196 14.09243152 13888
FENGYUN 1C DEB          
1 29788U 99025CE  26281.69742918  .00001729  00000+0  71160-3 0  9990
2 29788  98.7670 359.1933 0039947  39.3151 112.4544 14.27792017 16345
FENGYUN 1C DEB          
1 29789U 99025CF  26281.47444009  .00000866  00000+0  99889-3 0  9996
2 29789  99.4654  96.9521 0295896 241.5721 141.9488 13.54968123970460
FENGYUN 1C DEB          
1 29790U 99025CG  26281.57695199  .00000474  00000+0  18604-3 0  9998
2 29790  99.1506 297.1895 0076536  27.7907 332.7333 14.32713217 28194
FENGYUN 1C DEB          
1 29791U 99025CH  26281.60908284  .00003270  00000+0  66125-3 0  9993
2 29791  99.0275 313.9702 0037825 226.6720 289.9877 14.61686801 32227
FENGYUN 1C DEB          
1 29792U 99025CJ  26281.59515760  .00001471  00000+0  75593-3 0  9995
2 29792  98.7322 331.5558 0047977 256.6105 102.9719 14.16251389 11833
FENGYUN 1C DEB          
1 29793U 99025CK  26281.42430666  .00001102  00000+0  68662-3 0  9999
2 29793  98.3812  80.5548 0139828 211.8056 174.6698 14.02018153  2566
FENGYUN 1C DEB          
1 29794U 99025CL  26281.87007216  .00000768  00000+0  41258-3 0  9999
2 29794  98.2366  59.4983 0154737 258.0815 256.2402 14.09664518 10647
FENGYUN 1C DEB          
1 29795U 99025CM  26281.34141034  .00000140  00000+0  13273-3 0  9999
2 29795  98.9100  43.9133 0112029 174.7311 249.1584 13.93027969  2243
FENGYUN 1C DEB          
1 29796U 99025CN  26281.64443537  .00000715  00000+0  40138-3 0  9994
2 29796  98.8333 334.8930 0053033 138.0123  13.2355 14.12984327 12936
FENGYUN 1C DEB          
1 29798U 99025CQ  26281.68003347  .00001184  00000+0  78549-3 0  9999
2 29798  99.2928 355.3228 0108900 172.3750 341.1591 14.00628809  1213
FENGYUN 1C DEB          
1 29800U 99025CS  26281.93664352  .00002542  00000+0  16242-2 0  9990
2 29800  98.2842 280.1346 0132432 100.7204 290.4747 14.00025806997753
FENGYUN 1C DEB          
1 29801U 99025CT  26281.74723404  .00000225  00000+0  87701-4 0  9990
2 29801  98.7767 193.5995 0104551 101.7490 284.4415 14.36149036 32465
FENGYUN 1C DEB          
1 29802U 99025CU  26281.81688123  .00011587  00000+0  19101-2 0  9997
2 29802  98.6350  51.3575 0032919 125.6906  31.7421 14.70287483 28702
FENGYUN 1C DEB          
1 29804U 99025CW  26281.96622052  .00000072  00000+0  69092-4 0  9997
2 29804  98.8056 286.1024 0097993 180.2858 209.9041 14.04387931 11033
FENGYUN 1C DEB          
1 29805U 99025CX  26281.62720788  .00000069  00000+0  10791-3 0  9993
2 29805  99.4133 333.4318 0188683 168.5709 191.9814 13.72740344988171
FENGYUN 1C DEB          
1 29806U 99025CY  26281.98166147  .00000572  00000+0  33129-3 0  9995
2 29806  98.7020 294.2145 0029537 117.5095 272.8088 14.12491560 13736
FENGYUN 1C DEB          
1 29807U 99025CZ  26281.92755192  .00000311  00000+0  19927-3 0  9995
2 29807  98.7608 283.0243 0079261 202.7245 157.0410 14.08877542 13171
FENGYUN 1C DEB          
1 29809U 99025DB  26281.51040008  .00000390  00000+0  11214-3 0  9993
2 29809  98.8967 264.5751 0115266 170.8943 309.9473 14.47119578 38025
FENGYUN 1C DEB          
1 29810U 99025DC  26281.62469633  .00000363  00000+0  15767-3 0  9993
2 29810  99.1677 339.5652 0065854 232.6654 283.0836 14.29474719 26589
FENGYUN 1C DEB          
1 29812U 99025DE  26281.95463519  .00001140  00000+0  69506-3 0  9992
2 29812  98.3638  91.2046 0142468 198.5205 314.8038 14.02931913  2606
FENGYUN 1C DEB          
1 29813U 99025DF  26281.60640147 -.00000033  00000+0  54812-5 0  9996
2 29813  98.7111 296.9666 0013612  96.3556  33.0500 14.09526124 14845
FENGYUN 1C DEB          
1 29815U 99025DH  26281.98923137  .00002077  00000+0  31086-3 0  9997
2 29815  98.0532 289.4659 0175815 267.3902  90.7166 14.65883235 42474
FENGYUN 1C DEB          
1 29816U 99025DJ  26281.60399581  .00003677  00000+0  73830-3 0  9997
2 29816  98.9552 164.2042 0231797   2.8108  61.3417 14.46737622 25194
FENGYUN 1C DEB          
1 29817U 99025DK  26281.93484422  .00000402  00000+0  23116-3 0  9998
2 29817  98.5852 264.0977 0011021 230.8630 155.6072 14.14596314 16379
FENGYUN 1C DEB          
1 29818U 99025DL  26281.88815247  .00000096  00000+0  81778-4 0  9994
2 29818  98.6772 151.9023 0113355 262.2570 161.2010 14.04679670 10187
FENGYUN 1C DEB          
1 29819U 99025DM  26281.90984773  .00000209  00000+0  14064-3 0  9998
2 29819  98.7665 258.9502 0189644 307.7383  79.3966 14.02478155  8281
FENGYUN 1C DEB          
1 29820U 99025DN  26281.95642476  .00000683  00000+0  45611-3 0  9994
2 29820  98.8341 285.0916 0072883 120.0290 270.6939 14.02995953  7650
FENGYUN 1C DEB          
1 29821U 99025DP  26281.98238741  .00001251  00000+0  36972-3 0  9996
2 29821  98.8356 338.8372 0370504 348.9109 130.0447 14.12250112  7476
FENGYUN 1C DEB          
1 29827U 99025DV  26281.93959068  .00000361  00000+0  18194-3 0  9996
2 29827  98.6257 271.1019 0025529 167.8174 221.6997 14.22051401 21194
FENGYUN 1C DEB          
1 29828U 99025DW  26281.60028069  .00000487  00000+0  30159-3 0  9993
2 29828  98.7443 323.3760 0060701  31.4235 120.1883 14.08799837  9516
FENGYUN 1C DEB          
1 29832U 99025EA  26281.79057125  .00000388  00000+0  77738-4 0  9998
2 29832  98.8543  56.3072 0192903  88.0778 274.2498 14.57076987 46244
FENGYUN 1C DEB          
1 29833U 99025EB  26281.02712042  .00005821  00000+0  47674-3 0  9993
2 29833  99.0744 315.1103 0079506  16.2388 344.1350 14.97329093 50427
FENGYUN 1C DEB          
1 29835U 99025ED  26281.92590193  .00000308  00000+0  91818-4 0  9990
2 29835  99.0697  74.0545 0166134 226.6713 286.5236 14.43581477 38234
FENGYUN 1C DEB          
1 29836U 99025EE  26281.75457656  .00000771  00000+0  16323-3 0  9999
2 29836  98.1879  16.5649 0151801 354.7486 156.1842 14.55236415679179
FENGYUN 1C DEB          
1 29841U 99025EK  26281.82359015  .00000528  00000+0  12500-3 0  9996
2 29841  98.8570 247.2367 0198958 152.4919 229.3569 14.47284849 36607
FENGYUN 1C DEB          
1 29842U 99025EL  26281.57351551  .00002498  00000+0  46139-3 0  9999
2 29842  98.5680  24.9344 0102231 317.2368 172.8988 14.63103232 37286
FENGYUN 1C DEB          
1 29843U 99025EM  26281.55629789  .00000310  00000+0  11703-3 0  9999
2 29843  99.0095 135.5467 0192049 141.8003 249.9295 14.28978735 25532
FENGYUN 1C DEB          
1 29844U 99025EN  26281.69222606  .00001154  00000+0  37874-3 0  9996
2 29844  98.9220 197.0933 0167310  11.1986 349.2848 14.32757677 26369
FENGYUN 1C DEB          
1 29845U 99025EP  26281.98911987  .00000501  00000+0  21701-3 0  9993
2 29845  98.5326 279.7256 0076440 333.3088  50.4110 14.27021883 23901
FENGYUN 1C DEB          
1 29846U 99025EQ  26281.57785539  .00000124  00000+0  76311-4 0  9990
2 29846  98.6164 320.7949 0085170 158.6580 355.2829 14.19244222 21102
FENGYUN 1C DEB          
1 29847U 99025ER  26281.94045757  .00000124  00000+0  10476-3 0  9992
2 29847  98.9196 276.6501 0083715 282.5408 106.2273 14.03178617  9462
FENGYUN 1C DEB          
1 29848U 99025ES  26281.58562420  .00001514  00000+0  65855-3 0  9999
2 29848  98.2218 133.2740 0114864 136.5368 250.6376 14.21880704 13614
FENGYUN 1C DEB          
1 29849U 99025ET  26281.23409472  .00001028  00000+0  63877-3 0  9991
2 29849  99.0017   8.5674 0079310 288.3811  95.7263 14.05788150  5771
FENGYUN 1C DEB          
1 29850U 99025EU  26281.68241093  .00000569  00000+0  38665-3 0  9991
2 29850  98.1111 180.0424 0106547 155.1579 234.9282 14.00738081  2185
FENGYUN 1C DEB          
1 29851U 99025EV  26281.63137039  .00000255  00000+0  25073-3 0  9992
2 29851  99.5445 332.6766 0142372 155.2861 356.5198 13.83794245995144
FENGYUN 1C DEB          
1 29852U 99025EW  26281.60403917  .00001907  00000+0  10466-2 0  9995
2 29852  99.3584 307.6309 0132471  40.2569  86.1381 14.08689318  1992
FENGYUN 1C DEB          
1 29853U 99025EX  26281.70935877  .00000858  00000+0  60245-3 0  9997
2 29853  98.4735  23.5285 0159691 108.7137 253.1433 13.94599154998498
FENGYUN 1C DEB          
1 29854U 99025EY  26281.92898297  .00000236  00000+0  23279-3 0  9992
2 29854  98.9674  73.5620 0145524 322.5963 190.0282 13.83560901994940
FENGYUN 1C DEB          
1 29855U 99025EZ  26281.57169304  .00001666  00000+0  94908-3 0  9999
2 29855  98.1834 198.2001 0177696 274.3930 212.0809 14.03355724999158
FENGYUN 1C DEB          
1 29856U 99025FA  26281.78369639  .00012950  00000+0  19780-2 0  9998
2 29856  98.6925  31.9157 0234578 104.2498  52.2462 14.57041839  7329
FENGYUN 1C DEB          
1 29857U 99025FB  26281.87087260  .00000890  00000+0  74205-3 0  9990
2 29857  98.4373 262.8285 0189674 194.7990 164.7568 13.82775327989226
FENGYUN 1C DEB          
1 29858U 99025FC  26281.20589900  .00000705  00000+0  64279-3 0  9991
2 29858  99.2164  19.2869 0193950 351.0017  36.9197 13.78523227986798
FENGYUN 1C DEB          
1 29859U 99025FD  26281.91265823  .00001741  00000+0  13555-2 0  9996
2 29859  98.3533  84.3797 0292599 121.2582 241.7585 13.75246444981045
FENGYUN 1C DEB          
1 29860U 99025FE  26281.97727127  .00001631  00000+0  13755-2 0  9994
2 29860  98.5995 293.3168 0217025 253.7063 134.0799 13.78894920982752
FENGYUN 1C DEB          
1 29865U 99025FK  26281.81365185  .00004768  00000+0  49530-3 0  9999
2 29865  98.9338 233.2788 0106932 268.6908 120.5540 14.86349980 52113
FENGYUN 1C DEB          
1 29866U 99025FL  26281.55889389  .00002034  00000+0  29483-3 0  9997
2 29866  98.0659 266.1805 0191541 348.7491 131.3711 14.65466897 47166
FENGYUN 1C DEB          
1 29868U 99025FN  26281.80201131  .00004598  00000+0  43205-3 0  9995
2 29868  97.9101 329.1768 0187827 109.1969 252.9675 14.81954455 47357
FENGYUN 1C DEB          
1 29869U 99025FP  26281.83776765  .00000434  00000+0  15484-3 0  9992
2 29869  98.8973 226.9224 0085668 205.2060 180.1149 14.37425899 31263
FENGYUN 1C DEB          
1 29870U 99025FQ  26281.86914865  .00000094  00000+0  50290-4 0  9999
2 29870  98.5010 249.7183 0120617  29.8517   0.1608 14.29078013 28789
FENGYUN 1C DEB          
1 29871U 99025FR  26281.90260935  .00001765  00000+0  51895-3 0  9994
2 29871  99.0037 256.6423 0055636 298.2768  89.7057 14.44229945 30320
FENGYUN 1C DEB          
1 29872U 99025FS  26281.51463512  .00001105  00000+0  26522-3 0  9995
2 29872  98.3336 294.7833 0233832 131.0222 231.1443 14.40064207 29041
FENGYUN 1C DEB          
1 29873U 99025FT  26281.61842075  .00000009  00000+0  37082-4 0  9998
2 29873  99.4049 154.8808 0092603 103.3381 286.1318 13.98423384  5064
FENGYUN 1C DEB          
1 29874U 99025FU  26281.63585544  .00002778  00000+0  99874-3 0  9997
2 29874  98.3634 172.5869 0096137 181.9272 208.0489 14.31981563 11317
FENGYUN 1C DEB          
1 29875U 99025FV  26281.58665439  .00000041  00000+0  34294-4 0  9991
2 29875  98.3625 324.6026 0080954 263.7283 251.3318 14.24935758 25857
FENGYUN 1C DEB          
1 29876U 99025FW  26281.57438850  .00000146  00000+0  85292-4 0  9996
2 29876  98.2933 319.2280 0060475 221.1832 293.1607 14.20459698 21722
FENGYUN 1C DEB          
1 29877U 99025FX  26281.98624428  .00000651  00000+0  29092-3 0  9996
2 29877  98.5415 284.2657 0047236  63.2910 324.4301 14.25353491 22451
FENGYUN 1C DEB          
1 29880U 99025GA  26281.64153289  .00001042  00000+0  64436-3 0  9991
2 29880  98.1776 171.7599 0230742 341.1203  47.0858 13.94853147997426
FENGYUN 1C DEB          
1 29881U 99025GB  26281.82546039  .00001720  00000+0  17575-2 0  9995
2 29881  98.7350 227.1198 0292141   9.4364  17.6801 13.60616855973145
FENGYUN 1C DEB          
1 29884U 99025GE  26281.20310214  .00000976  00000+0  31487-3 0  9995
2 29884  99.5751 355.6312 0042356 349.2806  34.2185 14.41348275 28626
FENGYUN 1C DEB          
1 29885U 99025GF  26281.76340718  .00000168  00000+0  10286-3 0  9996
2 29885  98.3674 202.5817 0118596  21.3202   5.8208 14.13740409 16975
FENGYUN 1C DEB          
1 29887U 99025GH  26281.18907029  .00002004  00000+0  45735-3 0  9996
2 29887  98.7045  10.6634 0282334 193.7584 196.7081 14.35282768 22673
FENGYUN 1C DEB          
1 29888U 99025GJ  26281.57914432  .00000754  00000+0  26013-3 0  9994
2 29888  99.1702 131.1967 0271382 252.1329 105.0080 14.20601513 17588
FENGYUN 1C DEB          
1 29889U 99025GK  26281.85500240  .00000394  00000+0  20990-3 0  9992
2 29889  99.5163  62.7367 0152592 283.2641 238.7942 14.13893962 15559
FENGYUN 1C DEB          
1 29890U 99025GL  26281.89796913  .00000642  00000+0  29971-3 0  9996
2 29890  99.4952  71.6513 0012710 311.1422  48.8657 14.24339414 17131
FENGYUN 1C DEB          
1 29891U 99025GM  26281.99362885  .00000681  00000+0  48194-3 0  9996
2 29891  98.7451 275.6945 0056097 148.8885 231.9802 14.00286143  6888
FENGYUN 1C DEB          
1 29892U 99025GN  26281.97084214  .00007122  00000+0  20132-2 0  9990
2 29892  99.2006  94.0260 0177048 143.8611   6.9775 14.37147310  9565
FENGYUN 1C DEB          
1 29893U 99025GP  26281.68660034  .00000081  00000+0  10247-3 0  9993
2 29893  98.5372 353.7852 0173712  61.9254  88.1330 13.79575284992754
FENGYUN 1C DEB          
1 29894U 99025GQ  26281.88270382  .00000334  00000+0  32251-3 0  9999
2 29894  99.4535 342.0597 0167130 332.8360  80.1962 13.81284612992206
FENGYUN 1C DEB          
1 29895U 99025GR  26281.62444740  .00003708  00000+0  13783-2 0  9999
2 29895  99.9095  65.3458 0294367 244.0116 175.0987 14.11585523997519
FENGYUN 1C DEB          
1 29896U 99025GS  26281.19400898  .00000378  00000+0  42128-3 0  9994
2 29896  99.3893 169.2703 0240330  50.5818  78.2545 13.65640041981294
FENGYUN 1C DEB          
1 29897U 99025GT  26281.01678256  .00001066  00000+0  11386-2 0  9997
2 29897  98.6083 114.1062 0296938  78.4820  70.9746 13.58182109970010
FENGYUN 1C DEB          
1 29898U 99025GU  26281.82438236  .00003001  00000+0  17475-2 0  9995
2 29898  98.2391 237.6343 0421283  97.9307 296.3986 13.72565515972756
FENGYUN 1C DEB          
1 29899U 99025GV  26281.29640270  .00000004  00000+0  49736-4 0  9997
2 29899  98.7060  38.6007 0353248  46.1799 316.7970 13.37580243960895
FENGYUN 1C DEB          
1 29901U 99025GX  26281.85548677  .00000238  00000+0  37568-3 0  9999
2 29901  98.7873  54.9817 0377685 257.8675 259.2782 13.33416753959188
FENGYUN 1C DEB          
1 29904U 99025HA  26281.60408255  .00001117  00000+0  25717-3 0  9992
2 29904  99.0041 343.1953 0207053 146.1501 215.3106 14.45316007 33883
FENGYUN 1C DEB          
1 29906U 99025HC  26281.79216997  .00005194  00000+0  12338-2 0  9997
2 29906  98.7169  41.2025 0032260 316.8737  42.9932 14.54044435 25101
FENGYUN 1C DEB          
1 29907U 99025HD  26281.21256317  .00001209  00000+0  65125-3 0  9991
2 29907  99.0935 357.5093 0083746 128.9295 255.0305 14.12926954  8270
FENGYUN 1C DEB          
1 29909U 99025HF  26281.83077593  .00006991  00000+0  14474-2 0  9991
2 29909  98.6455  42.1033 0037447 173.1432 338.2313 14.60156167 27792
FENGYUN 1C DEB          
1 29911U 99025HH  26281.60404578  .00000678  00000+0  34084-3 0  9992
2 29911  98.6863 324.3162 0025575  11.4764 140.2967 14.19596619 16830
FENGYUN 1C DEB          
1 29912U 99025HJ  26281.78304288  .00003585  00000+0  10071-2 0  9998
2 29912  98.7440  32.6973 0038720  43.8794 108.5061 14.46138145 23702
FENGYUN 1C DEB          
1 29913U 99025HK  26281.93337365  .00000430  00000+0  27481-3 0  9998
2 29913  98.8016 277.8677 0063200 145.2274 245.2419 14.07655707 11784
FENGYUN 1C DEB          
1 29914U 99025HL  26281.92508398 -.00000064  00000+0 -13649-4 0  9991
2 29914  98.8163 306.6005 0035502 359.6686 118.9141 14.03246824  9952
FENGYUN 1C DEB          
1 29916U 99025HN  26281.97863973  .00000349  00000+0  43133-3 0  9995
2 29916  99.1860 286.8156 0270312 210.2741 177.9337 13.57306384975255
FENGYUN 1C DEB          
1 29917U 99025HP  26281.53492972  .00000725  00000+0  71406-3 0  9997
2 29917  98.8481 125.2653 0224384  51.9269 337.8678 13.71060698982380
FENGYUN 1C DEB          
1 29918U 99025HQ  26281.76170598  .00002389  00000+0  84340-3 0  9999
2 29918  98.8467  16.4307 0014990 156.1667 357.1491 14.35617062 20961
FENGYUN 1C DEB          
1 29919U 99025HR  26281.35330832  .00000113  00000+0  12462-3 0  9993
2 29919  98.5258  53.0002 0136698 243.4363 141.4402 13.85251712996833
FENGYUN 1C DEB          
1 29920U 99025HS  26277.76686648  .00001276  00000+0  77023-3 0  9999
2 29920  98.3693 114.5646 0123509 161.1814 199.3981 14.04458975  4338
FENGYUN 1C DEB          
1 29921U 99025HT  26281.52589551  .00000380  00000+0  25147-3 0  9999
2 29921  98.7906 284.1691 0044597 307.1493 207.3174 14.06959691 10916
FENGYUN 1C DEB          
1 29922U 99025HU  26281.63889676 -.00000071  00000+0 -17213-4 0  9998
2 29922  99.0955 342.3014 0092566 262.3455  96.7188 13.98722772  6244
FENGYUN 1C DEB          
1 29923U 99025HV  26281.52894669  .00000506  00000+0  28644-3 0  9995
2 29923  98.6883 286.5495 0018100  39.1152 113.1739 14.14371780 15107
FENGYUN 1C DEB          
1 29924U 99025HW  26281.98470515  .00000012  00000+0  31259-4 0  9995
2 29924  98.7282 290.5648 0027730 127.8756 262.7655 14.08961907 14376
FENGYUN 1C DEB          
1 29926U 99025HY  26281.91891620  .00000436  00000+0  12273-3 0  9998
2 29926  98.3120 263.9397 0248455 123.9338 267.9728 14.33955039 28811
FENGYUN 1C DEB          
1 29927U 99025HZ  26281.66771747  .00013059  00000+0  15398-2 0  9993
2 29927  99.0634 349.3618 0012861 351.1627 160.9505 14.84852224 30839
FENGYUN 1C DEB          
1 29928U 99025JA  26281.60985287  .00000513  00000+0  43029-3 0  9998
2 29928  99.5567 318.5852 0142068  25.0155 125.5351 13.88483389996522
FENGYUN 1C DEB          
1 29929U 99025JB  26281.97635508  .00001837  00000+0  11294-2 0  9995
2 29929  98.6201 190.2038 0132300  55.3079   4.1241 14.02506479  1528
FENGYUN 1C DEB          
1 29930U 99025JC  26281.65171722  .00000261  00000+0  12491-3 0  9996
2 29930  99.0065 175.4993 0162179 275.9939 112.1283 14.21109760 21497
FENGYUN 1C DEB          
1 29931U 99025JD  26281.60339604  .00000060  00000+0  64988-4 0  9993
2 29931  98.8261 313.8117 0031145 337.3330 174.8057 14.04037258 10197
FENGYUN 1C DEB          
1 29932U 99025JE  26281.99661875  .00000339  00000+0  18849-3 0  9997
2 29932  98.6311 288.8758 0036270 287.7603  99.4999 14.17077309 17817
FENGYUN 1C DEB          
1 29933U 99025JF  26281.82607469  .00014636  00000+0  21381-2 0  9998
2 29933  98.7558  52.3430 0005832 136.6560  18.1658 14.75826849 29174
FENGYUN 1C DEB          
1 29934U 99025JG  26281.69330585  .00002401  00000+0  41818-3 0  9991
2 29934  98.8705 357.5291 0098291  48.8177 312.1450 14.66016040 41618
FENGYUN 1C DEB          
1 29935U 99025JH  26281.98373935  .00000086  00000+0  58505-4 0  9999
2 29935  98.4193 332.7863 0151601  72.7308  46.2302 14.14350553 17867
FENGYUN 1C DEB          
1 29936U 99025JJ  26281.78309500  .00000143  00000+0  61336-4 0  9995
2 29936  98.6859  41.6248 0113891  20.3664 340.2009 14.35555513 32364
FENGYUN 1C DEB          
1 29937U 99025JK  26281.98880149  .00000281  00000+0  20270-3 0  9995
2 29937  98.7844 298.4893 0031076 258.4585 130.9777 14.04409499 11515
FENGYUN 1C DEB          
1 29938U 99025JL  26281.90088794  .00000282  00000+0  19160-3 0  9991
2 29938  98.8277 269.6601 0033306 183.2101 206.6564 14.07595163 12772
FENGYUN 1C DEB          
1 29939U 99025JM  26281.99166052  .00000059  00000+0  54416-4 0  9991
2 29939  98.7231 278.2795 0066368   6.4501  16.1808 14.12142299 16960
FENGYUN 1C DEB          
1 29940U 99025JN  26281.47969545  .00000655  00000+0  32344-3 0  9991
2 29940  98.6196 288.0599 0072742 316.0666 199.7612 14.19442958 17163
FENGYUN 1C DEB          
1 29942U 99025JQ  26281.60701695  .00000903  00000+0  35282-3 0  9998
2 29942  98.6075 349.9947 0050262 115.0737 245.5675 14.31270992 21563
FENGYUN 1C DEB          
1 29943U 99025JR  26281.94487058  .00000116  00000+0  89410-4 0  9999
2 29943  98.7285 285.5849 0036730  98.0367 291.8596 14.09721821 15327
FENGYUN 1C DEB          
1 29944U 99025JS  26281.91224920  .00011859  00000+0  90852-3 0  9991
2 29944  99.0362 263.5600 0152143 352.7059   7.1943 14.93248683 49261
FENGYUN 1C DEB          
1 29945U 99025JT  26281.86557036  .00000320  00000+0  22167-3 0  9998
2 29945  98.7702 301.1809 0030058 236.8225 247.5663 14.05673526 11958
FENGYUN 1C DEB          
1 29946U 99025JU  26281.42179575  .00000294  00000+0  19116-3 0  9999
2 29946  98.8020 271.0657 0079593 217.3416 286.0198 14.08469782 12538
FENGYUN 1C DEB          
1 29947U 99025JV  26281.54250473  .00000418  00000+0  29335-3 0  9992
2 29947  98.8069 307.9378 0039737   4.9618 148.8666 14.03230526  9539
FENGYUN 1C DEB          
1 29948U 99025JW  26281.75651711  .00000160  00000+0  11864-3 0  9998
2 29948  98.8540 265.8944 0085385 111.9058  14.3422 14.06318896 11936
FENGYUN 1C DEB          
1 29949U 99025JX  26281.97755278  .00000170  00000+0  12694-3 0  9999
2 29949  98.7520 293.1376 0024141 176.3348 213.6367 14.06870707 13294
FENGYUN 1C DEB          
1 29950U 99025JY  26281.91212101  .00000081  00000+0  69048-4 0  9995
2 29950  98.7104 309.1267 0034156 111.6585   9.2247 14.10446228 15226
FENGYUN 1C DEB          
1 29953U 99025KB  26281.88684868  .00000401  00000+0  33700-3 0  9998
2 29953  98.9667 263.0437 0105430 167.6714 222.7927 13.91074697   294
FENGYUN 1C DEB          
1 29954U 99025KC  26281.69831255  .00001721  00000+0  59995-3 0  9992
2 29954 100.1294  16.4664 0074424 144.2542 216.3653 14.35425845 24865
FENGYUN 1C DEB          
1 29955U 99025KD  26281.79311199  .00002504  00000+0  80303-3 0  9991
2 29955  99.2733  31.7104 0007938 107.2370  44.2895 14.40471532 23758
FENGYUN 1C DEB          
1 29956U 99025KE  26281.90970117 -.00000116  00000+0 -44097-4 0  9996
2 29956  98.7632 306.6033 0052385 252.4656 228.2585 14.06230184 12646
FENGYUN 1C DEB          
1 29957U 99025KF  26281.89696122  .00010478  00000+0  21737-2 0  9990
2 29957  98.9196  74.5587 0030578 343.1924 170.0294 14.60085772 18317
FENGYUN 1C DEB          
1 29958U 99025KG  26281.95001254  .00000310  00000+0  18083-3 0  9999
2 29958  98.6601 292.4567 0054350 192.7142 167.2664 14.14714433 16891
FENGYUN 1C DEB          
1 29959U 99025KH  26281.52420774  .00000190  00000+0  14038-3 0  9997
2 29959  98.7784 308.4961 0041884 203.6494 315.4071 14.06162298 11533
FENGYUN 1C DEB          
1 29960U 99025KJ  26281.53168473  .00000413  00000+0  21797-3 0  9993
2 29960  98.6445 263.1267 0091801 144.2325 344.1849 14.16838845 16942
FENGYUN 1C DEB          
1 29961U 99025KK  26281.68367635  .00000170  00000+0  87182-4 0  9992
2 29961  98.9144 180.0580 0074801 156.1787 204.2884 14.26426443 25855
FENGYUN 1C DEB          
1 29962U 99025KL  26281.95332094  .00000383  00000+0  23881-3 0  9995
2 29962  98.7692 286.2570 0111192  95.9080 295.3668 14.07325366 12208
FENGYUN 1C DEB          
1 29963U 99025KM  26281.43752123  .00000639  00000+0  26115-3 0  9995
2 29963  98.9684 179.9256 0050902 149.3959 266.5083 14.30216473 24232
FENGYUN 1C DEB          
1 29964U 99025KN  26281.95234126  .00001266  00000+0  77205-3 0  9994
2 29964  98.3642 105.5415 0130582 139.2481 221.8545 14.03486377  5276
FENGYUN 1C DEB          
1 29965U 99025KP  26281.92615836  .00000186  00000+0  15431-3 0  9996
2 29965  98.9826 273.8740 0144531 323.5420  64.8172 13.95915837  4545
FENGYUN 1C DEB          
1 29966U 99025KQ  26281.63955947  .00000435  00000+0  20141-3 0  9996
2 29966  99.4551 157.8755 0038383 211.7554 148.1308 14.26187237 23174
FENGYUN 1C DEB          
1 29967U 99025KR  26281.21329582  .00001894  00000+0  79880-3 0  9995
2 29967  98.8539   5.3545 0076291 148.5511 239.5296 14.25294428 14540
FENGYUN 1C DEB          
1 29968U 99025KS  26281.97462399  .00000310  00000+0  20272-3 0  9996
2 29968  98.8302 269.4981 0088957 229.2467 151.3672 14.07424605 12690
FENGYUN 1C DEB          
1 29969U 99025KT  26281.73253859  .00002455  00000+0  86015-3 0  9999
2 29969  98.7654  15.3819 0041846 242.8644 271.0363 14.35529493 19441
FENGYUN 1C DEB          
1 29970U 99025KU  26281.83097442  .00001214  00000+0  34588-3 0  9996
2 29970  98.8304 226.2973 0090528  11.9504  14.2339 14.44875284 34530
FENGYUN 1C DEB          
1 29971U 99025KV  26281.95556894  .00001040  00000+0  51755-3 0  9993
2 29971  98.6490 319.8537 0022903  27.1243  92.1358 14.19004894 15944
FENGYUN 1C DEB          
1 29972U 99025KW  26281.38869486  .00002733  00000+0  45809-3 0  9998
2 29972  98.9001 324.9964 0061803 162.9516 210.3935 14.69454743 38813
FENGYUN 1C DEB          
1 29973U 99025KX  26281.96909814  .00000581  00000+0  36741-3 0  9997
2 29973  98.8525 280.9608 0059184  27.5051   1.9936 14.07111337  9396
FENGYUN 1C DEB          
1 29974U 99025KY  26281.75026626  .00001659  00000+0  85569-3 0  9995
2 29974  98.8848   9.9537 0044461 307.2903 204.5375 14.16016296 11693
FENGYUN 1C DEB          
1 29975U 99025KZ  26281.61512274  .00000189  00000+0  15687-3 0  9991
2 29975  99.3002 332.2701 0112488 275.5978 238.9809 13.98144422  6230
FENGYUN 1C DEB          
1 29976U 99025LA  26281.94804049  .00000080  00000+0  62376-4 0  9990
2 29976  98.9361 276.5616 0268188 129.3122 264.6407 13.98391251  5328
FENGYUN 1C DEB          
1 29977U 99025LB  26281.53798465  .00000661  00000+0  39674-3 0  9999
2 29977  98.3704 126.4237 0127583 124.3820 265.9531 14.05977600  5632
FENGYUN 1C DEB          
1 29978U 99025LC  26281.95897285  .00000220  00000+0  18858-3 0  9998
2 29978  99.0191 331.8271 0075170 309.2809 173.4562 13.95991098  5032
FENGYUN 1C DEB          
1 29979U 99025LD  26281.61281731  .00000749  00000+0  30871-3 0  9990
2 29979  98.3525 296.3241 0106572   2.1810 121.3245 14.26523653 23482
FENGYUN 1C DEB          
1 29980U 99025LE  26281.95348572  .00000090  00000+0  76082-4 0  9990
2 29980  98.5873  80.2342 0088509 118.5050  33.1875 14.06476774 12094
FENGYUN 1C DEB          
1 29982U 99025LG  26281.88571969  .00001305  00000+0  21223-3 0  9998
2 29982  99.3782 152.2954 0119746  92.7305 332.3848 14.68633865 46878
FENGYUN 1C DEB          
1 29985U 99025LK  26281.61538679  .00000065  00000+0  59903-4 0  9992
2 29985  98.7013 292.1541 0029721  80.8422  35.1378 14.10374284 15751
FENGYUN 1C DEB          
1 29986U 99025LL  26281.77870451  .00002410  00000+0  92957-3 0  9998
2 29986  99.3878  18.0011 0024639 210.8072 301.2030 14.31129933 17705
FENGYUN 1C DEB          
1 29987U 99025LM  26281.67033711  .00002477  00000+0  12250-2 0  9998
2 29987  98.8830 178.0232 0079506  96.5176 294.3808 14.16604918  6153
FENGYUN 1C DEB          
1 29988U 99025LN  26281.80638737  .00006626  00000+0  14320-2 0  9993
2 29988  98.7097  41.9080 0113367 185.0012 330.0945 14.54685128 24215
FENGYUN 1C DEB          
1 29989U 99025LP  26281.92545096  .00000216  00000+0  12139-3 0  9998
2 29989  98.7035 258.3039 0124291  56.4761 324.0463 14.16014180 18556
FENGYUN 1C DEB          
1 29992U 99025LS  26281.93854606  .00000080  00000+0  64942-4 0  9992
2 29992  98.7492 274.3517 0089289  36.4073 353.4605 14.11710547 16239
FENGYUN 1C DEB          
1 29993U 99025LT  26281.89859183  .00000092  00000+0  78406-4 0  9996
2 29993  98.7574 315.3504 0039163 185.7740 174.2984 14.08228040 13951
FENGYUN 1C DEB          
1 29994U 99025LU  26281.96104465  .00000569  00000+0  36614-3 0  9994
2 29994  98.7972 309.6000 0130485  96.0136  20.3473 14.02804674  9353
FENGYUN 1C DEB          
1 29996U 99025LW  26281.65236410  .00001780  00000+0  94048-3 0  9999
2 29996  99.2894 334.1596 0128217 331.4522 180.2431 14.11071614  3615
FENGYUN 1C DEB          
1 29997U 99025LX  26281.95377716  .00000889  00000+0  60226-3 0  9998
2 29997  98.8841 289.3784 0078355 212.6238 176.5675 14.01374742  5903
FENGYUN 1C DEB          
1 29998U 99025LY  26281.68687628  .00001278  00000+0  51824-3 0  9992
2 29998  99.2853   6.7326 0005886 169.3382 190.7924 14.29636464 21592
FENGYUN 1C DEB          
1 29999U 99025LZ  26281.89965071  .00000639  00000+0  26668-3 0  9995
2 29999  98.6076 262.8874 0187472 338.2001  50.2210 14.20639180 19845
FENGYUN 1C DEB          
1 30001U 99025MA  26281.25968271  .00003871  00000+0  11721-2 0  9990
2 30001  98.9533  15.2987 0034813 284.5597  98.6593 14.42562408 17389
FENGYUN 1C DEB          
1 30003U 99025MC  26281.94156608  .00000202  00000+0  19941-3 0  9999
2 30003  99.6081 268.8806 0143634  45.2017 343.8408 13.85845892996466
FENGYUN 1C DEB          
1 30004U 99025MD  26281.83144860  .00000812  00000+0  41884-3 0  9993
2 30004  99.2202 119.3295 0037086 215.3286 214.0645 14.17796211 15573
FENGYUN 1C DEB          
1 30005U 99025ME  26281.29186952  .00001000  00000+0  10675-2 0  9995
2 30005  99.3290 230.8033 0346493  55.4525 307.8805 13.52903061969966
FENGYUN 1C DEB          
1 30007U 99025MG  26281.73549182  .00002091  00000+0  85661-3 0  9993
2 30007  99.1691 202.3496 0060653 234.1484 155.3606 14.27332842 16334
FENGYUN 1C DEB          
1 30008U 99025MH  26281.94008818  .00007850  00000+0  12301-2 0  9991
2 30008  99.3839 287.8173 0035719 357.3204  25.1736 14.72606916 34710
FENGYUN 1C DEB          
1 30009U 99025MJ  26281.64357159  .00000662  00000+0  42668-3 0  9998
2 30009  98.9906 339.3738 0062724 215.6829 144.0139 14.05621630  6933
FENGYUN 1C DEB          
1 30010U 99025MK  26281.52420638  .00000113  00000+0  66038-4 0  9999
2 30010  99.0508 128.4923 0074006  68.4389 322.5678 14.25130303 25294
FENGYUN 1C DEB          
1 30012U 99025MM  26281.65730344  .00000165  00000+0  16956-3 0  9993
2 30012  99.4231 342.2493 0136917  67.7792  82.5344 13.85926209997026
FENGYUN 1C DEB          
1 30013U 99025MN  26281.97325443  .00000164  00000+0  16669-3 0  9999
2 30013  99.5548 313.7999 0126982 325.4092 150.8548 13.87988554998468
FENGYUN 1C DEB          
1 30015U 99025MQ  26281.59003696  .00000724  00000+0  28822-3 0  9998
2 30015  99.2184 307.9255 0036951 340.7930 171.5193 14.31607498 24562
FENGYUN 1C DEB          
1 30016U 99025MR  26281.85540170  .00008573  00000+0  98687-3 0  9997
2 30016  98.8831 332.1730 0041000 168.0732 246.2380 14.85422997 39019
FENGYUN 1C DEB          
1 30017U 99025MS  26281.61082591  .00000354  00000+0  61350-4 0  9997
2 30017  98.7143 348.0953 0215013 331.3866  27.5668 14.61759416 48245
FENGYUN 1C DEB          
1 30018U 99025MT  26281.53775756  .00001946  00000+0  26711-3 0  9990
2 30018  98.7577  33.1701 0111181 333.9943  83.7079 14.75588322 48550
FENGYUN 1C DEB          
1 30020U 99025MV  26281.95292655  .00000532  00000+0  30974-3 0  9997
2 30020  98.8529 283.4724 0181695 310.2499  77.6428 14.04905858  8710
FENGYUN 1C DEB          
1 30021U 99025MW  26281.94467716 -.00000199  00000+0 -94552-4 0  9993
2 30021  98.8593 271.0463 0072917 165.6630 222.9405 14.04989525 11481
FENGYUN 1C DEB          
1 30022U 99025MX  26281.56512519  .00000047  00000+0  40176-4 0  9997
2 30022  99.0353 143.2916 0068162 129.1891 261.6111 14.23210969 24559
FENGYUN 1C DEB          
1 30023U 99025MY  26281.81111193  .00000436  00000+0  26052-3 0  9997
2 30023  99.2723 131.0339 0045789 305.9438 113.5453 14.12247254 14310
FENGYUN 1C DEB          
1 30028U 99025ND  26281.95407575  .00002107  00000+0  39475-3 0  9999
2 30028  98.1663 272.6716 0172634  16.8047  10.6273 14.56706723 40912
FENGYUN 1C DEB          
1 30035U 99025NL  26281.80152909  .00000068  00000+0  38351-4 0  9996
2 30035  99.2856 224.8951 0113524 267.9871 120.5456 14.37100905 34346
FENGYUN 1C DEB          
1 30036U 99025NM  26281.53188885  .00001132  00000+0  26005-3 0  9994
2 30036  98.2268 305.6723 0187929  13.4356 140.5579 14.47167373 35083
FENGYUN 1C DEB          
1 30037U 99025NN  26281.86515038  .00000205  00000+0  76413-4 0  9994
2 30037  98.4206 254.4045 0171549 241.2663 147.2534 14.34445200 30904
FENGYUN 1C DEB          
1 30038U 99025NP  26281.91290772  .00000686  00000+0  16169-3 0  9990
2 30038  98.3957 268.4542 0253400 280.2905 107.1195 14.40025720 32114
FENGYUN 1C DEB          
1 30040U 99025NR  26281.61216723  .00002821  00000+0  91271-3 0  9994
2 30040  98.2249 290.5974 0032870 127.0477   0.6579 14.39460386 22259
FENGYUN 1C DEB          
1 30041U 99025NS  26281.83484749  .00000418  00000+0  24647-3 0  9997
2 30041  99.4939  50.9495 0035412 103.4507  49.2963 14.13610664 15236
FENGYUN 1C DEB          
1 30043U 99025NU  26281.70334796  .00000873  00000+0  26571-3 0  9994
2 30043  98.6305  19.6482 0278018 337.5454  21.3746 14.24796980 16088
FENGYUN 1C DEB          
1 30044U 99025NV  26281.46357748  .00005471  00000+0  12298-2 0  9999
2 30044  98.2085 200.7275 0075269 325.4379  34.1937 14.55128511 23915
FENGYUN 1C DEB          
1 30045U 99025NW  26281.59583221  .00002064  00000+0  88647-3 0  9998
2 30045  99.1653 334.4658 0089323 337.0057 184.5816 14.23780379  9534
FENGYUN 1C DEB          
1 30047U 99025NY  26281.47817637  .00000397  00000+0  31379-3 0  9995
2 30047  99.9406 106.1072 0124686 246.4234 169.7426 13.94840021   885
FENGYUN 1C DEB          
1 30048U 99025NZ  26281.54583566  .00000155  00000+0  16253-3 0  9991
2 30048  98.6310 126.9726 0186940 154.7580 234.6632 13.80046026992618
FENGYUN 1C DEB          
1 30050U 99025PB  26281.67986912  .00000483  00000+0  39969-3 0  9993
2 30050  96.8166 165.7713 0167654 253.9566 128.3684 13.85654898993551
FENGYUN 1C DEB          
1 30052U 99025PD  26281.61728889  .00000392  00000+0  34618-3 0  9991
2 30052  99.2751 303.6891 0289135 166.0192 319.0887 13.73271423986707
FENGYUN 1C DEB          
1 30053U 99025PE  26281.92536472  .00004438  00000+0  20957-2 0  9996
2 30053  98.6069  80.2402 0323876 223.7246 291.9972 13.96159792991721
FENGYUN 1C DEB          
1 30054U 99025PF  26281.33775558  .00000256  00000+0  26237-3 0  9994
2 30054  99.3398 310.5884 0275308 305.7409  65.7294 13.70154295984514
FENGYUN 1C DEB          
1 30056U 99025PH  26281.86522975  .00001630  00000+0  12589-2 0  9998
2 30056  98.3514  75.0434 0296680 119.1442 243.9749 13.75246115980990
FENGYUN 1C DEB          
1 30057U 99025PJ  26281.62405733  .00000541  00000+0  60920-3 0  9998
2 30057  98.8605 326.5415 0290923  91.2815  57.3566 13.57693917973046
FENGYUN 1C DEB          
1 30058U 99025PK  26281.95150787  .00000384  00000+0  50230-3 0  9999
2 30058  99.6563 281.6069 0315420 126.6762 267.0731 13.48590065968946
FENGYUN 1C DEB          
1 30059U 99025PL  26279.88397965  .00000078  00000+0  14387-3 0  9993
2 30059  98.8532 245.1776 0325812 266.4235 117.8566 13.45639886968072
FENGYUN 1C DEB          
1 30060U 99025PM  26281.56407734  .00000874  00000+0  10926-2 0  9997
2 30060  99.2896 131.4304 0346114  43.8144  11.8049 13.44457029962710
FENGYUN 1C DEB          
1 30061U 99025PN  26281.96906595  .00001109  00000+0  12661-2 0  9991
2 30061 101.9039  93.1156 0364365 288.1848 228.0680 13.47925608961429
FENGYUN 1C DEB          
1 30062U 99025PP  26281.98770728  .00000228  00000+0  15956-3 0  9993
2 30062  98.7797 287.6470 0047586 282.6245 105.1671 14.07451032 11283
FENGYUN 1C DEB          
1 30063U 99025PQ  26281.91212241  .00000068  00000+0  55636-4 0  9990
2 30063  98.5593 253.2383 0032171 354.8669  32.7466 14.15698716 19134
FENGYUN 1C DEB          
1 30064U 99025PR  26281.61326362  .00000184  00000+0  11614-3 0  9994
2 30064  98.6584 288.5677 0065080 335.3301 147.3617 14.14447330 17441
FENGYUN 1C DEB          
1 30065U 99025PS  26281.81734812  .00000065  00000+0  85259-4 0  9995
2 30065  98.7240 239.0848 0130032 292.9354  65.8126 13.87019409998313
FENGYUN 1C DEB          
1 30066U 99025PT  26281.94713227  .00000166  00000+0  92396-4 0  9999
2 30066  98.6589 270.2259 0118489 116.0559 272.7804 14.19284772 20947
FENGYUN 1C DEB          
1 30067U 99025PU  26281.31295770  .00000526  00000+0  14700-3 0  9991
2 30067  98.7327 181.0444 0149142 200.5447 284.8946 14.44373944 35191
FENGYUN 1C DEB          
1 30068U 99025PV  26281.92072004  .00000106  00000+0  68989-4 0  9995
2 30068  98.7645 267.7822 0188977 215.0082 143.8547 14.12226031 15785
FENGYUN 1C DEB          
1 30069U 99025PW  26281.52851889  .00000338  00000+0  23243-3 0  9998
2 30069  98.8346 260.1802 0047974 293.1534 189.1158 14.05443861 10566
FENGYUN 1C DEB          
1 30070U 99025PX  26281.56045733  .00001958  00000+0  66586-3 0  9993
2 30070  98.2550 323.1601 0324358 174.9402 345.5508 14.11896636  1061
FENGYUN 1C DEB          
1 30071U 99025PY  26281.82124416  .00006072  00000+0  13460-2 0  9993
2 30071  98.6666  36.8498 0035507 269.6269 244.7311 14.57118966 25885
FENGYUN 1C DEB          
1 30072U 99025PZ  26281.96058602  .00005842  00000+0  17451-2 0  9990
2 30072  99.0955  93.6430 0054657 109.0470 251.6649 14.42488569 14946
FENGYUN 1C DEB          
1 30073U 99025QA  26281.51509419  .00001627  00000+0  77403-3 0  9990
2 30073  99.4299 278.6410 0052529 153.9520   3.1954 14.20213585 11738
FENGYUN 1C DEB          
1 30074U 99025QB  26281.66783929  .00001423  00000+0  73920-3 0  9991
2 30074  99.1121 358.7444 0093377  27.8012 332.8106 14.14166975  8705
FENGYUN 1C DEB          
1 30075U 99025QC  26281.67306792  .00000007  00000+0  38472-4 0  9993
2 30075  99.3203 339.4294 0091689  87.7601  63.1667 13.92623843  2315
FENGYUN 1C DEB          
1 30076U 99025QD  26281.89217043  .00000168  00000+0  19276-3 0  9996
2 30076  99.2682 265.3583 0175720  23.0922   6.4989 13.76469745990237
FENGYUN 1C DEB          
1 30077U 99025QE  26281.97754160  .00000151  00000+0  11557-3 0  9998
2 30077  98.7478 293.0885 0022175 136.7419 253.4280 14.07114687 13349
FENGYUN 1C DEB          
1 30078U 99025QF  26281.72884013  .00002633  00000+0  11277-2 0  9998
2 30078  98.8177   2.7962 0051294 132.0358  19.2221 14.25030325 13836
FENGYUN 1C DEB          
1 30079U 99025QG  26281.97092887  .00000711  00000+0  48775-3 0  9995
2 30079  98.9959 338.3608 0086118 188.2249 296.4587 14.01016021  7418
FENGYUN 1C DEB          
1 30080U 99025QH  26281.85775208  .00000246  00000+0  14904-3 0  9999
2 30080  98.7326 258.5812 0131674 288.6638  93.5496 14.11022986 14704
FENGYUN 1C DEB          
1 30081U 99025QJ  26281.92847406  .00000473  00000+0  35228-3 0  9992
2 30081  98.9410 275.3530 0074715 228.9756 160.7705 13.98532464  5469
FENGYUN 1C DEB          
1 30082U 99025QK  26281.49978698  .00032281  00000+0  88967-3 0  9993
2 30082  98.8389 268.0416 0041701 226.1097 133.6696 15.36183755 58648
FENGYUN 1C DEB          
1 30086U 99025QP  26281.59035407  .00000104  00000+0  91297-4 0  9990
2 30086  98.8785 313.8818 0061382  18.7360 132.7063 14.04103521  8990
FENGYUN 1C DEB          
1 30087U 99025QQ  26281.54740966  .00000442  00000+0  12662-3 0  9992
2 30087  98.3493 310.2302 0226788 305.2771 210.2084 14.36248346 29969
FENGYUN 1C DEB          
1 30088U 99025QR  26281.90330278  .00000863  00000+0  24567-3 0  9998
2 30088  98.3851 262.8864 0201414  70.1609 321.5823 14.36568698 29793
FENGYUN 1C DEB          
1 30089U 99025QS  26281.71141373  .00000363  00000+0  15205-3 0  9998
2 30089  98.8919 198.9696 0074731  56.5958 333.6532 14.30630143 27676
FENGYUN 1C DEB          
1 30090U 99025QT  26281.54792436  .00000286  00000+0  12975-3 0  9998
2 30090  99.4074 123.5075 0056912 334.4830  50.8909 14.29560405 25529
FENGYUN 1C DEB          
1 30092U 99025QV  26281.50976868  .00000693  00000+0  22650-3 0  9992
2 30092  98.9215 118.1960 0083240  84.3814 306.0368 14.39916427 30545
FENGYUN 1C DEB          
1 30093U 99025QW  26281.51651683  .00001323  00000+0  38239-3 0  9990
2 30093  98.8350 173.4237 0067907 160.7605 323.0103 14.45017225 31323
FENGYUN 1C DEB          
1 30095U 99025QY  26281.90037655  .00010506  00000+0  88038-3 0  9997
2 30095  99.2424 256.5202 0143997 103.0708 258.6623 14.90863805 37953
FENGYUN 1C DEB          
1 30096U 99025QZ  26281.71465261  .00000383  00000+0  15478-3 0  9995
2 30096  99.1398  21.8140 0080024  83.3283 277.6999 14.32105431 28357
FENGYUN 1C DEB          
1 30099U 99025RC  26281.14128628  .00000288  00000+0  13479-3 0  9991
2 30099  98.5095 350.4009 0062733  89.6522 301.0540 14.26276309 24529
FENGYUN 1C DEB          
1 30102U 99025RF  26281.98208270  .00000374  00000+0  16843-3 0  9994
2 30102  98.3848 280.1346 0140682 202.6184 185.1222 14.22445829 22259
FENGYUN 1C DEB          
1 30103U 99025RG  26281.52757481  .00000628  00000+0  28133-3 0  9995
2 30103  99.2657 284.4173 0062717 344.6551 137.1306 14.25411181 21896
FENGYUN 1C DEB          
1 30104U 99025RH  26281.49187618  .00000723  00000+0  30937-3 0  9992
2 30104  98.3527 109.8689 0072080 308.0386  80.2518 14.26425532 21630
FENGYUN 1C DEB          
1 30105U 99025RJ  26281.90093764  .00000464  00000+0  19082-3 0  9997
2 30105  98.6231 265.8526 0196512 283.6800  74.2568 14.21891505 20263
FENGYUN 1C DEB          
1 30106U 99025RK  26281.82980137  .00149115  00000+0  54323-2 0  9991
2 30106  98.9102 239.5527 0012611 304.3752  86.0705 15.27480453 30423
FENGYUN 1C DEB          
1 30107U 99025RL  26281.96046348  .00000020  00000+0  30122-4 0  9998
2 30107  98.8054 340.4150 0127949 141.0319 220.0161 14.14537927 18043
FENGYUN 1C DEB          
1 30108U 99025RM  26281.93649016  .00000303  00000+0  14244-3 0  9997
2 30108  98.6899 265.8665 0195568 239.2025 146.4475 14.17538050 18507
FENGYUN 1C DEB          
1 30109U 99025RN  26281.49375649  .00000487  00000+0  22420-3 0  9995
2 30109  98.5311 267.9909 0168485  86.8081  35.9740 14.17989443 18004
FENGYUN 1C DEB          
1 30110U 99025RP  26281.70084907  .00000141  00000+0  20487-3 0  9993
2 30110  98.9103   7.2682 0266760 300.2037  57.2929 13.56356517975810
FENGYUN 1C DEB          
1 30112U 99025RR  26281.93929080  .00001009  00000+0  38465-3 0  9999
2 30112  99.3076 277.5772 0198842 334.0989  25.0337 14.23084983 18504
FENGYUN 1C DEB          
1 30113U 99025RS  26281.60156359  .00003390  00000+0  90945-3 0  9991
2 30113  99.0202 158.7671 0035843 186.5926 203.5714 14.48492198 22441
FENGYUN 1C DEB          
1 30114U 99025RT  26281.93732443  .00000288  00000+0  18259-3 0  9993
2 30114  98.7560 281.0382 0081032 351.4244  40.0700 14.09845530 13843
FENGYUN 1C DEB          
1 30115U 99025RU  26281.88635711  .00001172  00000+0  55067-3 0  9999
2 30115  98.5990 306.2747 0065334 272.0267 212.3781 14.20802955 15891
FENGYUN 1C DEB          
1 30116U 99025RV  26281.76433728  .00002410  00000+0  92949-3 0  9997
2 30116  99.3898  21.3978 0021724 197.9003 313.9856 14.31182980 17925
FENGYUN 1C DEB          
1 30117U 99025RW  26281.91550209  .00000282  00000+0  17031-3 0  9993
2 30117  98.8308 268.2174 0164912  84.8673 306.6979 14.07359134 12111
FENGYUN 1C DEB          
1 30118U 99025RX  26281.98747753  .00000033  00000+0  46058-4 0  9999
2 30118  98.8108 282.0816 0083393 298.0929  88.4036 14.05226300 11465
FENGYUN 1C DEB          
1 30119U 99025RY  26281.86216694  .00001893  00000+0  77201-3 0  9990
2 30119  97.9420 251.3792 0129417 123.5011 267.8171 14.23894014 14309
FENGYUN 1C DEB          
1 30120U 99025RZ  26281.76764089  .00002121  00000+0  82875-3 0  9995
2 30120  98.8435  12.8653 0060745  60.3679  91.2038 14.29642429 16523
FENGYUN 1C DEB          
1 30121U 99025SA  26281.95382117  .00005756  00000+0  16924-2 0  9993
2 30121 102.1610  74.4302 0028388  95.9457  62.7429 14.44119470 18585
FENGYUN 1C DEB          
1 30123U 99025SC  26281.11715325  .00001307  00000+0  41705-3 0  9998
2 30123  96.9164 164.8654 0223175 250.7095 106.9834 14.27739250 15151
FENGYUN 1C DEB          
1 30124U 99025SD  26281.63343128  .00000917  00000+0  45167-3 0  9996
2 30124  99.1048 346.9376 0139964 339.2717 177.9821 14.15168458 11533
FENGYUN 1C DEB          
1 30125U 99025SE  26281.29087338  .00004186  00000+0  10090-2 0  9995
2 30125  98.7300  23.4171 0335980 193.9478 231.3132 14.24686609 11831
FENGYUN 1C DEB          
1 30127U 99025SG  26281.54838355  .00004352  00000+0  12944-2 0  9993
2 30127  98.1890 130.6430 0079793 256.4031 102.8262 14.41815988 15504
FENGYUN 1C DEB          
1 30128U 99025SH  26281.58210547  .00006841  00000+0  15776-2 0  9996
2 30128  96.9893 234.3348 0094999 257.3622 161.6597 14.52773708 16437
FENGYUN 1C DEB          
1 30129U 99025SJ  26281.71068514  .00000364  00000+0  22767-3 0  9990
2 30129  98.0351 193.3447 0183507 316.8841  70.8747 14.01982231  6807
FENGYUN 1C DEB          
1 30131U 99025SL  26281.76169441  .00002824  00000+0  12175-2 0  9993
2 30131  99.0770  27.4840 0077199  20.3030 133.2870 14.23770156  9546
FENGYUN 1C DEB          
1 30132U 99025SM  26281.86383194  .00000449  00000+0  35263-3 0  9993
2 30132  99.6139 252.4160 0104487 323.2265  65.6634 13.95142253  2754
FENGYUN 1C DEB          
1 30133U 99025SN  26281.84742126  .00001143  00000+0  67443-3 0  9993
2 30133  98.3520  70.5080 0084448 124.8428  36.4371 14.07832659  5998
FENGYUN 1C DEB          
1 30134U 99025SP  26281.99395222  .00000539  00000+0  30683-3 0  9995
2 30134  98.6785 297.3898 0019631  51.8705 338.1418 14.13795308 14855
FENGYUN 1C DEB          
1 30136U 99025SR  26277.92461296  .00000265  00000+0  20930-3 0  9990
2 30136  98.5197 154.2532 0128108 326.6470  45.7183 13.95612434  1764
FENGYUN 1C DEB          
1 30138U 99025ST  26281.66389949  .00001021  00000+0  49115-3 0  9999
2 30138  98.7310 336.6080 0019319 357.6838 154.1909 14.20904359 16591
FENGYUN 1C DEB          
1 30139U 99025SU  26279.46650447  .00001456  00000+0  86763-3 0  9991
2 30139  98.3574 104.5757 0129505 165.5724 262.2628 14.04615431  3768
FENGYUN 1C DEB          
1 30140U 99025SV  26281.68428654  .00001559  00000+0  71640-3 0  9995
2 30140  98.8056 349.1555 0042185 169.1955 342.3974 14.22211394 13942
FENGYUN 1C DEB          
1 30141U 99025SW  26281.50932929  .00005519  00000+0  12439-2 0  9992
2 30141  99.0202 231.5295 0013580 211.6294 148.4087 14.56750327 25977
FENGYUN 1C DEB          
1 30142U 99025SX  26281.71398276  .00001873  00000+0  99687-3 0  9997
2 30142  99.1172   7.2940 0102373 187.1066 172.8659 14.12045543  5314
FENGYUN 1C DEB          
1 30143U 99025SY  26281.95907831  .00001362  00000+0  85649-3 0  9993
2 30143  98.7469  98.4970 0101739 169.9162 344.4245 14.03465415  4179
FENGYUN 1C DEB          
1 30144U 99025SZ  26281.94268080  .00000217  00000+0  19076-3 0  9998
2 30144  99.0317 271.6852 0125423 192.0269 198.4634 13.92154663   151
FENGYUN 1C DEB          
1 30145U 99025TA  26281.83418661  .00003015  00000+0  14771-2 0  9994
2 30145  99.2764  48.3667 0084975  24.5259 127.0559 14.16763367  4407
FENGYUN 1C DEB          
1 30146U 99025TB  26281.85725834  .00000387  00000+0  31878-3 0  9997
2 30146  98.0575  44.6722 0176993   9.1102 142.2763 13.87002453995778
FENGYUN 1C DEB          
1 30148U 99025TD  26281.93339388  .00000582  00000+0  48285-3 0  9990
2 30148  99.5813  83.9405 0134496 117.0453  35.5763 13.88955759996834
FENGYUN 1C DEB          
1 30150U 99025TF  26281.29444242  .00000475  00000+0  40730-3 0  9996
2 30150  99.0308  51.4800 0146151 246.1491 141.9237 13.86967602996103
FENGYUN 1C DEB          
1 30151U 99025TG  26281.51387022  .00000448  00000+0  39191-3 0  9993
2 30151  99.0653 284.3356 0161984 192.1356 292.6029 13.84933218993947
FENGYUN 1C DEB          
1 30152U 99025TH  26281.57974979  .00002196  00000+0  13991-2 0  9994
2 30152  99.0771 141.0538 0165158 343.0583  16.5105 13.98231801995669
FENGYUN 1C DEB          
1 30153U 99025TJ  26281.54820161  .00000487  00000+0  45535-3 0  9996
2 30153 100.4655 308.2443 0197822 323.9259 190.4891 13.79330461989073
FENGYUN 1C DEB          
1 30154U 99025TK  26281.04949103  .00001136  00000+0  88176-3 0  9990
2 30154  98.4293 298.7088 0180943  96.4442 329.7437 13.86880751991322
FENGYUN 1C DEB          
1 30155U 99025TL  26281.88169681  .00002101  00000+0  18348-2 0  9994
2 30155  99.7483   6.9292 0234014 288.3093  69.2727 13.75298477979888
FENGYUN 1C DEB          
1 30156U 99025TM  26281.43172206  .00001000  00000+0  84039-3 0  9991
2 30156  98.9363 237.4122 0196112 177.3271 307.1774 13.81739066988282
FENGYUN 1C DEB          
1 30157U 99025TN  26281.28994674  .00003354  00000+0  89821-3 0  9994
2 30157  98.7209  32.1200 0032709  14.1305  12.8832 14.48611519 24006
FENGYUN 1C DEB          
1 30160U 99025TR  26281.74049285  .00000681  00000+0  88008-3 0  9994
2 30160  98.8976 200.7712 0342940  91.1893 301.2715 13.43287827964419
FENGYUN 1C DEB          
1 30161U 99025TS  26281.96554924  .00000811  00000+0  96744-3 0  9991
2 30161 100.5176 291.4497 0325515 252.1080 134.6381 13.50515576966115
FENGYUN 1C DEB          
1 30162U 99025TT  26281.62489073  .00001472  00000+0  16264-2 0  9999
2 30162  99.4675 330.6469 0312439 313.1564 200.8138 13.54475183967195
FENGYUN 1C DEB          
1 30163U 99025TU  26281.73688302  .00000863  00000+0  11133-2 0  9991
2 30163  98.7031 359.9103 0371395 196.2888 319.9050 13.39457758959601
FENGYUN 1C DEB          
1 30167U 99025TY  26281.80239087  .00000658  00000+0  16504-3 0  9995
2 30167  98.9698  30.6026 0141077 335.3671 176.2132 14.49423686 37035
FENGYUN 1C DEB          
1 30168U 99025TZ  26281.59153792  .00003751  00000+0  80746-3 0  9996
2 30168  97.3637 323.8799 0092519 286.6138  72.4919 14.56333522 26639
FENGYUN 1C DEB          
1 30169U 99025UA  26281.69201586  .00005755  00000+0  82676-3 0  9993
2 30169  98.3125 358.4729 0192268  11.8213 139.2431 14.64957615 21005
FENGYUN 1C DEB          
1 30170U 99025UB  26281.91027528  .00000225  00000+0  17485-3 0  9995
2 30170  98.8808 264.7921 0079019 161.6931 228.7329 14.00642080  6136
FENGYUN 1C DEB          
1 30171U 99025UC  26281.54309030  .00000511  00000+0  33968-3 0  9998
2 30171  98.3706 118.1662 0185506 147.3535 213.9259 13.97035743  4484
FENGYUN 1C DEB          
1 30172U 99025UD  26281.96906713  .00001557  00000+0  82569-3 0  9998
2 30172  99.2559 275.9853 0069759  80.0513 306.8304 14.13925231  7581
FENGYUN 1C DEB          
1 30173U 99025UE  26281.67836609  .00001492  00000+0  80211-3 0  9993
2 30173  98.9598 357.5013 0081862 163.2969 351.2076 14.12743403  7773
FENGYUN 1C DEB          
1 30174U 99025UF  26281.51469047  .00043059  00000+0  27163-2 0  9996
2 30174  98.7736 110.9911 0010125 162.7806 223.1561 15.08923677 28488
FENGYUN 1C DEB          
1 30175U 99025UG  26281.97093956  .00000285  00000+0  27175-3 0  9997
2 30175  99.3432 341.9015 0146385 133.9113 352.1148 13.84105122994934
FENGYUN 1C DEB          
1 30177U 99025UJ  26280.76413786  .00001105  00000+0  72974-3 0  9991
2 30177  98.6361 196.8149 0447669  70.2337 357.6380 13.63571236975379
FENGYUN 1C DEB          
1 30178U 99025UK  26281.80582933  .00001015  00000+0  11286-2 0  9997
2 30178 102.2575 234.7409 0278067 162.7361 230.0429 13.59548506972484
FENGYUN 1C DEB          
1 30181U 99025UN  26281.76240069  .00002591  00000+0  98926-3 0  9994
2 30181  98.8365  14.6663 0041774 200.4977 311.5810 14.31175613 17821
FENGYUN 1C DEB          
1 30182U 99025UP  26281.60412725  .00000332  00000+0  26556-3 0  9999
2 30182  99.0244 332.4422 0073663 279.4246 236.4870 13.96568974  4825
FENGYUN 1C DEB          
1 30183U 99025UQ  26281.63095061  .00000521  00000+0  30071-3 0  9990
2 30183  98.7567 322.7966 0027500 121.8904  30.4625 14.13148298 13727
FENGYUN 1C DEB          
1 30191U 99025UY  26281.74323184  .00003985  00000+0  47725-3 0  9992
2 30191  98.7647  25.3110 0090392  33.2985 126.0568 14.81874323 47136
FENGYUN 1C DEB          
1 30193U 99025VA  26281.25986498  .00001984  00000+0  48229-3 0  9990
2 30193  98.7510 206.1599 0104113 309.5541 204.9835 14.50826023 35085
FENGYUN 1C DEB          
1 30196U 99025VD  26281.75812459  .00000032  00000+0  31017-4 0  9994
2 30196  98.6358  14.8671 0084743 268.1101 244.3161 14.25928106 26379
FENGYUN 1C DEB          
1 30197U 99025VE  26281.83288212  .00001479  00000+0  49084-3 0  9996
2 30197  98.9554 224.4372 0058352  51.2648 334.0032 14.38402091 28002
FENGYUN 1C DEB          
1 30198U 99025VF  26281.88280762  .00002661  00000+0  60867-3 0  9990
2 30198  98.4811  60.3525 0101199   1.2202 149.6125 14.53431840 28509
FENGYUN 1C DEB          
1 30199U 99025VG  26281.56554742  .00001494  00000+0  47151-3 0  9992
2 30199  98.3640 303.3909 0078222 127.7569  23.4503 14.39932403 27238
FENGYUN 1C DEB          
1 30200U 99025VH  26281.52094691  .00000167  00000+0  86792-4 0  9994
2 30200  99.0901 131.2190 0145946 322.5733  36.5349 14.22471003 22408
FENGYUN 1C DEB          
1 30201U 99025VJ  26281.42658737  .00000470  00000+0  22802-3 0  9999
2 30201  99.4390  81.4748 0029324 181.7716 178.3361 14.23457088 20794
FENGYUN 1C DEB          
1 30202U 99025VK  26281.74239997  .00007327  00000+0  16158-2 0  9992
2 30202  98.6458  34.1549 0036729 218.5085 141.3491 14.57255147 26496
FENGYUN 1C DEB          
1 30205U 99025VN  26281.28775606  .00000114  00000+0  12281-3 0  9997
2 30205  99.0150  27.1877 0121561  89.0238 298.0696 13.88228042997940
FENGYUN 1C DEB          
1 30206U 99025VP  26281.98140291  .00000704  00000+0  17091-3 0  9990
2 30206  98.2439 279.5347 0142707 194.9734 164.7215 14.50049886 37509
FENGYUN 1C DEB          
1 30207U 99025VQ  26281.21933142  .00000075  00000+0  84568-4 0  9997
2 30207  98.5801   9.0626 0260520  58.5497 331.3802 13.79272796991913
FENGYUN 1C DEB          
1 30208U 99025VR  26281.79469998  .00000562  00000+0  26146-3 0  9992
2 30208  98.5723 280.0745 0034712 115.4043  10.7674 14.24075226 20987
FENGYUN 1C DEB          
1 30209U 99025VS  26281.93829550  .00000240  00000+0  14968-3 0  9995
2 30209  98.7297 276.1060 0040439 103.5435 286.7737 14.13197650 14474
FENGYUN 1C DEB          
1 30210U 99025VT  26281.64240767  .00000452  00000+0  28499-3 0  9991
2 30210  99.1581 341.4567 0055563  21.3819 133.4485 14.08776282  9797
FENGYUN 1C DEB          
1 30212U 99025VV  26281.63400221 -.00000038  00000+0  54699-5 0  9999
2 30212  99.4177 160.0924 0097196 143.2674 217.5201 13.97320610  4136
FENGYUN 1C DEB          
1 30213U 99025VW  26281.69284110  .00001484  00000+0  80180-3 0  9990
2 30213  99.1119   8.2177 0070523 122.9094  34.3781 14.12960071  7497
FENGYUN 1C DEB          
1 30214U 99025VX  26280.45554722  .00002132  00000+0  79560-3 0  9994
2 30214  98.7083 359.9101 0021150 238.4457 182.9109 14.32862562 17767
FENGYUN 1C DEB          
1 30217U 99025WA  26281.88211030  .00000419  00000+0  17844-3 0  9990
2 30217  98.4642 259.5997 0138028 301.4858  57.2895 14.25217793 23467
FENGYUN 1C DEB          
1 30218U 99025WB  26281.76592169  .00003323  00000+0  12289-2 0  9997
2 30218  98.9874  25.9623 0068019 104.4636  47.7559 14.31782357 13963
FENGYUN 1C DEB          
1 30221U 99025WE  26281.77186514  .00000702  00000+0  18633-3 0  9993
2 30221  98.9605  31.2138 0143126 225.0255 133.9262 14.46366775 37389
FENGYUN 1C DEB          
1 30222U 99025WF  26281.58677020 -.00000132  00000+0 -55951-4 0  9994
2 30222  98.8086 311.3626 0036188 277.4963 234.4514 14.04158359 10471
FENGYUN 1C DEB          
1 30224U 99025WH  26281.40876544  .00000195  00000+0  18695-3 0  9999
2 30224  99.4479 330.3218 0110609 260.2569 167.1170 13.90081625999041
FENGYUN 1C DEB          
1 30225U 99025WJ  26281.55906942  .00000162  00000+0  10062-3 0  9996
2 30225  98.6344 304.2634 0098328 307.3906 205.6068 14.15359932 17724
FENGYUN 1C DEB          
1 30229U 99025WN  26281.78084932  .00005750  00000+0  10780-2 0  9995
2 30229  99.0447  15.2522 0035978 201.1555 316.4796 14.64799796 33036
FENGYUN 1C DEB          
1 30231U 99025WQ  26281.94607818  .00000709  00000+0  38006-3 0  9991
2 30231  98.7684 325.7239 0126442 256.6251 226.7067 14.12256732 12556
FENGYUN 1C DEB          
1 30232U 99025WR  26281.84528100  .00001649  00000+0  27655-3 0  9999
2 30232  98.6639 143.6319 0131872 138.1419 282.4863 14.65634694 41421
FENGYUN 1C DEB          
1 30234U 99025WT  26281.54030619  .00000371  00000+0  20124-3 0  9996
2 30234  98.6307 288.5865 0064779 293.8035 190.5229 14.17211750 17007
FENGYUN 1C DEB          
1 30235U 99025WU  26281.96903691  .00000509  00000+0  28346-3 0  9999
2 30235  98.7351 296.2830 0154781 109.6635 280.7900 14.09140752 11207
FENGYUN 1C DEB          
1 30237U 99025WW  26281.85543760  .00004526  00000+0  13211-2 0  9993
2 30237  98.8358  40.3176 0015165 138.3681  20.8420 14.44520611 20238
FENGYUN 1C DEB          
1 30239U 99025WY  26281.60547745  .00011238  00000+0  22436-1 0  9991
2 30239  99.5319 336.4414 1424709 223.3782 124.6111 11.43341312579565
FENGYUN 1C DEB          
1 30241U 99025XA  26281.86425963  .00000294  00000+0  17613-3 0  9992
2 30241  99.1906  65.3529 0144980 322.7689 193.5904 14.09829116 11418
FENGYUN 1C DEB          
1 30242U 99025XB  26281.54429251  .00000635  00000+0  32981-3 0  9996
2 30242  98.6538 313.5862 0009709 267.5240 249.0489 14.18215914 16729
FENGYUN 1C DEB          
1 30243U 99025XC  26281.60560978  .00000410  00000+0  24093-3 0  9992
2 30243  98.6889 289.3889 0011888 350.8234 133.9922 14.13379068 15074
FENGYUN 1C DEB          
1 30244U 99025XD  26281.21925966  .00000343  00000+0  19995-3 0  9992
2 30244  99.1140 182.8618 0009056 179.3730 332.9561 14.15369676 15792
FENGYUN 1C DEB          
1 30245U 99025XE  26281.88886098  .00000714  00000+0  63610-3 0  9993
2 30245  98.9142 256.7335 0191234 166.3144 194.3298 13.79730544988324
FENGYUN 1C DEB          
1 30246U 99025XF  26281.74603892  .00000031  00000+0  82480-4 0  9997
2 30246  98.7084  27.2455 0370388  66.3541  86.2812 13.37164997961498
FENGYUN 1C DEB          
1 30247U 99025XG  26281.74156862  .00007813  00000+0  11123-2 0  9997
2 30247  98.2641 195.3346 0170077 130.2743 259.1547 14.67616193 16724
FENGYUN 1C DEB          
1 30248U 99025XH  26281.57143935  .00009851  00000+0  16829-2 0  9998
2 30248  99.0842 142.1058 0026714 318.9070  41.0120 14.68909485 17763
FENGYUN 1C DEB          
1 30249U 99025XJ  26281.52893674  .00008782  00000+0  15978-2 0  9992
2 30249  98.9611 116.4537 0021410 207.7114 178.2287 14.66232193 19351
FENGYUN 1C DEB          
1 30250U 99025XK  26281.90055075  .00000735  00000+0  50057-3 0  9999
2 30250  98.7740 267.1067 0066894 106.8261 283.6326 14.01906342  6975
FENGYUN 1C DEB          
1 30251U 99025XL  26281.56681987  .00000570  00000+0  23650-3 0  9995
2 30251  99.0219 136.1616 0050830 179.6679 209.1786 14.29891895 24261
FENGYUN 1C DEB          
1 30252U 99025XM  26281.55044682  .00000429  00000+0  26089-3 0  9992
2 30252  98.7337 292.9735 0067458 112.7713  41.2222 14.10115006 11880
FENGYUN 1C DEB          
1 30253U 99025XN  26281.17821568  .00001377  00000+0  12685-2 0  9996
2 30253  98.7334 348.8790 0219355 321.7813  92.0515 13.74025645981252
FENGYUN 1C DEB          
1 30257U 99025XS  26281.98070694  .00000154  00000+0  11034-3 0  9995
2 30257  98.7641 277.4690 0058092 331.0270  54.2002 14.09862173 14457
FENGYUN 1C DEB          
1 30259U 99025XU  26281.57806478  .00000965  00000+0  17175-3 0  9991
2 30259  98.7230 151.0065 0241280  78.1415 313.7649 14.52441454 38256
FENGYUN 1C DEB          
1 30263U 99025XY  26279.78017649  .00001686  00000+0  10268-2 0  9996
2 30263  98.9507  34.3183 0144397 251.6979 265.2584 14.02482553  1909
FENGYUN 1C DEB          
1 30264U 99025XZ  26281.98899514  .00001013  00000+0  58321-3 0  9998
2 30264  98.9474 339.9610 0106980 166.2610 316.6078 14.08593781  7830
FENGYUN 1C DEB          
1 30265U 99025YA  26281.30721230  .00006315  00000+0  11911-2 0  9997
2 30265  98.6787  50.0337 0026922 167.7622 222.7171 14.64638801 27803
FENGYUN 1C DEB          
1 30266U 99025YB  26281.70691404  .00001462  00000+0  73458-3 0  9994
2 30266  99.0241 354.9880 0081046 294.5961 228.5947 14.16437869 10351
FENGYUN 1C DEB          
1 30267U 99025YC  26281.20018002  .00001628  00000+0  69898-3 0  9994
2 30267  98.8345 359.2843 0058452 100.4203 260.3571 14.25209590 15574
FENGYUN 1C DEB          
1 30270U 99025YF  26281.55194046  .00000135  00000+0  97842-4 0  9992
2 30270  98.6949 290.9783 0007797  41.8974 116.2525 14.11386398 15899
FENGYUN 1C DEB          
1 30272U 99025YH  26281.68046206  .00001385  00000+0  71887-3 0  9990
2 30272  98.8827 353.4447 0047875 330.9514  28.8997 14.15877198 10986
FENGYUN 1C DEB          
1 30273U 99025YJ  26281.52461037  .00000213  00000+0  16125-3 0  9990
2 30273  98.8310 292.2661 0061796 132.5759  19.1698 14.03105298  7335
FENGYUN 1C DEB          
1 30274U 99025YK  26281.97351122  .00006121  00000+0  13819-2 0  9993
2 30274  99.3187  89.3467 0001954  22.8833 128.7246 14.56691626 25741
FENGYUN 1C DEB          
1 30275U 99025YL  26281.94921693  .00004252  00000+0  11269-2 0  9997
2 30275  98.6220  16.8722 0035106   1.0518  57.8715 14.48902665 24141
FENGYUN 1C DEB          
1 30276U 99025YM  26281.69565119  .00001575  00000+0  64368-3 0  9991
2 30276  98.8433   2.1639 0023340 293.9148  65.9588 14.28599298 17897
FENGYUN 1C DEB          
1 30277U 99025YN  26281.91168281  .00001168  00000+0  58694-3 0  9999
2 30277  98.9519 358.5049 0121162  48.2313  11.8772 14.14709958 10296
FENGYUN 1C DEB          
1 30279U 99025YQ  26281.83844557  .00000974  00000+0  35151-3 0  9996
2 30279  99.1775 234.2753 0215819 294.3302  92.6738 14.24102371 18814
FENGYUN 1C DEB          
1 30280U 99025YR  26281.93492293  .00000122  00000+0  11180-3 0  9996
2 30280  98.8013 263.8402 0079857 215.9724 170.1435 13.98556873  5703
FENGYUN 1C DEB          
1 30281U 99025YS  26281.93393902  .00000150  00000+0  10732-3 0  9997
2 30281  98.7821 269.4661 0029680 106.8987 282.5057 14.10677231 14544
FENGYUN 1C DEB          
1 30282U 99025YT  26281.93437887  .00000239  00000+0  12240-3 0  9993
2 30282  98.5139 275.6416 0208676 220.6269 168.4506 14.13290573 15909
FENGYUN 1C DEB          
1 30283U 99025YU  26281.96679751  .00000123  00000+0  94797-4 0  9995
2 30283  98.8882 272.9536 0181935 287.1335  95.7580 14.02111616  8994
FENGYUN 1C DEB          
1 30284U 99025YV  26281.65927442  .00002113  00000+0  82169-3 0  9995
2 30284  98.7025 355.1486 0034664 309.7136 208.8002 14.30559486 17557
FENGYUN 1C DEB          
1 30286U 99025YX  26281.97067432  .00000077  00000+0  63217-4 0  9997
2 30286  98.6966 282.5758 0063867 359.1755  29.7114 14.12820479 16961
FENGYUN 1C DEB          
1 30287U 99025YY  26281.59481448  .00000928  00000+0  61690-3 0  9990
2 30287  98.6172 290.2521 0410220 294.3973 194.4442 13.69374062979613
FENGYUN 1C DEB          
1 30288U 99025YZ  26281.77202417  .00002991  00000+0  10631-2 0  9998
2 30288  99.3962  34.0349 0022631 181.3638 340.1771 14.35075755 18653
FENGYUN 1C DEB          
1 30289U 99025ZA  26281.53107847  .00002915  00000+0  11752-2 0  9995
2 30289  98.9299  29.2267 0038050 182.1954 239.0849 14.28387148 13504
FENGYUN 1C DEB          
1 30290U 99025ZB  26281.24701015  .00042880  00000+0  34010-2 0  9999
2 30290 102.6044 203.2215 0009785 322.6139 193.8715 15.00343453 23314
FENGYUN 1C DEB          
1 30291U 99025ZC  26281.56948384  .00006028  00000+0  11515-2 0  9996
2 30291  97.2107 136.4448 0099443 140.9950 249.7788 14.61058653 20657
FENGYUN 1C DEB          
1 30293U 99025ZE  26281.09913907  .00001305  00000+0  33696-3 0  9997
2 30293  99.2305 145.9078 0073985 305.3222 208.3583 14.50360578 33138
FENGYUN 1C DEB          
1 30294U 99025ZF  26281.89000580  .00000427  00000+0  13221-3 0  9996
2 30294  98.3823 266.3312 0197559 133.1480 258.0612 14.35491821 28419
FENGYUN 1C DEB          
1 30295U 99025ZG  26281.98991587  .00000198  00000+0  98251-4 0  9995
2 30295  98.4882 300.0547 0091979 284.6397 103.8788 14.25257099 24468
FENGYUN 1C DEB          
1 30297U 99025ZJ  26281.86518985  .00013168  00000+0  26909-2 0  9991
2 30297  98.8367 240.8894 0358663 324.7541  59.2771 14.27544132994271
FENGYUN 1C DEB          
1 30298U 99025ZK  26281.74527406  .00002107  00000+0  96559-3 0  9997
2 30298  99.0011  23.2481 0044328 348.1344 173.7413 14.21965368 10880
FENGYUN 1C DEB          
1 30299U 99025ZL  26281.16184626  .00001553  00000+0  87807-3 0  9997
2 30299  99.0793   0.5712 0103167 249.7010 171.3587 14.09078299  4878
FENGYUN 1C DEB          
1 30300U 99025ZM  26278.79416689  .00003558  00000+0  13683-2 0  9999
2 30300  99.0309   3.5179 0073527 157.6716 332.4017 14.29562830 11956
FENGYUN 1C DEB          
1 30301U 99025ZN  26281.42100522  .00009046  00000+0  17352-2 0  9995
2 30301  98.6447  89.3806 0057097  88.5267 302.3242 14.62927213 15868
FENGYUN 1C DEB          
1 30302U 99025ZP  26281.20160038  .00002500  00000+0  12382-2 0  9996
2 30302  98.5433 181.1623 0106781 341.2180  18.5067 14.15190011  2705
FENGYUN 1C DEB          
1 30303U 99025ZQ  26281.72352184  .00003516  00000+0  13732-2 0  9997
2 30303  99.0116  13.3208 0075601 137.8571 222.8456 14.28692772 12364
FENGYUN 1C DEB          
1 30304U 99025ZR  26281.67694731  .00001546  00000+0  77590-3 0  9993
2 30304  99.0179   3.0643 0072190 275.6269  83.6675 14.16763257 10580
FENGYUN 1C DEB          
1 30305U 99025ZS  26281.70576080  .00000171  00000+0  21786-3 0  9993
2 30305  98.5930 190.7411 0265593  35.9835 354.0687 13.60358175978526
FENGYUN 1C DEB          
1 30306U 99025ZT  26281.56216641  .00001548  00000+0  58227-3 0  9991
2 30306  98.5632 322.7156 0111782 196.5153 163.2377 14.29513226 19513
FENGYUN 1C DEB          
1 30309U 99025ZW  26281.42094899 -.00000011  00000+0  23833-4 0  9999
2 30309  99.1883 342.2467 0093949  98.3469 262.8356 13.93710317  2061
FENGYUN 1C DEB          
1 30310U 99025ZX  26281.97996676  .00000689  00000+0  32554-3 0  9994
2 30310  98.6508 295.0571 0238404 225.6632 132.4781 14.09076212  9581
FENGYUN 1C DEB          
1 30311U 99025ZY  26281.23402271  .00000160  00000+0  18066-3 0  9993
2 30311  99.1354  10.7787 0165659 122.7927 238.9305 13.78098883990859
FENGYUN 1C DEB          
1 30312U 99025ZZ  26281.28112979  .00005022  00000+0  13056-2 0  9997
2 30312  98.8600  19.9940 0008998  39.2675  24.6966 14.50088571 22556
FENGYUN 1C DEB          
1 30313U 99025AAA 26281.73941812  .00002824  00000+0  11433-2 0  9998
2 30313  98.8703  16.9301 0057871 186.1131 327.2570 14.27669291 13632
FENGYUN 1C DEB          
1 30314U 99025AAB 26281.40415411  .00001351  00000+0  83173-3 0  9999
2 30314  98.4017  93.5854 0142445 231.0228 127.8179 14.02171451  2838
FENGYUN 1C DEB          
1 30315U 99025AAC 26281.98677961  .00000390  00000+0  20457-3 0  9991
2 30315  98.6005 287.7494 0034492 210.3068 178.2589 14.19412673 19665
FENGYUN 1C DEB          
1 30316U 99025AAD 26281.31636754  .00005924  00000+0  11962-2 0  9992
2 30316  98.6584  41.1903 0034521 196.2709 163.7385 14.61431678 27050
FENGYUN 1C DEB          
1 30317U 99025AAE 26281.96221780 -.00000045  00000+0 -13998-5 0  9998
2 30317  98.7984 279.1692 0025623 149.6177 210.6484 14.07074936 12324
FENGYUN 1C DEB          
1 30320U 99025AAH 26280.69072806  .00000125  00000+0  11427-3 0  9994
2 30320  99.1491 344.9165 0086048 194.0672 291.8120 13.98696800  5750
FENGYUN 1C DEB          
1 30321U 99025AAJ 26281.98401911  .00000358  00000+0  19593-3 0  9991
2 30321  98.6695 278.1975 0061715  95.2892 290.2255 14.16962660 17967
FENGYUN 1C DEB          
1 30322U 99025AAK 26281.51881115  .00000944  00000+0  54733-3 0  9995
2 30322  98.3722 122.5693 0125623 119.1767 242.2040 14.07054085  4116
FENGYUN 1C DEB          
1 30325U 99025AAL 26281.90021195  .00000179  00000+0  12724-3 0  9999
2 30325  98.7174 296.7754 0017164 123.2379 237.0440 14.09191296 12327
FENGYUN 1C DEB          
1 30326U 99025AAM 26281.61226339  .00000094  00000+0  10863-3 0  9993
2 30326  98.6106 150.5388 0140752 292.7985  65.8356 13.85580770996086
FENGYUN 1C DEB          
1 30327U 99025AAN 26281.66348547  .00002671  00000+0  11891-2 0  9999
2 30327  98.4251 166.7530 0117661 354.2653  32.1261 14.20033341  6972
FENGYUN 1C DEB          
1 30328U 99025AAP 26281.85032587  .00000124  00000+0  89859-4 0  9997
2 30328  98.6844 287.8149 0006010  37.9005  83.1348 14.12604918 14959
FENGYUN 1C DEB          
1 30329U 99025AAQ 26281.74045466  .00000251  00000+0  23433-3 0  9992
2 30329  99.2634 203.3576 0140923 311.4527  76.4323 13.86989342995696
FENGYUN 1C DEB          
1 30330U 99025AAR 26281.74857845  .00001037  00000+0  86180-3 0  9997
2 30330  98.9077 262.6733 0187627  96.1571  29.1595 13.82940503988034
FENGYUN 1C DEB          
1 30331U 99025AAS 26281.61472767  .00000667  00000+0  48122-3 0  9992
2 30331  98.9249 313.4243 0095014 259.8574 225.5719 13.98115498  3049
FENGYUN 1C DEB          
1 30332U 99025AAT 26281.89978498  .00000295  00000+0  30766-3 0  9997
2 30332  99.7505 265.4432 0177690  43.6522 347.0192 13.76973917988460
FENGYUN 1C DEB          
1 30334U 99025AAV 26281.76451839  .00001352  00000+0  97886-3 0  9991
2 30334  99.0231  18.8297 0143257 242.0290 272.1139 13.93480410993981
FENGYUN 1C DEB          
1 30335U 99025AAW 26281.96618929  .00000197  00000+0  14685-3 0  9991
2 30335  98.9314 271.4117 0136453  18.1373   5.9844 14.01528676  7937
FENGYUN 1C DEB          
1 30336U 99025AAX 26281.98462696  .00000393  00000+0  20419-3 0  9992
2 30336  98.5827 298.9766 0042621 218.7574 171.6116 14.19677039 18595
FENGYUN 1C DEB          
1 30338U 99025AAZ 26281.67095378  .00002336  00000+0  39400-3 0  9998
2 30338  98.4318 356.9782 0261926   0.1065 153.7149 14.50364877 24898
FENGYUN 1C DEB          
1 30339U 99025ABA 26281.84068682  .00004504  00000+0  13834-2 0  9997
2 30339  98.9781  47.7592 0020685 265.4669 246.6451 14.41999008 17444
FENGYUN 1C DEB          
1 30340U 99025ABB 26281.66721598 -.00000065  00000+0 -12066-4 0  9999
2 30340  98.9605 340.2481 0145521  19.5158 130.8877 14.04713011  9913
FENGYUN 1C DEB          
1 30341U 99025ABC 26281.68402628  .00004516  00000+0  14940-2 0  9996
2 30341  99.2101 195.4695 0045656 270.8486 111.7497 14.37892027 13877
FENGYUN 1C DEB          
1 30342U 99025ABD 26281.57828400  .00000478  00000+0  45354-3 0  9992
2 30342 100.1851 129.3293 0168702  71.8028 351.0444 13.80401098990259
FENGYUN 1C DEB          
1 30344U 99025ABF 26281.79842269  .00006203  00000+0  13946-2 0  9990
2 30344  98.8167  24.9718 0005817 271.4565 240.6088 14.56837504 24396
FENGYUN 1C DEB          
1 30345U 99025ABG 26281.65415702  .00003688  00000+0  10720-2 0  9995
2 30345  98.9058 359.8669 0016308  80.9652 279.3383 14.44847324 21010
FENGYUN 1C DEB          
1 30346U 99025ABH 26281.79375450  .00004115  00000+0  13853-2 0  9992
2 30346  98.8127  29.7817 0054926 217.2189 304.8579 14.36781650 17176
FENGYUN 1C DEB          
1 30347U 99025ABJ 26281.93593860  .00000043  00000+0  58439-4 0  9993
2 30347  98.4020  82.8470 0148781 278.7236 234.8462 13.92902989  1401
FENGYUN 1C DEB          
1 30348U 99025ABK 26281.79166764  .00003291  00000+0  11057-2 0  9998
2 30348  98.8668  30.2363 0020193 205.9377 314.6930 14.37764092 18389
FENGYUN 1C DEB          
1 30349U 99025ABL 26281.80473433  .00001609  00000+0  85822-3 0  9998
2 30349  98.6043 236.9401 0084254 236.2919 153.4393 14.12881772  4600
FENGYUN 1C DEB          
1 30350U 99025ABM 26281.38018368  .00000654  00000+0  52202-3 0  9990
2 30350  98.1267  63.7371 0218690 202.0269 184.6342 13.83343374991242
FENGYUN 1C DEB          
1 30352U 99025ABP 26281.87525787  .00000237  00000+0  16466-3 0  9993
2 30352  98.7463 298.7694 0028317 189.5645 292.9081 14.07763699 11258
FENGYUN 1C DEB          
1 30355U 99025ABS 26281.95918510  .00000799  00000+0  39337-3 0  9990
2 30355  98.5948 282.2349 0053500 160.8899 228.6407 14.19527426 15977
FENGYUN 1C DEB          
1 30356U 99025ABT 26281.95578704  .00000700  00000+0  38781-3 0  9992
2 30356  98.6996 273.6516 0052853 151.5670 236.3893 14.13705554 12455
FENGYUN 1C DEB          
1 30357U 99025ABU 26281.88422778  .00000351  00000+0  24013-3 0  9999
2 30357  98.7799 305.0624 0048962 206.1127 277.4468 14.05381147 10178
FENGYUN 1C DEB          
1 30358U 99025ABV 26281.97048725  .00001795  00000+0  79842-3 0  9999
2 30358  98.5560 107.0084 0082337  47.8928 107.3950 14.22295381 11807
FENGYUN 1C DEB          
1 30359U 99025ABW 26281.69187635  .00002464  00000+0  17011-2 0  9996
2 30359 101.6157 189.5263 0144322 317.8115  41.2003 13.95685083992513
FENGYUN 1C DEB          
1 30360U 99025ABX 26281.19654831  .00001731  00000+0  71079-3 0  9991
2 30360  98.7467 356.2094 0027415 355.3033  30.7176 14.28160151 16713
FENGYUN 1C DEB          
1 30361U 99025ABY 26281.55644624  .00001286  00000+0  54048-3 0  9993
2 30361  98.5444 315.4375 0064032 233.5289 125.9981 14.26437349 18900
FENGYUN 1C DEB          
1 30362U 99025ABZ 26281.76194211  .00002548  00000+0  13192-2 0  9995
2 30362  99.0511 212.8781 0088374 218.4686 141.0165 14.13837177  4032
FENGYUN 1C DEB          
1 30363U 99025ACA 26279.50372831  .00001414  00000+0  68791-3 0  9998
2 30363  99.0155   0.2670 0076780 270.6515  88.5862 14.18365856 10268
FENGYUN 1C DEB          
1 30364U 99025ACB 26281.18591964  .00001995  00000+0  56669-3 0  9991
2 30364  98.1222 178.6327 0319199 162.4538 351.4263 14.20554376998880
FENGYUN 1C DEB          
1 30365U 99025ACC 26281.91839883  .00000363  00000+0  16859-3 0  9993
2 30365  98.6387 273.7227 0165988 325.4557  62.7978 14.19541321 18524
FENGYUN 1C DEB          
1 30366U 99025ACD 26281.26362828  .00000789  00000+0  29157-3 0  9999
2 30366  98.9308 213.2959 0063510  62.5991  93.8979 14.34212732 26164
FENGYUN 1C DEB          
1 30368U 99025ACF 26281.77861123  .00000282  00000+0  29822-3 0  9996
2 30368  99.1993  22.1137 0185467 236.4077 288.4251 13.75548452987860
FENGYUN 1C DEB          
1 30369U 99025ACG 26281.92068778  .00000263  00000+0  15835-3 0  9997
2 30369  98.7373 276.4703 0100305  62.8609 326.6145 14.12269306 14847
FENGYUN 1C DEB          
1 30370U 99025ACH 26281.67783432  .00001397  00000+0  64061-3 0  9996
2 30370  99.0330 349.1020 0100994 181.5037 330.5564 14.20334772 13504
FENGYUN 1C DEB          
1 30371U 99025ACJ 26281.59195878  .00001485  00000+0  57572-3 0  9996
2 30371  98.5495 325.1168 0008590 161.3756 352.1625 14.31447698 21894
FENGYUN 1C DEB          
1 30374U 99025ACM 26281.71221226  .00005451  00000+0  10128-2 0  9992
2 30374  99.2486 186.9942 0038932 339.3292  48.4632 14.65173997 33096
FENGYUN 1C DEB          
1 30377U 99025ACQ 26281.99116557  .00000615  00000+0  42431-3 0  9995
2 30377  98.8800 297.6301 0118298 154.4236 236.5653 13.99463328  4076
FENGYUN 1C DEB          
1 30379U 99025ACS 26281.52798602  .00000121  00000+0  94954-4 0  9993
2 30379  98.7492 292.2909 0036844 151.5663 359.8979 14.08296331 10297
FENGYUN 1C DEB          
1 30380U 99025ACT 26281.67688558  .00000573  00000+0  13004-3 0  9996
2 30380  98.8750 351.4777 0176346  33.6380 327.5861 14.51315542 39147
FENGYUN 1C DEB          
1 30381U 99025ACU 26281.57190180  .00001054  00000+0  57097-3 0  9990
2 30381  98.7892 316.7262 0053047 302.4991  57.1061 14.13940187964023
FENGYUN 1C DEB          
1 30382U 99025ACV 26281.58851147  .00001069  00000+0  40877-3 0  9993
2 30382  98.4715 315.5958 0153138 197.9406 314.6944 14.26413826 18057
FENGYUN 1C DEB          
1 30385U 99025ACY 26281.57896306  .00000439  00000+0  14432-3 0  9999
2 30385  99.0518 324.3815 0125731 127.3725  27.5846 14.39233346 30794
FENGYUN 1C DEB          
1 30386U 99025ACZ 26281.57271660  .00001124  00000+0  12205-2 0  9997
2 30386  98.6679 146.7404 0304006  97.7956 295.2441 13.56398034968933
FENGYUN 1C DEB          
1 30387U 99025ADA 26281.97024576  .00000334  00000+0  19313-3 0  9994
2 30387  98.6470 293.0352 0001087  77.0275 312.5585 14.15337789 15716
FENGYUN 1C DEB          
1 30388U 99025ADB 26281.53346292  .00000550  00000+0  21949-3 0  9997
2 30388  98.5815 298.7909 0218365 274.9159 239.4457 14.20425046 16836
FENGYUN 1C DEB          
1 30389U 99025ADC 26281.77019193  .00004310  00000+0  11734-2 0  9999
2 30389  98.8328  20.5157 0011412  53.3370  99.6342 14.47941747 21210
FENGYUN 1C DEB          
1 30390U 99025ADD 26281.73992793  .00002064  00000+0  77119-3 0  9997
2 30390  98.8152  14.2370 0064269   8.1958 143.5998 14.31831729 16741
FENGYUN 1C DEB          
1 30391U 99025ADE 26281.63259392  .00001178  00000+0  58908-3 0  9998
2 30391  98.7559 328.3385 0072251 124.6906  26.3800 14.17294655 11137
FENGYUN 1C DEB          
1 30392U 99025ADF 26281.97511682  .00000728  00000+0  39148-3 0  9994
2 30392  98.7703 297.3640 0179010 229.8768 158.3902 14.08031654  8877
FENGYUN 1C DEB          
1 30393U 99025ADG 26281.63994932  .00000470  00000+0  34784-3 0  9996
2 30393  99.1248 343.7289 0071233 155.2692 359.0732 13.99085992  5183
FENGYUN 1C DEB          
1 30394U 99025ADH 26281.60234117  .00000028  00000+0  52485-4 0  9994
2 30394  99.4020 321.5208 0088941   9.7439 141.4089 13.95974892  2879
FENGYUN 1C DEB          
1 30395U 99025ADJ 26281.56821058  .00000517  00000+0  36191-3 0  9994
2 30395  98.9205 293.4443 0158359 279.5272 204.7665 13.97054670  2047
FENGYUN 1C DEB          
1 30396U 99025ADK 26281.44523538  .00000074  00000+0  87214-4 0  9995
2 30396  98.2467 255.7913 0134636  21.4345 130.9558 13.87252376997340
FENGYUN 1C DEB          
1 30397U 99025ADL 26281.84509969  .00000799  00000+0  52339-3 0  9995
2 30397  98.4371  51.0348 0147665 329.8841 183.5932 13.99542374999613
FENGYUN 1C DEB          
1 30398U 99025ADM 26280.57841499  .00000191  00000+0  20954-3 0  9996
2 30398  99.6940 189.2169 0171916 236.4842 246.8960 13.78949695988755
FENGYUN 1C DEB          
1 30400U 99025ADP 26281.79703123  .00001865  00000+0  82568-3 0  9994
2 30400  99.1621 220.8229 0215474 213.7268 174.6886 14.12832113997487
FENGYUN 1C DEB          
1 30401U 99025ADQ 26281.63423994  .00000211  00000+0  97567-4 0  9993
2 30401  98.9057 170.2822 0106736 338.4610  21.2097 14.28201461 25858
FENGYUN 1C DEB          
1 30403U 99025ADS 26281.94169148  .00002987  00000+0  12901-2 0  9996
2 30403  99.0528  13.6822 0074698 241.0425 118.3248 14.23739067 10751
FENGYUN 1C DEB          
1 30404U 99025ADT 26277.17875018  .00000486  00000+0  69298-3 0  9991
2 30404  99.8260   2.9502 0382366 143.8170 218.9483 13.34756646619777
FENGYUN 1C DEB          
1 30405U 99025ADU 26281.74888285  .00001966  00000+0  75702-3 0  9991
2 30405  98.7957  23.7425 0047211 357.2505 157.0784 14.30880392 16775
FENGYUN 1C DEB          
1 30406U 99025ADV 26281.58028017  .00000756  00000+0  82429-3 0  9993
2 30406  98.6020 141.6288 0278825 296.5131  88.5039 13.59984638972411
FENGYUN 1C DEB          
1 30408U 99025ADX 26281.76069767  .00005725  00000+0  18594-2 0  9994
2 30408  99.0213 259.5387 0044806 148.2803 335.2132 14.38681999658453
FENGYUN 1C DEB          
1 30409U 99025ADY 26281.91195053  .00000541  00000+0  32430-3 0  9997
2 30409  98.5031 254.7952 0164957 237.0970 148.2534 14.04347896  6401
FENGYUN 1C DEB          
1 30411U 99025AEA 26281.67527238  .00001887  00000+0  10316-2 0  9999
2 30411  98.5684 182.7849 0123627 337.0930  22.4755 14.09321787  2050
FENGYUN 1C DEB          
1 30413U 99025AEC 26281.48423810  .00002946  00000+0  10368-2 0  9995
2 30413 102.0665 276.4909 0043872 152.2047 358.7014 14.35564198 14307
FENGYUN 1C DEB          
1 30414U 99025AED 26281.94028290  .00003033  00000+0  10172-2 0  9991
2 30414  99.1007 100.4739 0055918  30.2684 330.1711 14.37164395 13873
FENGYUN 1C DEB          
1 30415U 99025AEE 26281.48486265  .00000888  00000+0  88365-3 0  9996
2 30415  99.6320 347.0425 0233108 219.0755 271.4389 13.69634459979802
FENGYUN 1C DEB          
1 30416U 99025AEF 26281.87221298  .00000009  00000+0  32729-4 0  9992
2 30416  98.8126 301.9902 0056340  73.2381 287.4957 14.02822319  8323
FENGYUN 1C DEB          
1 30417U 99025AEG 26281.95999971  .00000316  00000+0  18241-3 0  9995
2 30417  98.7180 269.5966 0063449 343.8865  42.1635 14.14950129 16280
FENGYUN 1C DEB          
1 30418U 99025AEH 26281.48556113  .00004073  00000+0  41065-3 0  9995
2 30418  98.8483 120.0501 0102358 238.6080 150.0243 14.87965598 50454
FENGYUN 1C DEB          
1 30419U 99025AEJ 26281.84950370  .00000716  00000+0  36416-3 0  9993
2 30419  99.2677 246.4465 0050232 257.5576 131.9728 14.18699853 16045
FENGYUN 1C DEB          
1 30432U 99025AET 26281.68539802  .00000864  00000+0  26943-3 0  9991
2 30432  98.8186 195.3791 0081239 165.8448 194.5044 14.41638419 30559
FENGYUN 1C DEB          
1 30434U 99025AEV 26281.88887501  .00000312  00000+0  26594-3 0  9997
2 30434  99.0279 264.8398 0121724 134.3700 256.4324 13.90885999998796
FENGYUN 1C DEB          
1 30435U 99025AEW 26281.88905613  .00002700  00000+0  21975-2 0  9993
2 30435  99.0325 259.8230 0209067  30.1893 359.8668 13.81043236983019
FENGYUN 1C DEB          
1 30436U 99025AEX 26281.20043200  .00003130  00000+0  12909-2 0  9990
2 30436  98.4076 167.5375 0098029 340.0062 172.4598 14.24910034  6997
FENGYUN 1C DEB          
1 30437U 99025AEY 26281.90969775  .00019606  00000+0  15084-2 0  9994
2 30437  98.8884 347.2168 0023309 212.2833 202.2500 15.01529007 36711
FENGYUN 1C DEB          
1 30438U 99025AEZ 26281.49397310  .00001006  00000+0  74673-3 0  9994
2 30438  98.7432 286.9437 0134855  82.5735 279.0727 13.93006142994788
FENGYUN 1C DEB          
1 30439U 99025AFA 26281.59435300  .00000170  00000+0  12164-3 0  9996
2 30439  98.7455 289.5485 0037843 205.5026 282.5276 14.09169707 10024
FENGYUN 1C DEB          
1 30441U 99025AFC 26281.08493052  .00000308  00000+0  30733-3 0  9996
2 30441  99.1225   4.0029 0184388 183.4965 176.4910 13.77971589989927
FENGYUN 1C DEB          
1 30442U 99025AFD 26281.75420964  .00003130  00000+0  11815-2 0  9998
2 30442  98.8683  25.8801 0055065 135.3322 225.2315 14.31227398 14499
FENGYUN 1C DEB          
1 30443U 99025AFE 26281.39677085  .00003330  00000+0  10676-2 0  9993
2 30443  98.8628 242.9977 0023758 166.2223 193.9618 14.40027516 17425
FENGYUN 1C DEB          
1 30445U 99025AFG 26281.87000914  .00000894  00000+0  22939-3 0  9997
2 30445  98.8720 253.1371 0102730 193.6983 166.1418 14.49931013 35309
FENGYUN 1C DEB          
1 30446U 99025AFH 26281.71649396  .00003244  00000+0  88794-3 0  9997
2 30446  98.6054  13.8337 0032063 269.5580  90.1938 14.47585711 25140
FENGYUN 1C DEB          
1 30447U 99025AFJ 26281.64313623  .00005619  00000+0  11144-2 0  9993
2 30447  98.9534 172.2751 0050860 196.4247 193.8682 14.61851829 24621
FENGYUN 1C DEB          
1 30448U 99025AFK 26281.77816363  .00003181  00000+0  10683-2 0  9996
2 30448  98.8324  25.9375 0018535 202.3409 309.8633 14.37827118 16470
FENGYUN 1C DEB          
1 30450U 99025AFM 26281.50569995  .00002671  00000+0  40858-3 0  9997
2 30450  98.0701 294.3401 0183631 345.9144 167.3691 14.63859856 39194
FENGYUN 1C DEB          
1 30452U 99025AFP 26281.48517675  .00008940  00000+0  13113-2 0  9992
2 30452  99.3346 108.2568 0040323  51.1787 338.6696 14.75283481 24988
FENGYUN 1C DEB          
1 30453U 99025AFQ 26281.90148727  .00001750  00000+0  69747-3 0  9995
2 30453  98.7946 359.8659 0113310  76.8966 344.6169 14.26360403 15127
FENGYUN 1C DEB          
1 30454U 99025AFR 26281.32464689  .00004223  00000+0  17855-2 0  9990
2 30454  98.1366 231.4069 0170433  41.3217 113.7201 14.18456933  1990
FENGYUN 1C DEB          
1 30462U 99025AFZ 26281.94023977 -.00000081  00000+0 -21746-4 0  9994
2 30462  98.8440 267.9791 0140247 127.0477 261.9393 14.06456592 10092
FENGYUN 1C DEB          
1 30464U 99025AGB 26281.96597402  .00000093  00000+0  72005-4 0  9992
2 30464  98.7946 331.3987 0110040 129.6888 352.3743 14.10331320 12912
FENGYUN 1C DEB          
1 30465U 99025AGC 26281.78730941  .00003212  00000+0  11113-2 0  9997
2 30465  98.8275  21.7638 0017892 220.0818 293.7246 14.36354271 16606
FENGYUN 1C DEB          
1 30466U 99025AGD 26281.61479352  .00001339  00000+0  56552-3 0  9991
2 30466  98.6305 321.2401 0115596 233.4058 281.2803 14.23695454 16168
FENGYUN 1C DEB          
1 30467U 99025AGE 26281.59279781  .00001042  00000+0  51815-3 0  9991
2 30467  98.6540 306.8663 0062952 346.5386 136.9069 14.18164615 14146
FENGYUN 1C DEB          
1 30468U 99025AGF 26281.18121686  .00001753  00000+0  78769-3 0  9993
2 30468  98.9127  10.7247 0071322 258.4127 130.3029 14.22381842 10446
FENGYUN 1C DEB          
1 30469U 99025AGG 26281.47641654  .00001137  00000+0  75316-3 0  9999
2 30469  98.4602 113.8051 0159298  52.4184 338.0485 13.97264070998916
FENGYUN 1C DEB          
1 30471U 99025AGJ 26281.20301648  .00001456  00000+0  74913-3 0  9995
2 30471  99.0512  17.7984 0081859 129.4657 260.8434 14.15122212  6660
FENGYUN 1C DEB          
1 30472U 99025AGK 26281.79115312  .00007177  00000+0  15248-2 0  9992
2 30472  98.6624  39.3362 0035156 237.5644 277.1929 14.59015061 24049
FENGYUN 1C DEB          
1 30474U 99025AGM 26281.76344714  .00003587  00000+0  11256-2 0  9997
2 30474  98.9226  17.9591 0025766 195.3781 318.8723 14.41008666 17071
FENGYUN 1C DEB          
1 30475U 99025AGN 26281.77818690  .00000854  00000+0  44700-3 0  9993
2 30475  98.7685 323.9586 0044109 154.0553 269.0886 14.16451083 11960
FENGYUN 1C DEB          
1 30476U 99025AGP 26281.63722644  .00001572  00000+0  71982-3 0  9992
2 30476  99.1031 333.5763 0046372 163.6536 348.0531 14.22365408 11031
FENGYUN 1C DEB          
1 30477U 99025AGQ 26281.65310256  .00001347  00000+0  19749-2 0  9999
2 30477  99.4189 341.9123 0429303 276.3797 241.0847 13.24445051946888
FENGYUN 1C DEB          
1 30480U 99025AGS 26281.88028191  .00000508  00000+0  17083-3 0  9990
2 30480  98.2188 286.9894 0164175 329.0339 149.2174 14.34023007 29690
FENGYUN 1C DEB          
1 30481U 99025AGT 26281.56171462  .00001253  00000+0  30853-3 0  9994
2 30481  98.3235 295.7998 0222598  77.6252  45.5149 14.40013916 27897
FENGYUN 1C DEB          
1 30489U 99025AHB 26281.97647020  .00000324  00000+0  16731-3 0  9992
2 30489  98.4632 287.1006 0140530 119.1267 272.0074 14.16112993 16356
FENGYUN 1C DEB          
1 30492U 99025AHE 26281.89569230  .00010636  00000+0  20858-2 0  9994
2 30492 102.3216  85.9610 0087909 343.8698  15.9692 14.60607380 12604
FENGYUN 1C DEB          
1 30493U 99025AHF 26281.95939096  .00001270  00000+0  85823-3 0  9991
2 30493  98.5847  95.9171 0181037 105.0048  46.3910 13.94331084992775
FENGYUN 1C DEB          
1 30494U 99025AHG 26281.35278847  .00000785  00000+0  69663-3 0  9990
2 30494  99.2574 315.6600 0187150 148.3021 212.9562 13.80121332986183
FENGYUN 1C DEB          
1 30495U 99025AHH 26281.33039616  .00000504  00000+0  89140-3 0  9999
2 30495 102.2729  51.5310 0590489  12.7336 348.7971 12.95391892925518
FENGYUN 1C DEB          
1 30496U 99025AHJ 26281.64270478  .00003317  00000+0  24467-3 0  9993
2 30496  98.7908 229.2676 0118771 202.6045 156.9919 14.98657558 56305
FENGYUN 1C DEB          
1 30498U 99025AHL 26281.66450944  .00001052  00000+0  62370-3 0  9994
2 30498  99.2258 343.9546 0097855  44.2642 106.8028 14.07497467999866
FENGYUN 1C DEB          
1 30500U 99025AHN 26281.78524885  .00003141  00000+0  12609-2 0  9997
2 30500  99.0743  29.1655 0060050 329.2196 183.0251 14.27985003  9562
FENGYUN 1C DEB          
1 30501U 99025AHP 26281.46942322  .00001949  00000+0  81174-3 0  9991
2 30501  99.0940 288.6072 0041678  60.4293  97.0451 14.27086341 11919
FENGYUN 1C DEB          
1 30503U 99025AHR 26281.92817918  .00000246  00000+0  14765-3 0  9997
2 30503  99.1729 140.0820 0009237 132.7134 351.5793 14.16390683 15962
FENGYUN 1C DEB          
1 30504U 99025AHS 26281.60402905  .00000155  00000+0  86855-4 0  9998
2 30504  98.9902 338.5396 0111103  80.3089 281.0616 14.21064200 16510
FENGYUN 1C DEB          
1 30505U 99025AHT 26281.69614662  .00002126  00000+0  93239-3 0  9996
2 30505  98.9160  10.1602 0063318 102.2652  56.1553 14.23660691 11811
FENGYUN 1C DEB          
1 30506U 99025AHU 26281.98292736  .00000159  00000+0  11414-3 0  9992
2 30506  98.7620 283.5882 0069455 218.5726 168.6817 14.08921777 10503
FENGYUN 1C DEB          
1 30507U 99025AHV 26281.90765416  .00001382  00000+0  69227-3 0  9999
2 30507  98.9918 353.4439 0126275  48.3996  23.4179 14.14244085  7280
FENGYUN 1C DEB          
1 30509U 99025AHX 26281.55815382  .00001640  00000+0  92416-3 0  9993
2 30509  98.4515 139.9964 0099769 292.2860  96.3593 14.09161750999434
FENGYUN 1C DEB          
1 30510U 99025AHY 26281.56229282  .00001414  00000+0  74585-3 0  9990
2 30510  99.2305 308.3869 0077498  46.3392 104.6155 14.14107295  8079
FENGYUN 1C DEB          
1 30514U 99025AJC 26281.87117137  .00000915  00000+0  28595-3 0  9998
2 30514  98.3915 302.4701 0170111 279.7753  78.4261 14.35265728 25275
FENGYUN 1C DEB          
1 30515U 99025AJD 26281.82862958  .00000820  00000+0  46228-3 0  9990
2 30515  98.4755 126.6424 0494437 358.5856 116.9815 13.64626950974227
FENGYUN 1C DEB          
1 30516U 99025AJE 26281.84006819  .00004343  00000+0  12548-2 0  9990
2 30516  98.8664  42.9107 0009743 129.7435  21.6645 14.45083160 20441
FENGYUN 1C DEB          
1 30520U 99025AJJ 26281.83545731  .00019127  00000+0  69931-3 0  9990
2 30520  98.6989 146.5005 0052884 163.9559 196.3366 15.26804656 56038
FENGYUN 1C DEB          
1 30521U 99025AJK 26281.40631071  .00001062  00000+0  20722-3 0  9991
2 30521  99.0256  87.0488 0133332  51.9080 309.4055 14.59919088 39504
FENGYUN 1C DEB          
1 30523U 99025AJM 26281.92105942  .00000495  00000+0  16053-3 0  9994
2 30523  98.5018 257.1434 0240938 305.6185  77.1505 14.28364623 23858
FENGYUN 1C DEB          
1 30524U 99025AJN 26281.94751838  .00004794  00000+0  30267-2 0  9996
2 30524  99.3219 101.7344 0198687 156.1904 204.8605 13.95371328980682
FENGYUN 1C DEB          
1 30525U 99025AJP 26281.53408107  .00000618  00000+0  67465-3 0  9992
2 30525  98.5761 135.1522 0290356 246.2921 110.7512 13.59307075971894
FENGYUN 1C DEB          
1 30526U 99025AJQ 26281.65561864  .00001066  00000+0  12905-2 0  9992
2 30526  99.5324 356.7160 0308775 233.8399 123.3806 13.50311594967057
FENGYUN 1C DEB          
1 30527U 99025AJR 26281.85033306  .00000827  00000+0  11417-2 0  9991
2 30527 100.0413 324.0471 0410202 231.8359 186.3358 13.31597491953508
FENGYUN 1C DEB          
1 30528U 99025AJS 26281.58947697  .00000414  00000+0  21583-3 0  9997
2 30528  98.1987 132.2229 0144625  79.2197 344.2209 14.13853011 13724
FENGYUN 1C DEB          
1 30529U 99025AJT 26281.66441120  .00000742  00000+0  70497-3 0  9999
2 30529  98.4736 174.3687 0229732 138.2030 223.6922 13.72329866981210
FENGYUN 1C DEB          
1 30530U 99025AJU 26281.58256581  .00000353  00000+0  12685-3 0  9990
2 30530  98.3614 317.1006 0097964 320.9127 191.3783 14.37164083 30924
FENGYUN 1C DEB          
1 30531U 99025AJV 26280.90504235  .00013158  00000+0  20675-2 0  9992
2 30531 102.3081 260.7925 0023742 103.4143 256.9697 14.72626148 20764
FENGYUN 1C DEB          
1 30533U 99025AJX 26281.88290681  .00007607  00000+0  15296-2 0  9994
2 30533  98.8463  74.1952 0071990 312.1353 204.8761 14.60267851 21827
FENGYUN 1C DEB          
1 30539U 99025AKD 26281.98939516  .00001427  00000+0  30380-3 0  9994
2 30539  98.8986 287.1420 0115549  82.9974 278.4347 14.56645410 37133
FENGYUN 1C DEB          
1 30540U 99025AKE 26281.83349233  .00003184  00000+0  11187-2 0  9996
2 30540  98.8902  43.1611 0050790 259.3449 253.2390 14.34959064 15862
FENGYUN 1C DEB          
1 30541U 99025AKF 26280.06751388  .00001203  00000+0  54062-3 0  9999
2 30541  98.6703 327.7327 0015432 295.3047  64.6532 14.24173086 15664
FENGYUN 1C DEB          
1 30542U 99025AKG 26281.00456617  .00000237  00000+0  16695-3 0  9998
2 30542  98.7592 305.8684 0027531 208.0943 221.8340 14.07104040 11120
FENGYUN 1C DEB          
1 30543U 99025AKH 26281.73869337  .00000384  00000+0  26471-3 0  9992
2 30543  98.8316 287.8376 0070856 274.4826 140.0800 14.03930537  7131
FENGYUN 1C DEB          
1 30545U 99025AKK 26281.47215830  .00000143  00000+0  24398-3 0  9997
2 30545  98.9914  97.3520 0471923   4.5951 355.9282 13.20952336948879
FENGYUN 1C DEB          
1 30546U 99025AKL 26281.21959126  .00004874  00000+0  46371-3 0  9993
2 30546  98.8716 179.1677 0084397 283.9867 228.2231 14.91341186 49158
FENGYUN 1C DEB          
1 30547U 99025AKM 26281.54514205  .00000340  00000+0  12160-3 0  9998
2 30547  98.8707 139.9121 0096321  53.1857 337.0973 14.38110937 30299
FENGYUN 1C DEB          
1 30548U 99025AKN 26280.62551016  .00002064  00000+0  81790-3 0  9998
2 30548  99.6782 215.2658 0063359 208.3398 277.5644 14.29054550183610
FENGYUN 1C DEB          
1 30549U 99025AKP 26281.55570995  .00001733  00000+0  83322-3 0  9994
2 30549  98.4842  25.7027 0288694 135.0365 227.4575 14.00372957994889
FENGYUN 1C DEB          
1 30550U 99025AKQ 26281.18796208  .00001867  00000+0  11249-2 0  9998
2 30550  99.0428 180.0701 0124060 185.1932 329.6224 14.04190332995958
FENGYUN 1C DEB          
1 30552U 99025AKS 26281.88053687  .00009059  00000+0  18212-2 0  9992
2 30552  98.8458  77.6561 0011963  62.9265 297.3153 14.61811392 20278
FENGYUN 1C DEB          
1 30553U 99025AKT 26281.87461370  .00017498  00000+0  21145-2 0  9999
2 30553  99.1354  61.8275 0016427 283.7364  76.2017 14.83718033 28967
FENGYUN 1C DEB          
1 30555U 99025AKV 26281.96918118  .00001633  00000+0  74909-3 0  9999
2 30555  98.7330 337.7101 0043583 127.2192 356.2284 14.22152157 12024
FENGYUN 1C DEB          
1 30556U 99025AKW 26281.92973459  .00000055  00000+0  62785-4 0  9992
2 30556  98.8023 269.3280 0067462 123.2568 266.8425 14.01654090  4561
FENGYUN 1C DEB          
1 30557U 99025AKX 26281.13996939  .00001379  00000+0  76043-3 0  9995
2 30557  98.9017 349.1001 0069110 108.6658 252.2033 14.11952381  5237
FENGYUN 1C DEB          
1 30558U 99025AKY 26278.79919157  .00001772  00000+0  23878-2 0  9995
2 30558  99.4720  40.9876 0423558 274.8301  80.4598 13.29505213947049
FENGYUN 1C DEB          
1 30560U 99025ALA 26281.54927453  .00000337  00000+0  17548-3 0  9997
2 30560  98.6843 273.0979 0116162  71.3968  48.5360 14.17343632 16166
FENGYUN 1C DEB          
1 30561U 99025ALB 26281.95579744  .00000340  00000+0  20742-3 0  9993
2 30561  98.7341 280.8928 0059454 343.1402  46.0676 14.11574038 12141
FENGYUN 1C DEB          
1 30562U 99025ALC 26281.67839045  .00001865  00000+0  80515-3 0  9993
2 30562  98.7443 353.1087 0060005 118.6416  33.3712 14.24686231 12614
FENGYUN 1C DEB          
1 30564U 99025ALE 26281.98540750  .00000837  00000+0  44392-3 0  9992
2 30564  98.7911 290.3483 0200836 355.2381  33.1448 14.06438481  5142
FENGYUN 1C DEB          
1 30565U 99025ALF 26281.58042693  .00001770  00000+0  91255-3 0  9999
2 30565  98.4398 139.2100 0136476 219.2668 168.1645 14.11619336  1499
FENGYUN 1C DEB          
1 30566U 99025ALG 26281.66716135  .00001145  00000+0  62772-3 0  9996
2 30566  99.1949 343.2470 0066996  63.0707  90.0021 14.12819820  6155
FENGYUN 1C DEB          
1 30567U 99025ALH 26281.92519142  .00000316  00000+0  19513-3 0  9999
2 30567  98.8000 270.2551 0109767  62.3714 328.1658 14.09175211 10019
FENGYUN 1C DEB          
1 30568U 99025ALJ 26281.99581641  .00007309  00000+0  14790-2 0  9990
2 30568  98.9412 120.1819 0018666 355.9262 164.0696 14.61533573 20291
FENGYUN 1C DEB          
1 30569U 99025ALK 26281.96538410  .00022326  00000+0  24387-2 0  9993
2 30569  98.7457  93.1405 0005274 208.8849 151.2073 14.87886125 26438
FENGYUN 1C DEB          
1 30570U 99025ALL 26281.89334900  .00000496  00000+0  27821-3 0  9996
2 30570  98.6851 311.6821 0036286  76.8441  47.4184 14.14700152 12355
FENGYUN 1C DEB          
1 30571U 99025ALM 26281.55941432  .00000198  00000+0  13362-3 0  9998
2 30571  98.7066 303.9022 0022515 104.6501  46.6139 14.10935775 11086
FENGYUN 1C DEB          
1 30572U 99025ALN 26281.59586645  .00000383  00000+0  24474-3 0  9996
2 30572  98.7432 307.7740 0022817 163.2622 321.4063 14.09155198  9801
FENGYUN 1C DEB          
1 30573U 99025ALP 26281.08635532  .00001641  00000+0  83120-3 0  9992
2 30573  99.2061 333.4820 0088963 152.1212 266.9423 14.15489999  4317
FENGYUN 1C DEB          
1 30574U 99025ALQ 26281.43314098  .00001485  00000+0  12570-2 0  9999
2 30574  99.3303  84.8063 0216825 276.3696  81.2806 13.79021469978977
FENGYUN 1C DEB          
1 30575U 99025ALR 26281.84417492  .00001620  00000+0  50522-3 0  9998
2 30575  99.1795  39.3264 0053488  76.0164  75.9727 14.41541277 25304
FENGYUN 1C DEB          
1 30577U 99025ALT 26281.93883427  .00000465  00000+0  27869-3 0  9999
2 30577  98.7403 313.4624 0030066 149.5614 330.3400 14.11576492 10085
FENGYUN 1C DEB          
1 30579U 99025ALV 26281.61216394  .00000175  00000+0  13277-3 0  9995
2 30579  98.7843 302.3442 0052300 343.4480 146.3331 14.05518201  6698
FENGYUN 1C DEB          
1 30594U 99025ALZ 26281.59398485  .00000141  00000+0  77623-4 0  9990
2 30594  99.1099 151.2754 0193192 185.9923 173.8939 14.17539002 17614
FENGYUN 1C DEB          
1 30596U 99025AMB 26281.71023804  .00000452  00000+0  12450-3 0  9997
2 30596  98.4282 277.2648 0247799 115.1488 302.0370 14.34949292 28619
FENGYUN 1C DEB          
1 30599U 99025AME 26281.28921296  .00000670  00000+0  21281-3 0  9998
2 30599  98.5977 290.1745 0298882 196.5772 162.5469 14.20765149 14181
FENGYUN 1C DEB          
1 30600U 99025AMF 26281.24076946  .00003693  00000+0  12767-2 0  9996
2 30600  98.3935 211.5587 0314720 108.3439 255.2234 14.11977024986532
FENGYUN 1C DEB          
1 30603U 99025AMJ 26281.92423891  .00000955  00000+0  76934-3 0  9994
2 30603  98.4035 278.6610 0183074 102.4196 289.6159 13.84965415990306
FENGYUN 1C DEB          
1 30604U 99025AMK 26281.88738720  .00000404  00000+0  15625-3 0  9999
2 30604  98.3715 308.1352 0208146 207.1655 278.4335 14.24050447 20798
FENGYUN 1C DEB          
1 30606U 99025AMM 26281.99585825  .00002456  00000+0  39048-3 0  9993
2 30606  98.0914 289.7870 0204945 279.1692 106.9774 14.59962108 36210
FENGYUN 1C DEB          
1 30608U 99025AMP 26281.66537752  .00001459  00000+0  58603-3 0  9995
2 30608  98.6791 348.5186 0013326  21.6631 132.1653 14.29667621 17225
FENGYUN 1C DEB          
1 30609U 99025AMQ 26280.96597962  .00001912  00000+0  98059-3 0  9990
2 30609  98.5611 189.5618 0114581 280.0381  78.7880 14.13232795999529
FENGYUN 1C DEB          
1 30616U 99025AMX 26281.49516202  .00000505  00000+0  68944-3 0  9992
2 30616  98.6220 299.4752 0381540 222.5841 134.5119 13.36635597957045
FENGYUN 1C DEB          
1 30619U 99025ANA 26281.52562232  .00000483  00000+0  12553-3 0  9993
2 30619  98.2748 300.6873 0212104 231.8753 126.3151 14.41761201 32578
FENGYUN 1C DEB          
1 30621U 99025ANC 26281.81770416  .00001761  00000+0  10273-2 0  9999
2 30621  98.7046 218.0022 0131662 182.0819 202.5604 14.05446439998039
FENGYUN 1C DEB          
1 30622U 99025AND 26279.50185656  .00004919  00000+0  16956-2 0  9991
2 30622 100.9926  15.7337 0068140 282.7672  90.1448 14.35234355730642
FENGYUN 1C DEB          
1 30623U 99025ANE 26281.86918491  .00000092  00000+0  17016-3 0  9992
2 30623  98.8592  63.4074 0404096  86.9618  61.9297 13.29582256952049
FENGYUN 1C DEB          
1 30624U 99025ANF 26281.77110860  .00018519  00000+0  26991-2 0  9991
2 30624  98.8833  35.0696 0014388  69.0143 291.2601 14.75810150 18947
FENGYUN 1C DEB          
1 30625U 99025ANG 26281.64455387  .00006976  00000+0  18765-2 0  9998
2 30625  98.9237 257.7763 0044380 121.7377 238.8151 14.47755263 10171
FENGYUN 1C DEB          
1 30628U 99025ANK 26281.83979760  .00013488  00000+0  18794-2 0  9996
2 30628  99.3479 247.8717 0022463  40.9731 319.3157 14.77728872 28854
FENGYUN 1C DEB          
1 30629U 99025ANL 26281.61068378  .00008951  00000+0  15832-2 0  9996
2 30629  99.2564  59.2510 0005116 354.2203  66.8205 14.67636225 22778
FENGYUN 1C DEB          
1 30630U 99025ANM 26281.51651689  .00000970  00000+0  44805-3 0  9996
2 30630  99.1809 112.1701 0024911 299.8986  86.8028 14.23318861 14746
FENGYUN 1C DEB          
1 30632U 99025ANP 26281.93178970  .00011324  00000+0  17284-2 0  9996
2 30632  98.8370  82.4029 0013571 310.5398 201.3602 14.73964650 20980
FENGYUN 1C DEB          
1 30633U 99025ANQ 26281.34337480  .00001065  00000+0  63464-3 0  9998
2 30633  98.3934 129.6143 0129437 130.0213  44.2199 14.05109292   962
FENGYUN 1C DEB          
1 30634U 99025ANR 26281.92434426  .00002800  00000+0  14638-2 0  9997
2 30634  99.3114 280.4247 0118324 341.0691  46.3121 14.11720840998501
FENGYUN 1C DEB          
1 30639U 99025ANW 26281.80733629  .00005157  00000+0  17312-2 0  9996
2 30639  99.0286  52.0705 0064451 126.5662 234.1478 14.36481594 10201
FENGYUN 1C DEB          
1 30640U 99025ANX 26280.16346198  .00001257  00000+0  64234-3 0  9990
2 30640  99.0406   0.6917 0077695 335.5240  53.5693 14.15967578  6664
FENGYUN 1C DEB          
1 30641U 99025ANY 26281.44341955  .00002739  00000+0  30913-3 0  9992
2 30641  98.9747 255.6298 0127475 261.7061 230.7023 14.81890840 49672
FENGYUN 1C DEB          
1 30646U 99025APD 26281.01060996  .00000572  00000+0  34290-3 0  9998
2 30646  98.6376 294.8575 0046697 261.5135  98.0742 14.10262414  8187
FENGYUN 1C DEB          
1 30647U 99025APE 26281.86140487  .00008732  00000+0  17189-2 0  9999
2 30647  98.9995 244.1643 0029166 346.3856  42.8351 14.62565748 23684
FENGYUN 1C DEB          
1 30648U 99025APF 26281.77545453  .00004452  00000+0  11074-2 0  9994
2 30648  98.6448  29.1869 0030408 293.9497 218.8955 14.51984749 22166
FENGYUN 1C DEB          
1 30649U 99025APG 26281.79847741  .00002164  00000+0  81892-3 0  9996
2 30649  98.8124  26.0095 0046911  15.8408 134.9506 14.31653235 13538
FENGYUN 1C DEB          
1 30650U 99025APH 26281.60139227  .00001599  00000+0  82650-3 0  9995
2 30650  99.1854 336.0517 0070701  68.2235  88.7527 14.15219741  5319
FENGYUN 1C DEB          
1 30652U 99025APJ 26281.61289782  .00000219  00000+0  15440-3 0  9991
2 30652  98.7523 311.0832 0009088 136.0238 345.1032 14.07891005  9112
FENGYUN 1C DEB          
1 30654U 99025APL 26280.27524577  .00001267  00000+0  63637-3 0  9993
2 30654  99.2531 220.6427 0035063 338.1826  21.7853 14.18179804  9086
FENGYUN 1C DEB          
1 30656U 99025APN 26281.79553130  .00005056  00000+0  13254-2 0  9999
2 30656  99.0155 120.8037 0029402 276.8795  82.9052 14.49471115 14214
FENGYUN 1C DEB          
1 30657U 99025APP 26281.77927466  .00004204  00000+0  12946-2 0  9996
2 30657  98.8438  34.5794 0017650 174.3700 340.1573 14.41935652 15500
FENGYUN 1C DEB          
1 30658U 99025APQ 26281.98603291  .00001539  00000+0  11521-2 0  9993
2 30658  98.4211 290.4755 0182005 120.3789 241.5503 13.88349955988490
FENGYUN 1C DEB          
1 30660U 99025APS 26281.79356286  .00004163  00000+0  35864-3 0  9997
2 30660  98.1486  32.1593 0128959  71.4159  78.6863 14.91657199 52521
FENGYUN 1C DEB          
1 30661U 99025APT 26281.51825885  .00000119  00000+0  70541-4 0  9993
2 30661  99.4829 124.5102 0142918 280.4277  78.0818 14.21326492 21615
FENGYUN 1C DEB          
1 30662U 99025APU 26281.17077137  .00001563  00000+0  69831-3 0  9998
2 30662  99.0309 350.4721 0034390 134.1043 255.1574 14.23876779  8906
FENGYUN 1C DEB          
1 30663U 99025APV 26281.94767235  .00001609  00000+0  12217-2 0  9995
2 30663  99.2917 173.9836 0645966 129.3778 236.6414 13.24879858930213
FENGYUN 1C DEB          
1 30665U 99025APX 26281.93663426  .00001773  00000+0  94032-3 0  9991
2 30665  99.2266 267.4292 0069167  79.6290 308.7018 14.13765175  1996
FENGYUN 1C DEB          
1 30666U 99025APY 26281.52453418  .00000203  00000+0  15635-3 0  9994
2 30666  98.8555 261.3698 0061723  29.6747  97.6170 14.02825413  3005
FENGYUN 1C DEB          
1 30668U 99025AQA 26281.72973670  .00001560  00000+0  82221-3 0  9997
2 30668  99.1195   5.5625 0080190 124.1974  26.7441 14.13820988  2918
FENGYUN 1C DEB          
1 30669U 99025AQB 26280.79224120  .00001457  00000+0  88907-3 0  9995
2 30669  98.6432 207.6417 0119939  56.1627   1.0513 14.03962179996482
FENGYUN 1C DEB          
1 30670U 99025AQC 26281.07095454  .00000094  00000+0  68999-4 0  9991
2 30670  98.6700 323.1248 0038024 292.2567  97.3683 14.15932669 13669
FENGYUN 1C DEB          
1 30671U 99025AQD 26281.17937656  .00000973  00000+0  69217-3 0  9991
2 30671  99.2303 351.8855 0124583 296.6272  91.4809 13.96393382993736
FENGYUN 1C DEB          
1 30673U 99025AQF 26281.82668223 -.00000089  00000+0 -29106-4 0  9990
2 30673  98.8789 329.5231 0052220  27.9016  33.2409 14.03586795  7412
FENGYUN 1C DEB          
1 30675U 99025AQH 26281.71553965  .00001722  00000+0  68566-3 0  9991
2 30675  98.7431   6.5160 0049940  14.0627 138.9566 14.29244127 11724
FENGYUN 1C DEB          
1 30676U 99025AQJ 26281.36850215  .00000740  00000+0  36881-3 0  9995
2 30676  98.2937  73.7092 0467079 314.7800  41.6234 13.75014900980407
FENGYUN 1C DEB          
1 30677U 99025AQK 26281.07157608  .00001859  00000+0  59076-3 0  9993
2 30677  98.2321 319.5978 0064277  24.2773   6.2792 14.39876512 22740
FENGYUN 1C DEB          
1 30678U 99025AQL 26281.89783050  .00004188  00000+0  16680-2 0  9991
2 30678  99.0797 258.5713 0071638  83.6549 306.7123 14.27759393  1449
FENGYUN 1C DEB          
1 30679U 99025AQM 26281.80609459  .00000334  00000+0  32675-3 0  9995
2 30679  99.3497 335.5344 0170161   5.9556  59.3264 13.80067081986580
FENGYUN 1C DEB          
1 30680U 99025AQN 26281.90361911  .00002613  00000+0  26514-2 0  9992
2 30680  99.6466 323.9301 0316641 130.9497 231.9512 13.57948219963251
FENGYUN 1C DEB          
1 30683U 99025AQR 26281.57360672  .00000829  00000+0  53448-3 0  9995
2 30683  99.4002 307.1707 0137041 125.1711  24.8547 14.01368056997497
FENGYUN 1C DEB          
1 30684U 99025AQS 26281.59960617  .00000657  00000+0  69000-3 0  9993
2 30684  99.5074 323.4738 0234144 218.8832 139.5267 13.67362676977268
FENGYUN 1C DEB          
1 30686U 99025AQU 26281.94161669  .00003877  00000+0  48511-3 0  9995
2 30686  99.0020 155.3813 0135951 263.6386 224.1154 14.76668841 40294
FENGYUN 1C DEB          
1 30688U 99025AQW 26281.20191001  .00002164  00000+0  77643-3 0  9995
2 30688  98.6868   1.0442 0017700 154.7486 233.6144 14.34852711 15536
FENGYUN 1C DEB          
1 30689U 99025AQX 26281.76099734  .00000504  00000+0  28190-3 0  9996
2 30689  98.7375 264.9233 0109865 331.1750 152.8825 14.12182953 11161
FENGYUN 1C DEB          
1 30690U 99025AQY 26281.78107931  .00000845  00000+0  54199-3 0  9995
2 30690  99.1706 219.2953 0103715 328.3501  60.5393 14.03562534999154
FENGYUN 1C DEB          
1 30691U 99025AQZ 26281.49921637  .00000804  00000+0  63063-3 0  9996
2 30691  98.7452 279.9464 0139107 131.7627  19.4621 13.90167237992805
FENGYUN 1C DEB          
1 30693U 99025ARB 26281.89333524  .00000333  00000+0  19855-3 0  9991
2 30693  98.7165 263.8659 0030078  35.1186 325.1962 14.13595437 11732
FENGYUN 1C DEB          
1 30694U 99025ARC 26281.48502654  .00004524  00000+0  39787-3 0  9991
2 30694  99.0631 296.0268 0120935  58.6594 302.6390 14.91669511 45580
FENGYUN 1C DEB          
1 30696U 99025ARE 26281.84881463  .00001621  00000+0  44565-3 0  9996
2 30696  98.3572 331.8772 0085643 295.6383 126.0904 14.46206731 26276
FENGYUN 1C DEB          
1 30697U 99025ARF 26281.62224447  .00001294  00000+0  67010-3 0  9992
2 30697  98.8864 342.1883 0085307  56.2500  99.6771 14.14787592  4955
FENGYUN 1C DEB          
1 30699U 99025ARH 26281.88220777  .00004925  00000+0  12536-2 0  9990
2 30699  99.3302  77.6555 0003446  89.7806 270.3781 14.51162520 19628
FENGYUN 1C DEB          
1 30700U 99025ARJ 26280.00663830  .00000204  00000+0  10341-3 0  9996
2 30700  98.5147 304.4060 0085961 355.0605   4.9717 14.24019784 18081
FENGYUN 1C DEB          
1 30701U 99025ARK 26281.57081192 -.00000025  00000+0  96456-5 0  9990
2 30701  98.6782 319.8063 0034045 329.1026 185.7312 14.13951202 13573
FENGYUN 1C DEB          
1 30702U 99025ARL 26278.79275093  .00000928  00000+0  59705-3 0  9991
2 30702  98.7554 293.0322 0070776 188.1901 348.5857 14.04273326  3160
FENGYUN 1C DEB          
1 30703U 99025ARM 26281.95415868  .00001297  00000+0  58505-3 0  9997
2 30703  99.1601 282.2525 0115795 157.5860 233.3726 14.20481383  7969
FENGYUN 1C DEB          
1 30704U 99025ARN 26281.99367167  .00000498  00000+0  34375-3 0  9991
2 30704  98.8864 278.0001 0080883 344.3425  36.9557 14.02247634  3178
FENGYUN 1C DEB          
1 30705U 99025ARP 26281.76263981  .00001252  00000+0  10467-2 0  9990
2 30705 102.1908 117.7965 0198235 290.4828 130.0809 13.82635649981540
FENGYUN 1C DEB          
1 30706U 99025ARQ 26281.74557631  .00001124  00000+0  47580-3 0  9992
2 30706  99.0460 191.8438 0027247 348.1776  11.8761 14.27398771 19067
FENGYUN 1C DEB          
1 30707U 99025ARR 26281.92589201  .00002303  00000+0  93836-3 0  9996
2 30707  99.3950   3.8712 0025449 287.5543 134.0975 14.28368686 10825
FENGYUN 1C DEB          
1 30708U 99025ARS 26281.98985328  .00000133  00000+0  95225-4 0  9997
2 30708  98.6832 291.3695 0009348  69.3081 320.0517 14.12328281 10317
FENGYUN 1C DEB          
1 30709U 99025ART 26281.92539157  .00002668  00000+0  12397-2 0  9999
2 30709  99.1603 274.5360 0080841 136.3961 224.3641 14.19789894  2527
FENGYUN 1C DEB          
1 30710U 99025ARU 26280.23553535  .00001769  00000+0  10892-2 0  9999
2 30710 102.7504 287.4977 0221683  96.5576 326.6669 13.96193335989520
FENGYUN 1C DEB          
1 30714U 99025ARY 26281.61658885  .00000082  00000+0  77170-4 0  9991
2 30714  98.8058 326.1424 0067206 166.2781 345.4987 14.03756354  1446
FENGYUN 1C DEB          
1 30715U 99025ARZ 26281.18779581  .00001665  00000+0  84615-3 0  9990
2 30715  98.9586 357.0580 0064352  39.3828 321.1999 14.16207908  4123
FENGYUN 1C DEB          
1 30716U 99025ASA 26281.61336844  .00025924  00000+0  22563-2 0  9997
2 30716  98.8537 145.3418 0012049 210.0877 213.6555 14.96862637 22852
FENGYUN 1C DEB          
1 30717U 99025ASB 26281.71321551  .00001620  00000+0  74449-3 0  9996
2 30717  99.0030   3.5054 0048092 121.2048 239.3856 14.22055743  7904
FENGYUN 1C DEB          
1 30718U 99025ASC 26281.93626803  .00001914  00000+0  80888-3 0  9999
2 30718  98.8816  11.1203 0052879  10.1582 350.0653 14.26029224 10169
FENGYUN 1C DEB          
1 30719U 99025ASD 26281.91450280  .00011029  00000+0  19220-2 0  9991
2 30719  98.8992  92.5587 0009054 346.1700  13.9253 14.68193271 18309
FENGYUN 1C DEB          
1 30720U 99025ASE 26280.34413402  .00000529  00000+0  22229-3 0  9991
2 30720  99.0434 110.1756 0030659 182.7476 301.3736 14.30029706 17173
FENGYUN 1C DEB          
1 30721U 99025ASF 26281.39621228  .00012917  00000+0  15271-2 0  9997
2 30721  98.7207  82.6163 0021624 113.8002 276.8162 14.84625437 22532
FENGYUN 1C DEB          
1 30723U 99025ASH 26281.78717079  .00004342  00000+0  12584-2 0  9999
2 30723  98.8418  24.0979 0015216  95.6083  55.7652 14.44889334 16984
FENGYUN 1C DEB          
1 30724U 99025ASJ 26281.56951525  .00000516  00000+0  17991-3 0  9999
2 30724  99.2974 135.9148 0093643 106.9346 282.3785 14.37612403 27536
FENGYUN 1C DEB          
1 30725U 99025ASK 26281.73955214  .00001702  00000+0  83131-3 0  9995
2 30725  98.9905 358.9838 0086035 256.8241 262.9247 14.17469968  5892
FENGYUN 1C DEB          
1 30726U 99025ASL 26281.29683178  .00000932  00000+0  53575-3 0  9997
2 30726  99.2658 296.9308 0079203 111.9836  16.5010 14.10278336  2028
FENGYUN 1C DEB          
1 30728U 99025ASN 26281.44352952  .00000069  00000+0  47178-4 0  9993
2 30728  98.5326 284.1120 0097208 288.9972  70.0694 14.23570935 19504
FENGYUN 1C DEB          
1 30730U 99025ASQ 26281.57205118  .00001241  00000+0  51620-3 0  9990
2 30730  98.5931 320.4133 0075898 253.1357 265.1663 14.26594269 12694
FENGYUN 1C DEB          
1 30731U 99025ASR 26281.74489601  .00003917  00000+0  11274-2 0  9993
2 30731  98.8535  18.1455 0013328  83.3630  69.7465 14.45312158 16792
FENGYUN 1C DEB          
1 30732U 99025ASS 26281.99390897  .00000530  00000+0  33596-3 0  9999
2 30732  98.7872 297.5918 0124691  88.7969 302.4392 14.04193108  4041
FENGYUN 1C DEB          
1 30735U 99025ASV 26281.14548711  .00001519  00000+0  64762-3 0  9996
2 30735  98.7466 356.3861 0059617  98.7153 323.5501 14.25611001 10059
FENGYUN 1C DEB          
1 30736U 99025ASW 26281.00194285  .00000963  00000+0  99642-3 0  9992
2 30736  98.7611 294.2195 0277758 352.1961  35.7555 13.62468366969276
FENGYUN 1C DEB          
1 30737U 99025ASX 26281.88402751  .00000338  00000+0  18321-3 0  9990
2 30737  98.6122 259.9037 0023430 350.9604  38.8233 14.18589043 12849
FENGYUN 1C DEB          
1 30739U 99025ASZ 26281.92250838  .00000336  00000+0  18542-3 0  9997
2 30739  98.7205 266.9449 0100575 177.8839 212.0166 14.15311465 10972
FENGYUN 1C DEB          
1 30740U 99025ATA 26281.77527462  .00005854  00000+0  13070-2 0  9992
2 30740  98.6995  43.7065 0027521 296.8777  62.9607 14.56959684 20021
FENGYUN 1C DEB          
1 30741U 99025ATB 26281.98095171  .00000142  00000+0  98532-4 0  9996
2 30741  98.6788 287.2519 0006009 355.4089  33.6170 14.13384888 10465
FENGYUN 1C DEB          
1 30742U 99025ATC 26281.64263083  .00001333  00000+0  74035-3 0  9993
2 30742  98.8502 326.9591 0072155 100.8450  58.8912 14.11520482  2488
FENGYUN 1C DEB          
1 30744U 99025ATE 26281.51084826  .00303891  00000+0  57319-2 0  9996
2 30744  98.7186 115.4080 0006033 314.9844 102.5196 15.47319486 26126
FENGYUN 1C DEB          
1 30746U 99025ATG 26281.52348248  .00000702  00000+0  29817-3 0  9998
2 30746  99.0556 118.1750 0045467 170.8288 217.1406 14.28094537 17247
FENGYUN 1C DEB          
1 30749U 99025ATK 26280.28850238  .00000380  00000+0  28326-3 0  9996
2 30749  98.8609 303.0040 0058122 119.6563 241.0407 13.99917843  1412
FENGYUN 1C DEB          
1 30750U 99025ATL 26281.70909679  .00002255  00000+0  87224-3 0  9995
2 30750  98.9082   8.2358 0037580 302.6892 211.5757 14.30758341 10669
FENGYUN 1C DEB          
1 30751U 99025ATM 26281.66686470  .00001354  00000+0  69456-3 0  9998
2 30751  98.8344 343.6638 0049633 319.3536 196.4237 14.16475999  5183
FENGYUN 1C DEB          
1 30753U 99025ATP 26281.56137779  .00000776  00000+0  42914-3 0  9999
2 30753  98.7841 319.9534 0055545 221.6102 138.0838 14.13501704  5876
FENGYUN 1C DEB          
1 30755U 99025ATR 26281.95159603  .00001416  00000+0  35662-3 0  9998
2 30755  98.2771 273.9494 0150940  75.5876 315.8136 14.46035487 27683
FENGYUN 1C DEB          
1 30756U 99025ATS 26281.71508205  .00001553  00000+0  73514-3 0  9999
2 30756  98.9739 358.1175 0072960 180.8684 331.1093 14.19760408  6542
FENGYUN 1C DEB          
1 30758U 99025ATU 26281.86223183  .00001351  00000+0  67442-3 0  9995
2 30758  99.0434  50.4508 0039534 228.7953 283.1647 14.18227701  7412
FENGYUN 1C DEB          
1 30759U 99025ATV 26281.89609381  .00006894  00000+0  14340-2 0  9992
2 30759  99.2692  68.3636 0006334 343.6855 167.8283 14.60410804 20291
FENGYUN 1C DEB          
1 30760U 99025ATW 26281.76676328  .00000400  00000+0  27016-3 0  9997
2 30760  98.8395 275.6289 0052114 221.1308 138.5927 14.05375596  4340
FENGYUN 1C DEB          
1 30761U 99025ATX 26281.77627516  .00001141  00000+0  38562-3 0  9995
2 30761  98.9835 225.3874 0083002 151.1634 209.4175 14.37025030 20506
FENGYUN 1C DEB          
1 30762U 99025ATY 26281.92861970 -.00000036  00000+0  38460-5 0  9999
2 30762  98.8998 268.5539 0197037 184.2022 206.0639 13.98451589998336
FENGYUN 1C DEB          
1 30763U 99025ATZ 26281.77543838  .00016174  00000+0  25213-2 0  9991
2 30763  98.8870  23.5016 0016690  70.5763  80.7638 14.72917250 15420
FENGYUN 1C DEB          
1 30764U 99025AUA 26281.55544984  .00080082  00000+0  91124-3 0  9995
2 30764  98.7707 318.9689 0036360 200.3483 159.6324 15.61193851 58487
FENGYUN 1C DEB          
1 30765U 99025AUB 26281.59647745  .00000815  00000+0  42991-3 0  9993
2 30765  98.7590 327.6396 0068148  74.9036  78.3361 14.15456873 10400
FENGYUN 1C DEB          
1 30766U 99025AUC 26281.22693466  .00000693  00000+0  40318-3 0  9990
2 30766  98.6856 276.0386 0081535 305.7142 115.6735 14.10166459670178
FENGYUN 1C DEB          
1 30768U 99025AUE 26281.73678243  .00004194  00000+0  10539-2 0  9995
2 30768  98.6175  23.1814 0023120 263.8040 252.7974 14.51649371 22193
FENGYUN 1C DEB          
1 30770U 99025AUG 26281.98287617  .00000352  00000+0  19996-3 0  9995
2 30770  98.6581 284.4958 0014275 140.4462 249.7222 14.15994269 11477
FENGYUN 1C DEB          
1 30771U 99025AUH 26281.96101268  .00004725  00000+0  13018-2 0  9997
2 30771  98.9175 277.0883 0022439 116.7750 243.5740 14.47216214 13978
FENGYUN 1C DEB          
1 30802U 99025AUL 26281.77255868  .00002631  00000+0  94221-3 0  9997
2 30802  98.8345  19.8261 0018745 232.3358 280.8338 14.34773302 15002
FENGYUN 1C DEB          
1 30803U 99025AUM 26281.60091672  .00001191  00000+0  63598-3 0  9994
2 30803  99.2244 328.6274 0105158  83.4640  69.3657 14.12462691  1770
FENGYUN 1C DEB          
1 30804U 99025AUN 26281.19805524  .00000642  00000+0  12911-3 0  9991
2 30804  98.8715  10.4496 0182661   1.7251  58.6827 14.55636783 38273
FENGYUN 1C DEB          
1 30805U 99025AUP 26281.05546116  .00000396  00000+0  27332-3 0  9995
2 30805  98.7929 319.1156 0072983 168.5540 221.7894 14.03433522  1580
FENGYUN 1C DEB          
1 30806U 99025AUQ 26281.28968961  .00000637  00000+0  58750-3 0  9993
2 30806  99.0180 294.9623 0268295  61.9439   2.6207 13.70954559977991
FENGYUN 1C DEB          
1 30809U 99025AUT 26280.50337111  .00001901  00000+0  72618-3 0  9991
2 30809  98.7864  17.4827 0048435  19.9718 340.3346 14.31277927 13530
FENGYUN 1C DEB          
1 30810U 99025AUU 26281.89591449  .00004908  00000+0  25306-2 0  9993
2 30810  98.6790  86.3779 0174329 286.9862  71.2268 14.08038826986021
FENGYUN 1C DEB          
1 30811U 99025AUV 26278.98670245  .00000955  00000+0  98719-3 0  9999
2 30811  98.7604 293.9127 0276530 349.2598  10.2717 13.62661323969145
FENGYUN 1C DEB          
1 30814U 99025AUY 26281.97178940  .00008785  00000+0  15587-2 0  9990
2 30814  99.0907 294.3627 0029045  35.6027 353.7145 14.67226467 21363
FENGYUN 1C DEB          
1 30815U 99025AUZ 26281.13240112  .00011856  00000+0  13119-2 0  9992
2 30815  99.2931 129.9233 0002863   5.4197 124.5910 14.87551422 21785
FENGYUN 1C DEB          
1 30816U 99025AVA 26281.67903226  .00002122  00000+0  10134-2 0  9994
2 30816  98.8967 358.4387 0050707 274.8044 240.6035 14.19611770  6466
FENGYUN 1C DEB          
1 30817U 99025AVB 26281.43548017  .00000031  00000+0  47868-4 0  9995
2 30817  98.7894 265.2300 0058572 128.7546 231.8875 14.00877752   942
FENGYUN 1C DEB          
1 30820U 99025AVE 26281.76641576  .00002211  00000+0  98084-3 0  9996
2 30820  98.6764  18.4077 0049081  40.5318 111.0009 14.23418609  6876
FENGYUN 1C DEB          
1 30821U 99025AVF 26278.95701527  .00000969  00000+0  24747-3 0  9990
2 30821  99.1361  91.1115 0085627  37.6750 114.4757 14.50978078 30976
FENGYUN 1C DEB          
1 30822U 99025AVG 26281.91458659  .00000321  00000+0  19452-3 0  9995
2 30822  98.7088 306.5612 0074519 152.0397 328.1046 14.11658473  9321
FENGYUN 1C DEB          
1 30823U 99025AVH 26281.33341922  .00000149  00000+0  11514-3 0  9995
2 30823  98.8049  56.8158 0132443 327.4578  60.9546 14.02853179  2251
FENGYUN 1C DEB          
1 30826U 99025AVL 26281.60984301  .00002603  00000+0  26485-3 0  9992
2 30826  98.8348 154.3263 0139720 122.6421 268.8702 14.84814497 47335
FENGYUN 1C DEB          
1 30827U 99025AVM 26281.95423167  .00005322  00000+0  16211-2 0  9995
2 30827  99.0159 288.0729 0043242  15.4802 344.7697 14.41907872  8580
FENGYUN 1C DEB          
1 30828U 99025AVN 26281.30796119  .00004206  00000+0  38450-3 0  9995
2 30828  98.3977  46.7788 0189806 298.1078  60.1063 14.82907577 30743
FENGYUN 1C DEB          
1 30829U 99025AVP 26281.44823299  .00000258  00000+0  17309-3 0  9994
2 30829  98.7981 271.5848 0034990 206.0266 153.9146 14.09015502  6493
FENGYUN 1C DEB          
1 30830U 99025AVQ 26281.94150029  .00000267  00000+0  16678-3 0  9993
2 30830  98.7560 268.0339 0031961  57.9662 329.5211 14.12488534  8345
FENGYUN 1C DEB          
1 30831U 99025AVR 26281.32644963  .00000357  00000+0  15088-3 0  9995
2 30831  99.3554 101.6701 0054041 250.6140 108.9194 14.31650112695365
FENGYUN 1C DEB          
1 30833U 99025AVT 26279.77579909  .00000383  00000+0  17784-3 0  9994
2 30833  99.8679 108.4450 0033195  63.8212 296.6372 14.27279844686623
FENGYUN 1C DEB          
1 30836U 99025AVW 26278.87151588  .00000363  00000+0  21952-3 0  9996
2 30836  98.7150 308.7129 0027349 120.5267 239.8609 14.12255687661977
FENGYUN 1C DEB          
1 30837U 99025AVX 26281.93148068  .00000370  00000+0  21294-3 0  9994
2 30837  98.7077 265.3409 0032557 359.1534  29.1709 14.14848872 10558
FENGYUN 1C DEB          
1 30838U 99025AVY 26281.79547886  .00006457  00000+0  15882-2 0  9997
2 30838  99.0446 222.6602 0034677 343.8763  16.1324 14.52278435 16596
FENGYUN 1C DEB          
1 30840U 99025AWA 26281.98017048  .00001745  00000+0  25234-3 0  9991
2 30840  98.0180 289.9192 0211922 144.6300 216.9174 14.63242262775199
FENGYUN 1C DEB          
1 30843U 99025AWD 26280.21589945  .00000264  00000+0  68565-4 0  9999
2 30843  98.8234  12.4778 0146125 296.0229  62.5980 14.52895216 36240
FENGYUN 1C DEB          
1 30845U 99025AWF 26281.89486937  .00000173  00000+0  18490-3 0  9993
2 30845  98.4061 252.4859 0192458 177.3400 212.3641 13.77053491983746
FENGYUN 1C DEB          
1 30846U 99025AWG 26281.87010824  .00001358  00000+0  41558-3 0  9997
2 30846  99.3163 127.7772 0052401 175.2289 311.2654 14.42864151 22476
FENGYUN 1C DEB          
1 30847U 99025AWH 26281.90977993  .00002072  00000+0  99633-3 0  9992
2 30847  98.7601  82.5976 0063557 186.7603 328.8275 14.18848716  3094
FENGYUN 1C DEB          
1 30848U 99025AWJ 26281.38165692  .00001429  00000+0  50313-3 0  9997
2 30848  99.0366 135.8456 0041508 177.6613 182.4773 14.36011795 16061
FENGYUN 1C DEB          
1 30849U 99025AWK 26281.68824963  .00001609  00000+0  76565-3 0  9991
2 30849  99.0272 352.7922 0048769 228.7999 283.3056 14.20252630  6227
FENGYUN 1C DEB          
1 30850U 99025AWL 26281.53519811  .00002617  00000+0  12166-2 0  9996
2 30850  98.3815 135.4304 0110433  48.7415  11.1765 14.18197312   438
FENGYUN 1C DEB          
1 30852U 99025AWN 26281.98574266  .00000548  00000+0  32534-3 0  9995
2 30852  98.7201 296.0030 0057497 103.7233 257.0348 14.10724829  6078
FENGYUN 1C DEB          
1 30856U 99025AWS 26281.45725340  .00008108  00000+0  18307-2 0  9993
2 30856  98.2016 103.8696 0077378  36.2573  23.5147 14.54672182  8629
FENGYUN 1C DEB          
1 30857U 99025AWT 26280.51997277  .00009045  00000+0  18498-2 0  9992
2 30857  98.9699 297.9394 0036492 109.2035 251.3117 14.60655641 10742
FENGYUN 1C DEB          
1 30858U 99025AWU 26281.83273074  .00000413  00000+0  22175-3 0  9999
2 30858  98.7642 341.1333 0028797 331.0646  96.5000 14.18168985 12336
FENGYUN 1C DEB          
1 30859U 99025AWV 26281.90918500  .00008412  00000+0  19687-2 0  9998
2 30859  98.9157 355.5317 0030680 200.9953 158.9985 14.54583996 13889
FENGYUN 1C DEB          
1 30860U 99025AWW 26281.66831671  .00001684  00000+0  70354-3 0  9999
2 30860  98.8912   4.8801 0037105  43.2472 317.1611 14.27158231  7927
FENGYUN 1C DEB          
1 30862U 99025AWY 26280.27200171  .00004723  00000+0  12607-2 0  9995
2 30862  98.9577  32.6873 0044825 350.7732  38.8495 14.48308816 10073
FENGYUN 1C DEB          
1 30863U 99025AWZ 26281.30165336  .00000991  00000+0  19939-2 0  9992
2 30863  99.1505  47.1345 0865656 338.5583  43.3132 12.41259112634564
FENGYUN 1C DEB          
1 30867U 99025AXD 26281.61231126  .00002174  00000+0  84100-3 0  9999
2 30867  97.8609 164.6374 0048070 175.4812 213.9970 14.30328133  8224
FENGYUN 1C DEB          
1 30868U 99025AXE 26278.37330368  .00000146  00000+0  93015-4 0  9990
2 30868  98.2208 137.3651 0136912  79.6123  94.1177 14.11248966  8933
FENGYUN 1C DEB          
1 30872U 99025AXJ 26280.17816183  .00001599  00000+0  50952-3 0  9995
2 30872  99.1631 358.8285 0041396 231.1716 158.4260 14.40852368 20171
FENGYUN 1C DEB          
1 30873U 99025AXK 26281.77997927  .00000177  00000+0  98050-4 0  9992
2 30873  98.6238 278.9733 0109104 142.1557 218.7354 14.19357285 14491
FENGYUN 1C DEB          
1 30874U 99025AXL 26281.54707105  .00000514  00000+0  25848-3 0  9994
2 30874  98.4641 304.5368 0040300 249.1823 263.4106 14.20124454 12711
FENGYUN 1C DEB          
1 30876U 99025AXN 26281.92032904 -.00000104  00000+0 -41964-4 0  9991
2 30876  98.8414 261.1546 0067950 164.0635 223.9390 13.99379563999085
FENGYUN 1C DEB          
1 30878U 99025AXQ 26278.94831035  .00000507  00000+0  29601-3 0  9991
2 30878  98.7299 277.5142 0040503 167.0994 224.5242 14.12397514  5517
FENGYUN 1C DEB          
1 30879U 99025AXR 26281.97463818  .00018842  00000+0  19140-2 0  9996
2 30879  99.3293 189.9173 0164979  71.1990 290.7033 14.81239866663664
FENGYUN 1C DEB          
1 30880U 99025AXS 26281.68740459  .00001635  00000+0  68755-3 0  9994
2 30880  98.7766 359.4675 0019728 312.6668  47.2850 14.27109051  9883
FENGYUN 1C DEB          
1 30882U 99025AXU 26281.95915816  .00008761  00000+0  71042-3 0  9997
2 30882  97.9041 343.0570 0138918 130.7755 230.5617 14.92582661 41208
FENGYUN 1C DEB          
1 30883U 99025AXV 26280.91876338  .00000199  00000+0  11602-3 0  9991
2 30883  98.3313 303.6340 0113224  71.1189  46.5044 14.14735409 11328
FENGYUN 1C DEB          
1 30884U 99025AXW 26281.51106272  .00006245  00000+0  82138-3 0  9992
2 30884  98.8847 310.6207 0060958 113.2825 247.4815 14.79305785 30595
FENGYUN 1C DEB          
1 30885U 99025AXX 26281.57871302  .00004995  00000+0  11864-2 0  9999
2 30885  99.0102 149.0831 0052533  35.7515 354.5445 14.53564975 13011
FENGYUN 1C DEB          
1 30886U 99025AXY 26280.19838532  .00001975  00000+0  86946-3 0  9994
2 30886  99.1948 191.9024 0032661 267.5360  92.2078 14.24422965  6395
FENGYUN 1C DEB          
1 30887U 99025AXZ 26281.61462995  .00001836  00000+0  34370-3 0  9999
2 30887  98.3301 338.1142 0260752  96.2749 266.8209 14.46451004 24540
FENGYUN 1C DEB          
1 30888U 99025AYA 26281.35357928  .00006617  00000+0  49291-3 0  9990
2 30888  99.4691 329.2509 0069834 270.8674  88.4543 15.01439660 44039
FENGYUN 1C DEB          
1 30891U 99025AYD 26281.94629925  .00000742  00000+0  46828-3 0  9994
2 30891  98.7488 325.0031 0056625  66.0705  55.7423 14.06378428  1919
FENGYUN 1C DEB          
1 30892U 99025AYE 26279.18697561  .00000441  00000+0  23294-3 0  9997
2 30892  99.6979 254.6117 0039140  79.5956 280.9624 14.19359506685224
FENGYUN 1C DEB          
1 30893U 99025AYF 26277.26737057  .00000926  00000+0  48652-3 0  9993
2 30893  98.2453 278.5370 0306486 344.6129  26.4500 13.94818883990046
FENGYUN 1C DEB          
1 30895U 99025AYH 26281.18085058  .00000372  00000+0  12286-3 0  9997
2 30895  98.6877 355.6967 0214835 323.8300  62.3887 14.32099854 20725
FENGYUN 1C DEB          
1 30899U 99025AYM 26281.58092914  .00003777  00000+0  13189-2 0  9998
2 30899  99.1672 202.4427 0030839 135.3801 351.2824 14.35624834  8902
FENGYUN 1C DEB          
1 30902U 99025AYQ 26274.28976639  .00001430  00000+0  54698-3 0  9992
2 30902 100.2598 303.0017 0091136 186.2977 173.7061 14.30402344756744
FENGYUN 1C DEB          
1 30903U 99025AYR 26279.93619359  .00000291  00000+0  22959-3 0  9992
2 30903  99.3346 176.0341 0096400   2.2837 357.8747 13.97721212728704
FENGYUN 1C DEB          
1 30905U 99025AYT 26280.02006322  .00001552  00000+0  74758-3 0  9991
2 30905  98.8781   0.8682 0052808 309.1585  50.4905 14.19495921  2996
FENGYUN 1C DEB          
1 30906U 99025AYU 26279.21486165  .00000972  00000+0  47275-3 0  9997
2 30906  99.1795 279.5923 0076645 127.1704 233.6501 14.19133483682965
FENGYUN 1C DEB          
1 30907U 99025AYV 26276.95283096  .00000886  00000+0  46976-3 0  9995
2 30907  99.9276 335.6131 0056472  47.6377 312.9555 14.15923095 57262
FENGYUN 1C DEB          
1 30912U 99025AZA 26281.91406231  .00009624  00000+0  82614-3 0  9999
2 30912  98.9649 170.8164 0048764 212.3285 147.4942 14.96812839 38824
FENGYUN 1C DEB          
1 30913U 99025AZB 26281.52360738  .00000429  00000+0  28682-3 0  9997
2 30913  98.7230 302.4253 0048931  60.8131 299.7920 14.05452003  1160
FENGYUN 1C DEB          
1 30914U 99025AZC 26278.43421970  .00001534  00000+0  23915-2 0  9991
2 30914  99.9818 148.7919 0510528  31.7282 331.3553 13.09683222629585
FENGYUN 1C DEB          
1 30915U 99025AZD 26281.70572301  .00001741  00000+0  72633-3 0  9993
2 30915  98.9317   8.7860 0050043  20.8932 339.4278 14.26900411  7744
FENGYUN 1C DEB          
1 30916U 99025AZE 26281.67163213  .00000963  00000+0  56239-3 0  9997
2 30916  98.9704 346.2726 0064971 138.1960  13.4239 14.09737066   367
FENGYUN 1C DEB          
1 30918U 99025AZG 26281.21521838  .00000614  00000+0  41822-3 0  9995
2 30918  98.4231  13.5632 0155188   7.0645  22.2125 13.97641616992356
FENGYUN 1C DEB          
1 30920U 99025AZJ 26280.63162191  .00003704  00000+0  16694-2 0  9997
2 30920  98.9141  68.4431 0105885 323.6399  35.7615 14.19901422993311
FENGYUN 1C DEB          
1 30921U 99025AZK 26281.75605919  .00002757  00000+0  98058-3 0  9994
2 30921  98.8406  20.8450 0018035 228.4013 292.4332 14.35096421 11123
FENGYUN 1C DEB          
1 30922U 99025AZL 26279.83959812  .00000687  00000+0  35519-3 0  9998
2 30922  98.6295 292.4265 0012696 273.3525 211.8201 14.18110141  7888
FENGYUN 1C DEB          
1 30925U 99025AZP 26281.35747899  .00003995  00000+0  10991-2 0  9992
2 30925  98.8959  72.2274 0030809  64.5802  10.5423 14.47250856 13964
FENGYUN 1C DEB          
1 30926U 99025AZQ 26281.92282958  .00002253  00000+0  18019-3 0  9992
2 30926  98.8386 262.8775 0158566 134.5226 226.9072 14.92113272 52406
FENGYUN 1C DEB          
1 30927U 99025AZR 26280.13877223  .00001924  00000+0  10604-2 0  9995
2 30927  99.1675 351.3199 0097528 250.4206 108.6414 14.10420403998886
FENGYUN 1C DEB          
1 30928U 99025AZS 26281.61769944  .00000415  00000+0  62580-3 0  9995
2 30928  98.8649 331.8299 0450556  20.8192 128.7582 13.22754104943121
FENGYUN 1C DEB          
1 30930U 99025AZU 26281.86192221  .00000657  00000+0  21739-3 0  9992
2 30930  98.1909 301.5445 0106365 283.4914 202.3935 14.38004492 26352
FENGYUN 1C DEB          
1 30931U 99025AZV 26281.65823975  .00000551  00000+0  37700-3 0  9995
2 30931  99.1405 345.3039 0091677 292.5104 220.7519 14.02068436  1209
FENGYUN 1C DEB          
1 30932U 99025AZW 26281.78945267  .00003105  00000+0  12087-2 0  9997
2 30932  98.9137 226.0128 0054243 137.6140 222.9250 14.29711984  6652
FENGYUN 1C DEB          
1 30933U 99025AZX 26281.47057546  .00005534  00000+0  16221-2 0  9990
2 30933  99.0567 286.1736 0067440 156.7744 359.6236 14.42982330  1847
FENGYUN 1C DEB          
1 30934U 99025AZY 26281.79400206  .00001042  00000+0  12324-2 0  9991
2 30934  98.7393 126.9641 0341379  36.2888 326.0887 13.47549400957485
FENGYUN 1C DEB          
1 30936U 99025BAA 26281.59424448  .00000599  00000+0  27668-3 0  9999
2 30936  98.5531 309.6196 0047490 137.0598  15.4828 14.23924242 13998
FENGYUN 1C DEB          
1 30937U 99025BAB 26281.62917608 -.00000020  00000+0  17397-4 0  9998
2 30937  99.0465 334.1379 0074261 312.2957 200.4481 13.95656086998998
FENGYUN 1C DEB          
1 30938U 99025BAC 26281.53659983  .00000382  00000+0  19700-3 0  9997
2 30938  98.5838 291.1938 0045609 194.1481 319.2101 14.20195271 13745
FENGYUN 1C DEB          
1 30940U 99025BAE 26281.21143611  .00000483  00000+0  30282-3 0  9991
2 30940  98.6378 273.6810 0039675 233.0634 187.3042 14.08683880  2583
FENGYUN 1C DEB          
1 30941U 99025BAF 26281.57092458  .00002731  00000+0  10009-2 0  9995
2 30941  98.5287 138.8955 0030861 146.4525 213.8622 14.33354106  9140
FENGYUN 1C DEB          
1 30942U 99025BAG 26281.46609200  .00000270  00000+0  14808-3 0  9991
2 30942  98.6945 276.9156 0136116 329.5705 183.7996 14.15110393  8386
FENGYUN 1C DEB          
1 30943U 99025BAH 26278.73731692  .00000417  00000+0  28388-3 0  9990
2 30943  98.7901 288.3698 0049073 313.9741  45.7384 14.04718440999113
FENGYUN 1C DEB          
1 30944U 99025BAJ 26280.18876872  .00000281  00000+0  72229-4 0  9996
2 30944  98.8153 356.5492 0146340 276.9192 109.7139 14.52819438 33858
FENGYUN 1C DEB          
1 30945U 99025BAK 26281.06654462  .00001902  00000+0  72830-3 0  9992
2 30945  99.3778 318.3811 0028735 255.7150 160.8745 14.31731447  6957
FENGYUN 1C DEB          
1 30946U 99025BAL 26281.87929638  .00001084  00000+0  28406-3 0  9993
2 30946  99.0737  63.6969 0087396  17.1188 133.9859 14.49343608 26814
FENGYUN 1C DEB          
1 30947U 99025BAM 26281.67537514  .00000480  00000+0  16362-3 0  9997
2 30947  98.7783 183.5340 0097350  79.6017 281.6124 14.38473464 28003
FENGYUN 1C DEB          
1 30949U 99025BAP 26281.92371031  .00000190  00000+0  11431-3 0  9997
2 30949  98.7175 273.7396 0116701 172.0755 218.5052 14.14278614  7574
FENGYUN 1C DEB          
1 30954U 99025BAU 26281.72998818  .00000904  00000+0  44500-3 0  9995
2 30954  98.7166  20.1345 0126306  50.1541 104.7682 14.15912271  6309
FENGYUN 1C DEB          
1 30956U 99025BAW 26281.54544707  .00000828  00000+0  44406-3 0  9991
2 30956  98.7345 314.4877 0049987 205.3285 311.9033 14.15072399  5474
FENGYUN 1C DEB          
1 30959U 99025BAZ 26279.25551539  .00003740  00000+0  11560-2 0  9990
2 30959  99.7085 271.7865 0050224  68.5084 292.1445 14.41270699646675
FENGYUN 1C DEB          
1 30960U 99025BBA 26275.64499208  .00002124  00000+0  27569-3 0  9997
2 30960  99.0307  67.0784 0182809 332.7749  26.3960 14.71091752 29917
FENGYUN 1C DEB          
1 30964U 99025BBE 26281.85100510  .00001109  00000+0  69879-3 0  9998
2 30964  98.6866 239.4477 0137800 117.6321 274.7150 14.01603935995981
FENGYUN 1C DEB          
1 30967U 99025BBH 26281.13288269  .00002254  00000+0  46216-3 0  9992
2 30967  98.7964 249.0604 0094115  44.1998 316.6669 14.59060638 33690
FENGYUN 1C DEB          
1 30971U 99025BBM 26281.18930178  .00001464  00000+0  19320-3 0  9993
2 30971  99.1795   9.2794 0158079 345.4205  43.7231 14.73750841 41247
FENGYUN 1C DEB          
1 30978U 99025BBU 26279.37352058  .00002029  00000+0  66011-3 0  9990
2 30978  98.2279 314.6911 0039652  45.5996 314.8427 14.39329960 27198
FENGYUN 1C DEB          
1 30979U 99025BBV 26281.67588661  .00007949  00000+0  73417-3 0  9992
2 30979  97.8010 178.0758 0177962 343.6484  45.0668 14.83555349 35638
FENGYUN 1C DEB          
1 30982U 99025BBY 26281.46927498  .00000603  00000+0  13204-3 0  9996
2 30982  98.2410 270.5565 0180787 110.2209  38.4364 14.51592452754017
FENGYUN 1C DEB          
1 30984U 99025BCA 26280.55466964  .00001376  00000+0  31810-3 0  9994
2 30984  98.2343 316.3595 0125083 169.0362 191.3606 14.52065348994986
FENGYUN 1C DEB          
1 30985U 99025BCB 26280.08584584  .00003622  00000+0  12498-2 0  9998
2 30985  99.2311 221.7623 0039294 226.8086 198.2722 14.36096113658457
FENGYUN 1C DEB          
1 30989U 99025BCF 26281.70400854  .00001394  00000+0  71475-3 0  9994
2 30989  99.0387   4.1545 0086854 330.0620  29.5602 14.15208307  1962
FENGYUN 1C DEB          
1 30993U 99025BCK 26281.81982177  .00003269  00000+0  10901-2 0  9993
2 30993  98.8486  27.5275 0018120 204.9584 314.1834 14.38178268 12309
FENGYUN 1C DEB          
1 30994U 99025BCL 26281.95490091  .00000170  00000+0  11608-3 0  9992
2 30994  98.7006 286.4019 0018595  46.6690 313.6029 14.11919790  8213
FENGYUN 1C DEB          
1 30996U 99025BCN 26281.72844676  .00001179  00000+0  41101-3 0  9992
2 30996  98.9355 202.7882 0049822 127.8088 262.2400 14.36587987 18672
FENGYUN 1C DEB          
1 30998U 99025BCQ 26281.78973877  .00005331  00000+0  13141-2 0  9992
2 30998  98.8261  24.6525 0010109  12.2216 138.5048 14.52572944 15259
FENGYUN 1C DEB          
1 30999U 99025BCR 26281.30560247  .00001491  00000+0  29707-3 0  9993
2 30999  99.0850 128.5794 0110502 147.5020 213.3044 14.59983013 31865
FENGYUN 1C DEB          
1 31000U 99025BCS 26275.20830042  .00000603  00000+0  31856-3 0  9994
2 31000  97.5636 262.3369 0162287 288.0577 132.1332 14.10222005740920
FENGYUN 1C DEB          
1 31001U 99025BCT 26281.70322079  .00001180  00000+0  32112-3 0  9990
2 31001  99.2385 185.5086 0145559 350.1774   9.6575 14.43633722 25129
FENGYUN 1C DEB          
1 31002U 99025BCU 26281.48970044  .00000585  00000+0  41396-3 0  9999
2 31002  98.8824 289.5126 0097554 236.6934 278.7594 13.99460164997979
FENGYUN 1C DEB          
1 31003U 99025BCV 26281.68593390  .00001722  00000+0  72896-3 0  9990
2 31003  98.8313   5.7763 0039907  67.4098 293.1296 14.26368871  7781
FENGYUN 1C DEB          
1 31005U 99025BCX 26281.83035522  .00001234  00000+0  10058-2 0  9996
2 31005  98.6336  36.0430 0181004 228.2125 286.1663 13.84205290984319
FENGYUN 1C DEB          
1 31007U 99025BCZ 26281.67879487  .00004644  00000+0  87356-3 0  9990
2 31007  98.1043 272.3172 0059390 174.6025 185.5831 14.63953631 24685
FENGYUN 1C DEB          
1 31009U 99025BDB 26281.95463519 -.00000085  00000+0 -28195-4 0  9992
2 31009  98.9142 275.1626 0056414 123.6961 266.2345 14.00564909   573
FENGYUN 1C DEB          
1 31010U 99025BDC 26281.66149500  .00004463  00000+0  16502-2 0  9992
2 31010 101.7175 175.6844 0105307 292.4031  66.6010 14.30119731999119
FENGYUN 1C DEB          
1 31012U 99025BDE 26281.21468774  .00000192  00000+0  91990-4 0  9993
2 31012  98.8891 190.0390 0083071 102.0478  57.9454 14.28091180 20027
FENGYUN 1C DEB          
1 31014U 99025BDG 26281.85965020  .00000459  00000+0  33783-3 0  9992
2 31014  98.9056 253.2439 0089699  83.8211 306.7080 13.98586931   322
FENGYUN 1C DEB          
1 31016U 99025BDJ 26280.50600584  .00000321  00000+0  12882-3 0  9991
2 31016  98.4259 292.3609 0113698 110.6821  41.5584 14.30863690 17429
FENGYUN 1C DEB          
1 31017U 99025BDK 26281.41488372  .00000375  00000+0  22730-3 0  9994
2 31017  98.7102 262.1148 0111670 220.8948 297.6027 14.09146970  5159
FENGYUN 1C DEB          
1 31018U 99025BDL 26281.72795001  .00001762  00000+0  85983-3 0  9999
2 31018  99.0211  18.1807 0055778 351.7954   8.2303 14.18581355  3064
FENGYUN 1C DEB          
1 31019U 99025BDM 26280.53646044 -.00000542  00000+0 -14359-2 0  9995
2 31019  98.7313  22.0046 1106194  67.1814 358.2498 11.83625940587154
FENGYUN 1C DEB          
1 31021U 99025BDP 26280.15610477  .00002791  00000+0  22115-3 0  9993
2 31021  98.3775  46.9711 0255977   8.2654 352.2652 14.79200461778399
FENGYUN 1C DEB          
1 31022U 99025BDQ 26279.46181798  .00000304  00000+0  26681-3 0  9995
2 31022  99.4839 174.7408 0110809  44.9797 316.0271 13.90732645661465
FENGYUN 1C DEB          
1 31023U 99025BDR 26275.17609413  .00000313  00000+0  20681-3 0  9993
2 31023  98.8428 258.6429 0083281 116.9307 244.0401 14.06829323736273
FENGYUN 1C DEB          
1 31024U 99025BDS 26280.01343285  .00000334  00000+0  17045-3 0  9998
2 31024  99.0425 205.3469 0074552 353.7120   6.3114 14.21191718  9384
FENGYUN 1C DEB          
1 31025U 99025BDT 26281.19517053  .00000485  00000+0  21025-3 0  9995
2 31025  98.6051 268.3733 0170223 224.7458 133.9883 14.21240748686188
FENGYUN 1C DEB          
1 31026U 99025BDU 26279.57513410  .00000123  00000+0  13672-3 0  9996
2 31026  98.7916 200.7473 0135397  97.0553  77.4761 13.83514787721441
FENGYUN 1C DEB          
1 31028U 99025BDW 26276.01108404  .00000102  00000+0  10497-3 0  9996
2 31028  98.7121 194.0093 0164066 208.1531 151.0685 13.89249602660892
FENGYUN 1C DEB          
1 31029U 99025BDX 26281.71178119  .00000479  00000+0  17796-3 0  9996
2 31029  98.8362 190.8446 0087439 272.6113 116.0248 14.34819272 20913
FENGYUN 1C DEB          
1 31030U 99025BDY 26280.00990833  .00001055  00000+0  47086-3 0  9990
2 31030  98.7404 345.7212 0025710 297.3315 184.3459 14.24697784  9465
FENGYUN 1C DEB          
1 31031U 99025BDZ 26281.62451712  .00000537  00000+0  26600-3 0  9991
2 31031  99.0779 211.9143 0029243  51.7974  71.0766 14.21451190 11091
FENGYUN 1C DEB          
1 31032U 99025BEA 26281.75254321  .00001253  00000+0  76326-3 0  9999
2 31032  99.3891 305.1822 0138286  93.2884 335.3350 14.03392103991886
FENGYUN 1C DEB          
1 31033U 99025BEB 26281.74199281  .00000354  00000+0  14310-3 0  9998
2 31033  98.4743 255.5619 0151589 308.9992 174.2212 14.27794726 16217
FENGYUN 1C DEB          
1 31035U 99025BED 26274.60214503  .00001903  00000+0  38564-3 0  9990
2 31035  98.6575  39.6479 0173997  56.7427   7.7969 14.53380420 14686
FENGYUN 1C DEB          
1 31036U 99025BEE 26281.84970508  .00000404  00000+0  10621-3 0  9998
2 31036  98.9448  50.7479 0138559  83.4217  66.3120 14.49545466616543
FENGYUN 1C DEB          
1 31038U 99025BEG 26281.77987894  .00000977  00000+0  27223-3 0  9999
2 31038  99.0139  29.5724 0083704  55.0431 305.8584 14.46809164 25684
FENGYUN 1C DEB          
1 31040U 99025BEJ 26280.43083929  .00000355  00000+0  19046-3 0  9994
2 31040  98.6828 268.2616 0063419  56.8909  97.0351 14.18014231  9360
FENGYUN 1C DEB          
1 31041U 99025BEK 26281.57502319  .00002405  00000+0  11102-2 0  9992
2 31041  99.1912 326.3603 0087019 190.2997 169.6398 14.19991900997423
FENGYUN 1C DEB          
1 31043U 99025BEM 26281.55144391  .00000397  00000+0  25317-3 0  9996
2 31043  98.7508 295.7405 0040332 235.4236 277.5491 14.08840229  2082
FENGYUN 1C DEB          
1 31046U 99025BEQ 26281.91097546  .00023630  00000+0  31503-2 0  9996
2 31046  98.9616  77.1684 0035619 247.4531 265.4101 14.79173196 10534
FENGYUN 1C DEB          
1 31047U 99025BER 26281.94290538  .00000465  00000+0  26506-3 0  9995
2 31047  98.7156 276.7218 0026496  45.0088 345.0911 14.14249691  5591
FENGYUN 1C DEB          
1 31049U 99025BET 26280.82247768  .00000284  00000+0  20247-3 0  9995
2 31049  98.8001 287.3398 0051212  14.1381 346.1207 14.04510270653139
FENGYUN 1C DEB          
1 31051U 99025BEV 26266.85784110  .00000556  00000+0  37922-3 0  9992
2 31051  98.7915 293.1393 0053173  60.2558 300.3885 14.03192081678171
FENGYUN 1C DEB          
1 31053U 99025BEX 26281.26118071  .00001022  00000+0  76373-3 0  9995
2 31053  98.8183  26.9499 0304850  13.3333 347.5653 13.77009998975979
FENGYUN 1C DEB          
1 31054U 99025BEY 26280.25839414  .00000151  00000+0  10509-3 0  9996
2 31054  98.6842 289.0966 0009740   0.3354  60.0506 14.12321507  9605
FENGYUN 1C DEB          
1 31055U 99025BEZ 26281.88488834  .00000405  00000+0  25008-3 0  9995
2 31055  98.7301 309.9401 0025659 140.3407 344.5815 14.10676307  3510
FENGYUN 1C DEB          
1 31056U 99025BFA 26281.41305418  .00000306  00000+0  18077-3 0  9999
2 31056  98.6996 260.7472 0024928 202.3509 313.6208 14.14647808 10500
FENGYUN 1C DEB          
1 31057U 99025BFB 26277.49718615  .00003078  00000+0  33244-3 0  9992
2 31057  99.2283   7.0609 0129740  46.3187 314.8687 14.83301880663328
FENGYUN 1C DEB          
1 31058U 99025BFC 26281.25215315  .00002718  00000+0  33977-3 0  9994
2 31058  99.5874 292.4716 0085765 262.4558  96.6900 14.80912999 39212
FENGYUN 1C DEB          
1 31062U 99025BFG 26281.70656545  .00000068  00000+0  10254-3 0  9992
2 31062  99.0157  92.8227 0170954 241.6382 178.5929 13.75811755983584
FENGYUN 1C DEB          
1 31064U 99025BFJ 26281.43861942  .00000225  00000+0  91511-4 0  9994
2 31064  98.6064 261.8672 0239417 210.3288 303.6442 14.22559818 15116
FENGYUN 1C DEB          
1 31065U 99025BFK 26279.31000612  .00001076  00000+0  43757-3 0  9991
2 31065  98.4514 294.4378 0033321 232.3792 127.4364 14.29233580688270
FENGYUN 1C DEB          
1 31068U 99025BFN 26278.72443978  .00000274  00000+0  16022-3 0  9998
2 31068  98.6636 254.1957 0164515 356.1850   3.8055 14.09406196  3476
FENGYUN 1C DEB          
1 31069U 99025BFP 26279.75515986  .00001621  00000+0  33501-3 0  9990
2 31069  99.1120 113.3866 0099992 254.7973 104.2149 14.58925212 30256
FENGYUN 1C DEB          
1 31071U 99025BFR 26275.10824083  .00002089  00000+0  48955-3 0  9997
2 31071  99.0356  20.8403 0055315 118.0381 242.6423 14.54826163697571
FENGYUN 1C DEB          
1 31072U 99025BFS 26281.55740857  .00000778  00000+0  27693-3 0  9999
2 31072  99.3184 311.4260 0206415 321.1607  37.4889 14.26464076  9024
FENGYUN 1C DEB          
1 31073U 99025BFT 26281.87352462  .00001500  00000+0  64026-3 0  9991
2 31073  99.1906 151.5553 0044145 144.1023 216.3136 14.26158519 13590
FENGYUN 1C DEB          
1 31074U 99025BFU 26281.21899329  .00002155  00000+0  10709-2 0  9993
2 31074  98.9552 202.6138 0084703 132.2574 228.5824 14.16300330998168
FENGYUN 1C DEB          
1 31078U 99025BFY 26279.00092684  .00000501  00000+0  22800-3 0  9999
2 31078  98.8345 345.6545 0115201  13.4270 109.3265 14.22651113 10684
FENGYUN 1C DEB          
1 31080U 99025BGA 26252.21710589  .00001812  00000+0  76443-3 0  9995
2 31080  99.1168  48.3740 0067280  40.6550 319.9624 14.25769786668062
FENGYUN 1C DEB          
1 31081U 99025BGB 26281.99709579 -.00000102  00000+0 -35665-4 0  9995
2 31081  98.7589 293.9113 0049198 107.0069 283.2776 14.06348459  6727
FENGYUN 1C DEB          
1 31082U 99025BGC 26281.79214949  .00000824  00000+0  44542-3 0  9998
2 31082  98.6737 285.2337 0069894  64.3964 296.4411 14.13973258  4895
FENGYUN 1C DEB          
1 31083U 99025BGD 26281.83257457  .00009942  00000+0  16840-2 0  9994
2 31083  98.6620  60.3805 0028257  97.4259  64.1815 14.69238140 20993
FENGYUN 1C DEB          
1 31085U 99025BGF 26281.06460264  .00000095  00000+0  52416-4 0  9994
2 31085  98.9544 136.2517 0085923 226.8213 288.5408 14.30457207 19956
FENGYUN 1C DEB          
1 31087U 99025BGH 26281.52321641  .00002515  00000+0  41412-3 0  9994
2 31087  98.0839 300.6500 0169089  70.5656  81.4175 14.62338998 31490
FENGYUN 1C DEB          
1 31088U 99025BGJ 26281.73315787  .00002568  00000+0  99763-3 0  9992
2 31088  99.3962  10.5879 0027025 276.1493 236.0739 14.30663201  8237
FENGYUN 1C DEB          
1 31089U 99025BGK 26279.88699633  .00000320  00000+0  25287-3 0  9995
2 31089  98.9864  55.7372 0205655 122.2055  29.4937 13.88744426721973
FENGYUN 1C DEB          
1 31091U 99025BGM 26279.13495075  .00000138  00000+0  20411-3 0  9991
2 31091  99.2566 242.2520 0287532 293.4577  63.6579 13.54494098656655
FENGYUN 1C DEB          
1 31092U 99025BGN 26281.75849352  .00000817  00000+0  10157-2 0  9993
2 31092  99.7404  34.5146 0328327 115.7284 247.8127 13.47090976959208
FENGYUN 1C DEB          
1 31093U 99025BGP 26281.96737496  .00000311  00000+0  27971-3 0  9994
2 31093  98.5960  99.1719 0208956 129.4541 232.5310 13.80879561986509
FENGYUN 1C DEB          
1 31094U 99025BGQ 26281.59871208  .00001258  00000+0  79595-3 0  9994
2 31094  98.8377 146.0964 0104479 292.9283  66.0884 14.03196161998236
FENGYUN 1C DEB          
1 31095U 99025BGR 26279.70452662  .00000439  00000+0  77590-3 0  9997
2 31095  98.5879   8.3774 0499495 198.6255 159.5987 13.06765013933394
FENGYUN 1C DEB          
1 31097U 99025BGT 26280.37870844  .00004684  00000+0  11653-2 0  9993
2 31097  98.8692  63.5962 0014068  94.8846 320.7777 14.52183769 13657
FENGYUN 1C DEB          
1 31098U 99025BGU 26281.84838743  .00008119  00000+0  17715-2 0  9991
2 31098  98.8795  63.3527 0011803  67.1805 293.0637 14.58094605 13236
FENGYUN 1C DEB          
1 31099U 99025BGV 26280.26730808  .00000319  00000+0  14310-3 0  9993
2 31099  98.9106 184.3316 0063672 134.1504 354.3458 14.28261377 17253
FENGYUN 1C DEB          
1 31146U 99025BGY 26281.79411433  .00001237  00000+0  40487-3 0  9999
2 31146  99.0662 228.8156 0211500  19.7038 341.2160 14.28534151 10392
FENGYUN 1C DEB          
1 31148U 99025BHA 26281.67328657  .00001693  00000+0  45105-3 0  9991
2 31148  98.8392 184.5855 0131046 235.6584 123.2151 14.44966513 18098
FENGYUN 1C DEB          
1 31150U 99025BHC 26281.96494111  .00000155  00000+0  10624-3 0  9995
2 31150  98.6860 286.6098 0015496  31.4738 359.4884 14.12884804  5331
FENGYUN 1C DEB          
1 31151U 99025BHD 26281.53865764  .00002668  00000+0  10696-2 0  9994
2 31151  99.1265 305.2035 0053675 240.3816 119.2011 14.28392545  2519
FENGYUN 1C DEB          
1 31152U 99025BHE 26281.43075126  .00000081  00000+0  40109-4 0  9990
2 31152  98.4432 266.4900 0128338 218.8509 295.7962 14.36018466 23508
FENGYUN 1C DEB          
1 31155U 99025BHH 26281.67762387  .00001438  00000+0  81850-3 0  9995
2 31155  99.0229 356.2262 0088546 241.3725 117.8517 14.09491012998118
FENGYUN 1C DEB          
1 31157U 99025BHK 26277.17589986  .00000225  00000+0  11285-3 0  9997
2 31157  98.5097 255.2032 0099620 184.8463 175.1760 14.22874514 11733
FENGYUN 1C DEB          
1 31158U 99025BHL 26281.46184137  .00002030  00000+0  71223-3 0  9998
2 31158  98.7683   9.6839 0046275 229.3731 130.3426 14.35539339687776
FENGYUN 1C DEB          
1 31160U 99025BHN 26280.99248863 -.00000226  00000+0 -12288-3 0  9998
2 31160  99.0423 339.2623 0058599 151.3858 209.0543 13.99671628737850
FENGYUN 1C DEB          
1 31161U 99025BHP 26278.27105968  .00000380  00000+0  23690-3 0  9993
2 31161  98.7303 296.1064 0067539 229.8877 129.6362 14.09544514  2744
FENGYUN 1C DEB          
1 31163U 99025BHR 26277.52089610  .00000694  00000+0  26761-3 0  9997
2 31163  98.9419 160.0768 0054468 109.7358 250.9711 14.32726498689761
FENGYUN 1C DEB          
1 31165U 99025BHT 26280.12184209  .00002457  00000+0  36369-3 0  9993
2 31165  98.8634  12.4169 0065030  23.6708  93.5523 14.74826221 31388
FENGYUN 1C DEB          
1 31168U 99025BHW 26281.92229962  .00003720  00000+0  58410-3 0  9996
2 31168  98.9280  84.9880 0103607 212.7471 146.7282 14.69774072 35044
FENGYUN 1C DEB          
1 31169U 99025BHX 26281.58060139  .00002694  00000+0  10689-2 0  9992
2 31169  99.1377 326.9328 0056434 232.3484 127.2568 14.28826969613836
FENGYUN 1C DEB          
1 31171U 99025BHZ 26281.88719852  .00005512  00000+0  15534-2 0  9997
2 31171  98.0331 257.0242 0143151 127.2600 264.4628 14.40260795  1410
FENGYUN 1C DEB          
1 31172U 99025BJA 26279.95157951  .00000184  00000+0  75602-4 0  9993
2 31172  98.4312 280.8688 0149936 105.2022 256.5797 14.31732640 18851
FENGYUN 1C DEB          
1 31173U 99025BJB 26252.43688324  .00001563  00000+0  76908-3 0  9992
2 31173  98.2100 323.3964 0063495  12.5262 347.7475 14.17851999678330
FENGYUN 1C DEB          
1 31175U 99025BJD 26281.28255723  .00013957  00000+0  20743-2 0  9997
2 31175  98.3911 294.0497 0056646 306.1113  53.4858 14.74006079700331
FENGYUN 1C DEB          
1 31177U 99025BJF 26280.18495317  .00001823  00000+0  17283-2 0  9996
2 31177  98.7578 169.3231 0297944 252.6248 263.7571 13.64130572702781
FENGYUN 1C DEB          
1 31178U 99025BJG 26281.89507580  .00002350  00000+0  96156-3 0  9995
2 31178  99.5046 313.2397 0123775 186.4412 173.5179 14.24215204   800
FENGYUN 1C DEB          
1 31179U 99025BJH 26280.27439536  .00000754  00000+0  51359-3 0  9994
2 31179  99.0032 297.2260 0213029 265.7134  91.9659 13.92669734660954
FENGYUN 1C DEB          
1 31180U 99025BJJ 26281.57728101  .00000180  00000+0  10754-3 0  9996
2 31180  99.2593  47.7344 0496121 353.7203  60.4040 13.70701544681749
FENGYUN 1C DEB          
1 31181U 99025BJK 26279.02806509  .00000850  00000+0  47700-3 0  9998
2 31181  98.7513 309.9790 0045712 308.4552  80.9742 14.12733995999643
FENGYUN 1C DEB          
1 31182U 99025BJL 26278.92264590  .00000349  00000+0  20225-3 0  9991
2 31182  98.7075 265.1056 0023370  12.2127  17.8784 14.14904184  2584
FENGYUN 1C DEB          
1 31183U 99025BJM 26280.98506487  .00002271  00000+0  55712-3 0  9990
2 31183  99.0479 292.5497 0044259 290.2064  99.5379 14.52925618 18128
FENGYUN 1C DEB          
1 31185U 99025BJP 26279.19920529  .00000413  00000+0  29104-3 0  9992
2 31185  98.8504 272.2092 0040451 357.6065   2.4902 14.03162772665089
FENGYUN 1C DEB          
1 31186U 99025BJQ 26280.61162360  .00000456  00000+0  26710-3 0  9990
2 31186  99.1819 208.5598 0024884 305.3529 179.1572 14.13344762  2771
FENGYUN 1C DEB          
1 31187U 99025BJR 26281.54034771  .00017687  00000+0  22710-2 0  9997
2 31187  99.2159 186.3727 0196614  29.3011 331.9048 14.68579863734889
FENGYUN 1C DEB          
1 31188U 99025BJS 26281.88223172  .00001874  00000+0  79729-3 0  9994
2 31188  98.7289 353.2114 0059428 101.0053 325.9926 14.25438828  5953
FENGYUN 1C DEB          
1 31190U 99025BJU 26281.79859103  .00000678  00000+0  44449-3 0  9998
2 31190  98.8134 290.5562 0068373 139.6212 221.0060 14.04181456997571
FENGYUN 1C DEB          
1 31191U 99025BJV 26281.23106826  .00000699  00000+0  21933-3 0  9991
2 31191  98.7663 195.0562 0092845  24.1154 336.4340 14.41403209 23061
FENGYUN 1C DEB          
1 31192U 99025BJW 26281.40299169  .00000799  00000+0  27758-3 0  9996
2 31192  98.5850 261.6763 0255946 314.0887  43.9475 14.21643287  9678
FENGYUN 1C DEB          
1 31194U 99025BJY 26281.96988770  .00001623  00000+0  54211-3 0  9993
2 31194  98.9413 188.2927 0057224 113.3337 247.3884 14.37969222 14097
FENGYUN 1C DEB          
1 31195U 99025BJZ 26281.94587662  .00000273  00000+0  16103-3 0  9995
2 31195  98.7461 311.6587 0172402  54.5597 307.1531 14.08113139  2911
FENGYUN 1C DEB          
1 31196U 99025BKA 26275.76533227  .00000540  00000+0  23919-3 0  9997
2 31196  98.5198 285.9080 0059087  73.4204 287.3455 14.26065200676855
FENGYUN 1C DEB          
1 31198U 99025BKC 26279.07471060  .00000033  00000+0  64699-4 0  9991
2 31198  98.6075 359.5159 0202927 273.0834  84.7117 13.75586601668410
FENGYUN 1C DEB          
1 31199U 99025BKD 26275.18862362  .00000154  00000+0  10866-3 0  9999
2 31199  98.7453 254.3636 0064512 147.2113 277.2038 14.10164650  2905
FENGYUN 1C DEB          
1 31201U 99025BKF 26278.46182932  .00000988  00000+0  31851-3 0  9997
2 31201  98.9680 156.9808 0138851 200.4229 287.3090 14.36333281 15066
FENGYUN 1C DEB          
1 31202U 99025BKG 26281.94690966  .00008472  00000+0  87441-3 0  9998
2 31202  96.5545 280.0239 0060912 241.5357 148.0978 14.88980782 35373
FENGYUN 1C DEB          
1 31205U 99025BKK 26280.53039790  .00000077  00000+0  48005-4 0  9994
2 31205  99.2399  33.6304 0162511  64.6389 297.1517 14.24125675 14649
FENGYUN 1C DEB          
1 31206U 99025BKL 26281.57580283  .00000948  00000+0  29659-3 0  9998
2 31206  98.8388 204.7217 0075070 189.8427 170.1295 14.41530980 21484
FENGYUN 1C DEB          
1 31208U 99025BKN 26275.33713112  .00004783  00000+0  83381-3 0  9999
2 31208  99.2561 100.7367 0013350  86.6046  36.2543 14.68521224747808
FENGYUN 1C DEB          
1 31209U 99025BKP 26279.54897793  .00005370  00000+0  14522-2 0  9998
2 31209  98.8874  33.7273 0023136 173.8704 186.2775 14.48042889691124
FENGYUN 1C DEB          
1 31210U 99025BKQ 26278.24371622  .00000351  00000+0  21338-3 0  9992
2 31210  98.7296 276.3325 0017604  37.7141  27.4133 14.12324147  1537
FENGYUN 1C DEB          
1 31211U 99025BKR 26281.36377170  .00001123  00000+0  53061-3 0  9990
2 31211  98.6488 316.1987 0048589 303.2489  56.4037 14.21114661675472
FENGYUN 1C DEB          
1 31212U 99025BKS 26278.06989887  .00001389  00000+0  73108-3 0  9996
2 31212  99.1950 323.2564 0073716  60.4983 300.3515 14.14372653998462
FENGYUN 1C DEB          
1 31215U 99025BKV 26280.42007326  .00001366  00000+0  48311-3 0  9994
2 31215  99.0392 143.9024 0067326 171.5145 188.7194 14.35089164  7047
FENGYUN 1C DEB          
1 31217U 99025BKX 26279.23596366  .00000777  00000+0  37991-3 0  9997
2 31217  98.6410 284.1916 0098978  25.1279 335.4666 14.18220461  5324
FENGYUN 1C DEB          
1 31218U 99025BKY 26281.36875049  .00028236  00000+0  26836-2 0  9998
2 31218  98.8401  68.2814 0009359 176.2213 183.9075 14.93400967 14397
FENGYUN 1C DEB          
1 31219U 99025BKZ 26281.54071590  .00001576  00000+0  81183-3 0  9993
2 31219  99.2684 307.9963 0078326  56.9709 303.8957 14.15158241998086
FENGYUN 1C DEB          
1 31222U 99025BLC 26281.73976298  .00010936  00000+0  63129-3 0  9997
2 31222  98.5930  28.5169 0150096 161.3514 199.3292 15.03421595 44838
FENGYUN 1C DEB          
1 31223U 99025BLD 26281.62214149  .00003491  00000+0  27281-2 0  9992
2 31223  99.0414 158.7038 0247630 322.4832  35.9261 13.79474899968604
FENGYUN 1C DEB          
1 31224U 99025BLE 26278.75766669  .00000714  00000+0  26005-3 0  9991
2 31224  98.3939 264.4623 0156897   6.3532 170.3653 14.29490609734932
FENGYUN 1C DEB          
1 31225U 99025BLF 26281.71312661  .00001887  00000+0  88510-3 0  9992
2 31225  98.9757   3.7400 0087900 214.9332 297.9225 14.19364562   751
FENGYUN 1C DEB          
1 31226U 99025BLG 26281.19383709  .00000438  00000+0  18051-3 0  9990
2 31226  98.3635 272.7731 0127686  35.2025 325.7508 14.27104959663249
FENGYUN 1C DEB          
1 31228U 99025BLJ 26281.33447462  .00000839  00000+0  28535-3 0  9998
2 31228  98.8690 207.4626 0076459 283.0637 202.9989 14.37734800 18707
FENGYUN 1C DEB          
1 31229U 99025BLK 26281.68717334  .00001610  00000+0  71799-3 0  9993
2 31229  98.8545   3.6788 0053793 154.7858 205.5963 14.23422884  3433
FENGYUN 1C DEB          
1 31231U 99025BLM 26281.35379409  .00014819  00000+0  14141-2 0  9999
2 31231  98.8634 118.0260 0116001 235.7946 123.2231 14.88436818674612
FENGYUN 1C DEB          
1 31234U 99025BLQ 26279.26174961  .00000389  00000+0  24640-3 0  9998
2 31234  98.8046 270.7275 0074633 108.2710 252.6599 14.08262660769074
FENGYUN 1C DEB          
1 31235U 99025BLR 26281.61182688  .00007047  00000+0  26677-2 0  9995
2 31235  98.4452  62.7725 0168450 225.7314 132.9941 14.23939561674284
FENGYUN 1C DEB          
1 31236U 99025BLS 26281.76831052  .00003755  00000+0  21536-2 0  9999
2 31236  98.5422 217.1497 0304561 303.0845  54.1410 13.89162437651865
FENGYUN 1C DEB          
1 31237U 99025BLT 26281.94028548  .00000683  00000+0  25864-3 0  9994
2 31237  98.4666 278.3001 0087871 179.2242 180.9094 14.32105990 15579
FENGYUN 1C DEB          
1 31239U 99025BLV 26281.45031174  .00000395  00000+0  24424-3 0  9992
2 31239  98.7769 273.8055 0050722  71.1617  81.9457 14.10199353  2333
FENGYUN 1C DEB          
1 31240U 99025BLW 26264.79975256  .00000496  00000+0  30313-3 0  9996
2 31240  98.7566 266.4975 0044359 297.0707 236.8606 14.09942952260856
FENGYUN 1C DEB          
1 31241U 99025BLX 26281.95960340  .00000705  00000+0  23650-3 0  9991
2 31241  99.2663  97.3060 0066119  24.5755 335.8558 14.39515475 19870
FENGYUN 1C DEB          
1 31243U 99025BLZ 26281.89931459  .00000776  00000+0  47382-3 0  9991
2 31243  98.7235 317.3010 0065336  43.1568 317.4697 14.07802467735308
FENGYUN 1C DEB          
1 31244U 99025BMA 26280.41542951  .00000527  00000+0  32881-3 0  9996
2 31244  99.0008 347.8879 0101942  62.1063 299.0385 14.06609676618380
FENGYUN 1C DEB          
1 31246U 99025BMC 26275.78769277  .00002014  00000+0  10814-2 0  9998
2 31246  98.7915 120.8771 0142660 235.5350 123.2273 14.09003805658914
FENGYUN 1C DEB          
1 31247U 99025BMD 26281.71349815  .00000332  00000+0  22913-3 0  9996
2 31247  99.3399 184.3490 0059224 320.0159  65.7631 14.05691842997353
FENGYUN 1C DEB          
1 31248U 99025BME 26281.11731421  .00000573  00000+0  45106-3 0  9995
2 31248  99.2319 343.2746 0110294 219.4609 170.5970 13.93177767989927
FENGYUN 1C DEB          
1 31250U 99025BMG 26279.96745312  .00001305  00000+0  78805-3 0  9998
2 31250  98.3714 111.8465 0131483 172.8045 187.5052 14.03920546997016
FENGYUN 1C DEB          
1 31252U 99025BMJ 26280.89453601  .00000908  00000+0  22930-3 0  9997
2 31252  98.3018 296.4383 0210949 350.3738   9.3437 14.41031281 15156
FENGYUN 1C DEB          
1 31253U 99025BMK 26277.46335805  .00000135  00000+0  80567-4 0  9995
2 31253  99.0409 346.8499 0288888 348.7694  10.7115 14.03908911731476
FENGYUN 1C DEB          
1 31254U 99025BML 26281.62910705  .00000701  00000+0  22132-3 0  9999
2 31254  98.4233 330.6457 0150251  27.7040 123.7664 14.37091239 17037
FENGYUN 1C DEB          
1 31255U 99025BMM 26281.76402546  .00000545  00000+0  24147-3 0  9998
2 31255  99.3117 114.7659 0268738 227.3862 130.4363 14.10199730  9650
FENGYUN 1C DEB          
1 31256U 99025BMN 26281.31634084  .00003127  00000+0  12636-2 0  9992
2 31256  98.6576 121.4410 0301755 349.7711   9.7404 14.06676844691899
FENGYUN 1C DEB          
1 31259U 99025BMR 26281.89391725  .00001649  00000+0  83364-3 0  9994
2 31259  98.9998   9.1975 0062700  66.6890   1.0422 14.16582751998178
FENGYUN 1C DEB          
1 31260U 99025BMS 26280.23701822  .00001324  00000+0  45003-3 0  9994
2 31260  98.9413 194.1133 0046430 131.1410  21.4289 14.37750665 14777
FENGYUN 1C DEB          
1 31261U 99025BMT 26281.15452807  .00001472  00000+0  45972-3 0  9992
2 31261  99.0449 256.2654 0051339  68.4538 292.2110 14.41636753 16582
FENGYUN 1C DEB          
1 31262U 99025BMU 26281.25667387  .00002070  00000+0  98350-3 0  9998
2 31262  98.9962  14.2312 0052132 322.3187 101.5626 14.19902047999578
FENGYUN 1C DEB          
1 31264U 99025BMW 26281.72643168  .00000653  00000+0  33429-3 0  9994
2 31264  99.0958 191.7726 0001243  55.7062 332.0791 14.19169636  6610
FENGYUN 1C DEB          
1 31266U 99025BMY 26281.24729462  .00000266  00000+0  12856-3 0  9996
2 31266  99.2767 284.7747 0130249 151.5743 271.8975 14.22675663 14415
FENGYUN 1C DEB          
1 31268U 99025BNA 26274.32825304  .00000697  00000+0  43800-3 0  9992
2 31268  98.7313 311.7151 0048976  81.2705 279.4007 14.06973820661461
FENGYUN 1C DEB          
1 31269U 99025BNB 26281.58273480  .00004090  00000+0  80916-3 0  9991
2 31269  98.1467 153.7880 0231816  79.4063 311.3564 14.47156105  8106
FENGYUN 1C DEB          
1 31272U 99025BNE 26281.63326060  .00000711  00000+0  31480-3 0  9992
2 31272  99.0541 167.7381 0105857 334.6323  24.9679 14.23520700 12462
FENGYUN 1C DEB          
1 31274U 99025BNG 26281.72541584  .00000486  00000+0  36566-3 0  9993
2 31274  99.0224  95.1026 0239573  19.7177 341.3052 13.86160928983629
FENGYUN 1C DEB          
1 31275U 99025BNH 26281.58764056  .00000632  00000+0  41501-3 0  9997
2 31275  98.9173 324.1846 0102840 237.8419 121.2739 14.03096469996904
FENGYUN 1C DEB          
1 31279U 99025BNM 26280.25374402  .00000701  00000+0  29749-3 0  9993
2 31279  98.5171 285.5571 0073576  24.8513 335.6183 14.26945962 14630
FENGYUN 1C DEB          
1 31281U 99025BNP 26280.95210741  .00051293  00000+0  10949-2 0  9991
2 31281  98.4045  99.7635 0066197 136.7250 223.9221 15.42342535 42741
FENGYUN 1C DEB          
1 31282U 99025BNQ 26281.31688053  .00000351  00000+0  10819-3 0  9994
2 31282  99.2351 228.5239 0127919 122.6383 238.7225 14.43859158 14330
FENGYUN 1C DEB          
1 31284U 99025BNS 26281.12124520  .00000680  00000+0  46850-3 0  9998
2 31284  99.7339  38.2849 0141493 332.6988  26.6786 13.98447366993462
FENGYUN 1C DEB          
1 31285U 99025BNT 26281.91737277  .00000534  00000+0  19576-3 0  9998
2 31285  98.5537 259.9828 0199666  28.6409 359.2152 14.26409924 15629
FENGYUN 1C DEB          
1 31286U 99025BNU 26278.85936360  .00003434  00000+0  14246-2 0  9992
2 31286 100.8590 243.9987 0073756 196.4807 163.3966 14.25949572682503
FENGYUN 1C DEB          
1 31287U 99025BNV 26281.69669277  .00002112  00000+0  83684-3 0  9994
2 31287  99.3903   5.7943 0026601 278.8127  81.0041 14.29893699  9669
FENGYUN 1C DEB          
1 31293U 99025BPB 26279.29044392  .00000083  00000+0  43788-4 0  9996
2 31293  98.4246 282.9650 0127512  85.0379 276.5347 14.30922534694999
FENGYUN 1C DEB          
1 31294U 99025BPC 26275.77680742  .00000351  00000+0  19133-3 0  9995
2 31294  98.5630 264.5655 0098361 215.1647 144.3011 14.15756985 10138
FENGYUN 1C DEB          
1 31295U 99025BPD 26281.65333937  .00000136  00000+0  12105-3 0  9994
2 31295  98.3404  83.4285 0078620 130.1606 230.6479 13.96921232996902
FENGYUN 1C DEB          
1 31296U 99025BPE 26281.85764432  .00041694  00000+0  39243-2 0  9990
2 31296  99.0569 241.5374 0017679   2.2608 357.8684 14.93594240 17926
FENGYUN 1C DEB          
1 31297U 99025BPF 26281.68430734  .00000690  00000+0  14452-3 0  9994
2 31297  98.9742  86.2734 0136091 291.0109 126.8742 14.57977561 36703
FENGYUN 1C DEB          
1 31300U 99025BPJ 26281.78621966  .00001791  00000+0  91088-3 0  9992
2 31300  99.5392  27.0554 0058840 301.2349 211.3669 14.16434263  3977
FENGYUN 1C DEB          
1 31302U 99025BPL 26281.17381647  .00001775  00000+0  71626-3 0  9994
2 31302  99.3953 351.2404 0025901 276.7928 110.7842 14.29205081  5949
FENGYUN 1C DEB          
1 31303U 99025BPM 26279.31440159  .00000130  00000+0  95573-4 0  9994
2 31303  98.6938 291.1904 0011757  36.3774 323.8195 14.11134545  5096
FENGYUN 1C DEB          
1 31311U 99025BPP 26281.69994044  .00002397  00000+0  91144-3 0  9990
2 31311  98.8447  13.3451 0017263 280.5813 238.4143 14.31862706  5080
FENGYUN 1C DEB          
1 31312U 99025BPQ 26280.42184574  .00000601  00000+0  42175-3 0  9996
2 31312  98.8824 262.6750 0059672 125.0092  28.9647 14.01187646993282
FENGYUN 1C DEB          
1 31313U 99025BPR 26281.24207797  .00000344  00000+0  17289-3 0  9993
2 31313  99.0018 196.7121 0045868  44.2615 316.2216 14.22610398 12954
FENGYUN 1C DEB          
1 31314U 99025BPS 26278.24711812  .00000238  00000+0  16965-3 0  9990
2 31314  98.8423 269.4851 0077284 246.1020 113.2037 14.05166489649781
FENGYUN 1C DEB          
1 31319U 99025BPX 26281.52880998  .00000071  00000+0  10277-3 0  9997
2 31319  98.7935 163.1735 0170123   7.1302 109.8231 13.75917055978105
FENGYUN 1C DEB          
1 31320U 99025BPY 26274.22642550  .00001980  00000+0  85360-3 0  9993
2 31320  98.3142  75.7648 0097540 329.3737  30.1770 14.23048805645147
FENGYUN 1C DEB          
1 31321U 99025BPZ 26279.47818888  .00000099  00000+0  74463-4 0  9998
2 31321  98.7085 356.0508 0030468  52.1816 308.2108 14.13963312615917
FENGYUN 1C DEB          
1 31322U 99025BQA 26278.34939041  .00000118  00000+0  13860-3 0  9994
2 31322  98.5338 315.8998 0237423 295.5644 124.7726 13.73119983663467
FENGYUN 1C DEB          
1 31323U 99025BQB 26280.41506758  .00001890  00000+0  75856-3 0  9992
2 31323  99.3998 347.1119 0029436 302.9164  56.9185 14.29337211682458
FENGYUN 1C DEB          
1 31324U 99025BQC 26281.25879267  .00000109  00000+0  79758-4 0  9992
2 31324  99.1354 214.4890 0049647 177.6971 182.4439 14.14851188  6022
FENGYUN 1C DEB          
1 31325U 99025BQD 26269.03651368  .00002661  00000+0  12713-2 0  9996
2 31325  98.9930  11.7384 0070806 124.2016 236.5897 14.18721687638490
FENGYUN 1C DEB          
1 31327U 99025BQF 26279.12554537  .00027443  00000+0  10099-2 0  9999
2 31327  98.9556 340.8323 0062747  94.6937 266.1466 15.25966683 46133
FENGYUN 1C DEB          
1 31328U 99025BQG 26281.88462396  .00000120  00000+0  60542-4 0  9990
2 31328  98.5226 253.3139 0105141  54.3042 306.7870 14.29066604 17183
FENGYUN 1C DEB          
1 31329U 99025BQH 26281.24673909  .00003178  00000+0  51141-3 0  9995
2 31329  98.9046 299.4569 0049975 235.8192 123.8269 14.71555049 70159
FENGYUN 1C DEB          
1 31331U 99025BQK 26281.87098824  .00000000  00000+0  27930-4 0  9995
2 31331  98.8603 303.9787 0054143  71.1172 289.5853 14.00778716680588
FENGYUN 1C DEB          
1 31332U 99025BQL 26281.88125211  .00000889  00000+0  49798-3 0  9998
2 31332  98.7039 288.6152 0048015 250.2291 228.5151 14.12649192  2040
FENGYUN 1C DEB          
1 31333U 99025BQM 26281.24497106  .00000778  00000+0  31842-3 0  9992
2 31333  98.4212 289.8530 0096232 225.2560 134.0760 14.27400797  8426
FENGYUN 1C DEB          
1 31336U 99025BQQ 26281.96238749  .00000492  00000+0  16554-3 0  9996
2 31336  98.4260 337.5671 0091160 299.9365 184.6107 14.39197425 20946
FENGYUN 1C DEB          
1 31338U 99025BQS 26281.38793343  .00002868  00000+0  12473-2 0  9994
2 31338  98.6986 122.8954 0072368 324.7561  34.8843 14.23459648679177
FENGYUN 1C DEB          
1 31339U 99025BQT 26279.81786831  .00000881  00000+0  48284-3 0  9997
2 31339  98.7023 293.2089 0073847 195.4467 164.4452 14.13007417998862
FENGYUN 1C DEB          
1 31341U 99025BQV 26281.20955168  .00003070  00000+0  69726-3 0  9994
2 31341  99.5344   9.4840 0052428 176.1701 213.6168 14.56059158 19738
FENGYUN 1C DEB          
1 31342U 99025BQW 26281.17004055  .00000215  00000+0  83123-4 0  9997
2 31342  98.9756 254.5380 0112778  59.4674 301.7585 14.37005381 21843
FENGYUN 1C DEB          
1 31345U 99025BQZ 26279.79018278  .00001934  00000+0  10240-2 0  9994
2 31345  98.0954 270.1172 0066787 299.7355  59.7185 14.13593301997119
FENGYUN 1C DEB          
1 31346U 99025BRA 26281.28787936  .00011419  00000+0  46215-3 0  9997
2 31346  98.8753 304.0507 0091068  92.8817 268.2841 15.21104522 40263
FENGYUN 1C DEB          
1 31348U 99025BRC 26281.74203795  .00001851  00000+0  65219-3 0  9990
2 31348  99.1534 255.0647 0032496 272.3048 211.8101 14.35832316  5444
FENGYUN 1C DEB          
1 31349U 99025BRD 26281.90128255  .00001421  00000+0  87832-3 0  9994
2 31349  99.2517 322.9105 0070403 133.4717 227.2334 14.05781124671535
FENGYUN 1C DEB          
1 31350U 99025BRE 26279.32912061  .00000645  00000+0  23474-3 0  9994
2 31350  98.9706 107.9549 0065584 334.1374  25.6536 14.35571989745220
FENGYUN 1C DEB          
1 31351U 99025BRF 26279.90298007  .00000287  00000+0  19015-3 0  9994
2 31351  98.8238 264.1340 0091622 293.0384  66.1143 14.07227123655682
FENGYUN 1C DEB          
1 31353U 99025BRH 26275.64300406  .00000705  00000+0  22107-3 0  9991
2 31353  99.0082 216.2588 0224882 293.0712  64.6904 14.30740935  6244
FENGYUN 1C DEB          
1 31356U 99025BRL 26279.67321347  .00014801  00000+0  17422-2 0  9993
2 31356  98.6544  67.6005 0023606  40.4838 319.8125 14.84735452695297
FENGYUN 1C DEB          
1 31357U 99025BRM 26280.31184207 -.00000024  00000+0  86594-5 0  9991
2 31357  98.5806 307.0824 0050549 149.9817 271.9331 14.18558924  9263
FENGYUN 1C DEB          
1 31359U 99025BRP 26278.05057189  .00004436  00000+0  18892-2 0  9992
2 31359  99.0787  30.6270 0072570 163.7792 196.5732 14.24265706 28175
FENGYUN 1C DEB          
1 31360U 99025BRQ 26279.75793548  .00002907  00000+0  14378-2 0  9994
2 31360  97.9770 111.7629 0102343  81.1422 280.1326 14.15268692674117
FENGYUN 1C DEB          
1 31361U 99025BRR 26277.17658739  .00000117  00000+0  77289-4 0  9994
2 31361  98.5886 247.1885 0044046 299.6639  60.0154 14.17884405  7316
FENGYUN 1C DEB          
1 31362U 99025BRS 26280.42933641  .00000157  00000+0  98317-4 0  9994
2 31362  98.6725 272.2826 0017526 321.1732  38.8183 14.17551356  7975
FENGYUN 1C DEB          
1 31364U 99025BRU 26281.32884885  .00002528  00000+0  12251-2 0  9996
2 31364  99.2698  58.0297 0087866  24.8149 335.7212 14.17365883991172
FENGYUN 1C DEB          
1 31365U 99025BRV 26279.53117837  .00003145  00000+0  90741-3 0  9990
2 31365  98.6690  14.9969 0038866  51.3130 309.1527 14.44925723  9153
FENGYUN 1C DEB          
1 31367U 99025BRX 26278.01702963  .00000801  00000+0  21455-3 0  9996
2 31367  98.7236 187.1969 0096269 202.4916 171.0735 14.48489483 27347
FENGYUN 1C DEB          
1 31368U 99025BRY 26271.34034743  .00000864  00000+0  38278-3 0  9990
2 31368  99.1274 112.1622 0044668 179.2783 180.8467 14.25347975685870
FENGYUN 1C DEB          
1 31369U 99025BRZ 26279.23291375  .00000234  00000+0  12879-3 0  9993
2 31369  98.6517 258.1531 0055346 159.1603 216.4665 14.19685447685483
FENGYUN 1C DEB          
1 31370U 99025BSA 26280.96039176  .00000213  00000+0  14428-3 0  9995
2 31370  98.7659 278.0421 0033935 168.5169 191.6783 14.10024980  4821
FENGYUN 1C DEB          
1 31371U 99025BSB 26281.55114923  .00000553  00000+0  35824-3 0  9996
2 31371  98.7393 308.9369 0078974 125.3361 235.5222 14.05136539999566
FENGYUN 1C DEB          
1 31372U 99025BSC 26281.50412810  .00001731  00000+0  70786-3 0  9993
2 31372  99.3777 299.3319 0030984 298.7859  61.0209 14.28467717  1228
FENGYUN 1C DEB          
1 31374U 99025BSE 26279.26177176  .00006132  00000+0  18410-2 0  9993
2 31374  99.6423  90.6695 0136184 209.4240 149.9228 14.37887942  2451
FENGYUN 1C DEB          
1 31376U 99025BSG 26281.80459973  .00006860  00000+0  12158-2 0  9997
2 31376  98.8409 225.0305 0047650  60.7969 299.7987 14.66888953 25327
FENGYUN 1C DEB          
1 31378U 99025BSJ 26281.79022349  .00000524  00000+0  49675-3 0  9996
2 31378 100.7480 216.4318 0166884 162.0692 198.6440 13.80554775983634
FENGYUN 1C DEB          
1 31381U 99025BSM 26280.46118998  .00000832  00000+0  23457-3 0  9991
2 31381  98.4757   5.0891 0195239 219.2898 139.3985 14.37966276 16892
FENGYUN 1C DEB          
1 31383U 99025BSP 26278.41491006  .00001014  00000+0  60932-3 0  9991
2 31383  99.0399 345.2345 0108222 210.5565 209.7420 14.06294664995384
FENGYUN 1C DEB          
1 31384U 99025BSQ 26281.82388797  .00003260  00000+0  13076-2 0  9994
2 31384  98.4782 226.0628 0429431 294.0287  88.3038 13.88680757971864
FENGYUN 1C DEB          
1 31385U 99025BSR 26277.53834582  .00000287  00000+0  89654-4 0  9999
2 31385  98.9605  28.2126 0132176 254.8608 164.6119 14.44335392 28852
FENGYUN 1C DEB          
1 31386U 99025BSS 26281.95957358  .00001526  00000+0  11421-2 0  9990
2 31386  98.4431 272.8356 0194843 178.7323 181.4370 13.87390060980238
FENGYUN 1C DEB          
1 31387U 99025BST 26281.47671958  .00000377  00000+0  16952-3 0  9995
2 31387  99.1280 172.2034 0241908  47.3022 314.8247 14.13866891  5230
FENGYUN 1C DEB          
1 31388U 99025BSU 26281.91484984  .00000166  00000+0  12269-3 0  9999
2 31388  98.8326 267.7370 0047975  77.7275 312.9616 14.07559511  6585
FENGYUN 1C DEB          
1 31389U 99025BSV 26281.37356774  .00011166  00000+0  17294-2 0  9999
2 31389  99.0353 122.8932 0026421 343.6498 140.1011 14.73167319  8855
FENGYUN 1C DEB          
1 31410U 99025BSW 26277.00026946  .00001144  00000+0  31058-3 0  9994
2 31410  98.8596  96.1950 0109392 122.8525  27.2328 14.46174265 20135
FENGYUN 1C DEB          
1 31411U 99025BSX 26281.67862309  .00000512  00000+0  20922-3 0  9990
2 31411  98.6333 345.2743 0102284  97.4971  54.0968 14.28517506987618
FENGYUN 1C DEB          
1 31412U 99025BSY 26274.76663168  .00001298  00000+0  72100-3 0  9992
2 31412  98.5616 209.7123 0079221 220.3763 139.1511 14.11212497651236
FENGYUN 1C DEB          
1 31415U 99025BTB 26256.17948472  .00001949  00000+0  72711-3 0  9995
2 31415  99.6686 243.7066 0062332  13.5582 346.7255 14.32213099667575
FENGYUN 1C DEB          
1 31416U 99025BTC 26280.42586028  .00000522  00000+0  16017-3 0  9999
2 31416  99.0156 352.4054 0133575  89.1769 272.4720 14.41187252698219
FENGYUN 1C DEB          
1 31419U 99025BTF 26272.81873999  .00004365  00000+0  63159-3 0  9990
2 31419  98.7810 115.2088 0037931   6.9232 353.2491 14.76242533693151
FENGYUN 1C DEB          
1 31420U 99025BTG 26281.11473918  .00000704  00000+0  20445-3 0  9996
2 31420  97.5217 149.2517 0135408 125.3631  25.8193 14.41635651693062
FENGYUN 1C DEB          
1 31422U 99025BTJ 26276.92984100  .00000344  00000+0  21862-3 0  9995
2 31422  98.7763 271.2944 0034051 183.0191 208.1512 14.09935595998217
FENGYUN 1C DEB          
1 31423U 99025BTK 26281.88559382  .00000169  00000+0  93237-4 0  9998
2 31423  98.6174 260.7824 0037284  44.8824 315.5359 14.23145043 11777
FENGYUN 1C DEB          
1 31424U 99025BTL 26276.80219374  .00000242  00000+0  15834-3 0  9997
2 31424  98.4466 307.6908 0092844 345.9929  13.8669 14.08560918673241
FENGYUN 1C DEB          
1 31426U 99025BTN 26281.86902898  .00001687  00000+0  89393-3 0  9996
2 31426  98.6077  62.7114 0320279  77.8417  71.2367 13.91684805977456
FENGYUN 1C DEB          
1 31427U 99025BTP 26281.30355151  .00007389  00000+0  13728-2 0  9993
2 31427  98.6870  50.3459 0028944 173.1667 186.9934 14.65218732 12609
FENGYUN 1C DEB          
1 31428U 99025BTQ 26281.94180413  .00001612  00000+0  48110-3 0  9998
2 31428  99.0632 276.8599 0062495 347.1115  42.5022 14.43422920 18008
FENGYUN 1C DEB          
1 31429U 99025BTR 26281.95323008  .00001147  00000+0  52212-3 0  9990
2 31429  98.6592 331.4622 0013154 270.4301 213.0741 14.23607263  2129
FENGYUN 1C DEB          
1 31430U 99025BTS 26281.67748420  .00001282  00000+0  54570-3 0  9999
2 31430  98.7192 348.7089 0026350 244.9722 266.8321 14.26763495  3934
FENGYUN 1C DEB          
1 31431U 99025BTT 26281.13331590  .00001200  00000+0  72191-3 0  9996
2 31431  98.5191 156.0813 0133713 333.0028  26.4227 14.04219176987325
FENGYUN 1C DEB          
1 31433U 99025BTV 26281.26378539  .00002626  00000+0  10234-2 0  9998
2 31433  98.3940 178.1318 0092583 229.5592 257.4593 14.28186769998248
FENGYUN 1C DEB          
1 31435U 99025BTX 26281.79087724  .00000308  00000+0  76175-4 0  9994
2 31435  99.0374 122.4624 0148074 356.3173   3.6918 14.53896182 26724
FENGYUN 1C DEB          
1 31437U 99025BTZ 26280.23085870  .00003596  00000+0  10162-2 0  9998
2 31437  98.8587  18.8394 0014395  89.1592 271.1248 14.46235027  8067
FENGYUN 1C DEB          
1 31439U 99025BUB 26280.83247749  .00000741  00000+0  52602-3 0  9996
2 31439  98.9210 282.4606 0138042  59.0561  61.4595 13.96140264674051
FENGYUN 1C DEB          
1 31440U 99025BUC 26275.23094104  .00002407  00000+0  78285-3 0  9997
2 31440  98.7413  13.4050 0039282 190.4892 169.5480 14.39284282  4837
FENGYUN 1C DEB          
1 31441U 99025BUD 26274.55762258  .00035494  00000+0  24150-2 0  9997
2 31441  99.2793 193.4811 0059854 123.4391 237.2573 15.04749148684500
FENGYUN 1C DEB          
1 31442U 99025BUE 26281.06180354  .00000532  00000+0  19730-3 0  9997
2 31442  98.5178   7.8566 0078361 203.6716 156.0857 14.34501922 16512
FENGYUN 1C DEB          
1 31443U 99025BUF 26279.63231827  .00002826  00000+0  57838-3 0  9999
2 31443  99.2300  52.2983 0182502 289.3982  68.7565 14.51808966712609
FENGYUN 1C DEB          
1 31444U 99025BUG 26279.20031401  .00009098  00000+0  12114-2 0  9994
2 31444  98.9429 257.0012 0048794 220.9707 138.7831 14.79110171 18041
FENGYUN 1C DEB          
1 31447U 99025BUK 26278.38099237  .00000511  00000+0  18583-3 0  9994
2 31447  98.9556 331.1296 0229317 220.0787 138.3278 14.24329991690740
FENGYUN 1C DEB          
1 31448U 99025BUL 26281.23965650  .00000893  00000+0  36501-3 0  9997
2 31448  98.4952 289.6258 0059524  45.6133 314.9901 14.28683784685799
FENGYUN 1C DEB          
1 31449U 99025BUM 26280.00771692  .00000256  00000+0  95823-4 0  9999
2 31449  98.5146 339.6420 0145763 104.9121 256.8256 14.34032376 18878
FENGYUN 1C DEB          
1 31451U 99025BUP 26281.38619588  .00000365  00000+0  21397-3 0  9994
2 31451  98.7290 321.9401 0032256  80.5927 292.7181 14.13958118  1754
FENGYUN 1C DEB          
1 31452U 99025BUQ 26281.42543154  .00000425  00000+0  23734-3 0  9999
2 31452  98.6868 265.1915 0040215 352.9578   7.1026 14.15541981  4438
FENGYUN 1C DEB          
1 31455U 99025BUT 26281.16758084  .00000267  00000+0  13772-3 0  9998
2 31455  98.6044 261.9107 0215891 276.6357  81.0286 14.11734623  3256
FENGYUN 1C DEB          
1 31456U 99025BUU 26281.12590742  .00001400  00000+0  41276-3 0  9990
2 31456  98.5891  30.6651 0068073 134.9025 225.7719 14.43846879 17779
FENGYUN 1C DEB          
1 31459U 99025BUX 26281.95797436  .00003330  00000+0  88656-3 0  9990
2 31459  98.1573 184.1003 0090395 298.3360  60.8738 14.46755420688957
FENGYUN 1C DEB          
1 31462U 99025BVA 26279.84601942  .00000334  00000+0  19938-3 0  9993
2 31462  98.6759 294.3697 0033352  76.5570  49.7010 14.13321999   416
FENGYUN 1C DEB          
1 31463U 99025BVB 26279.81289177  .00000505  00000+0  14585-3 0  9996
2 31463  99.0997 283.7230 0209793 245.3417 112.5792 14.37752071690024
FENGYUN 1C DEB          
1 31464U 99025BVC 26281.36855818  .00000258  00000+0  16038-3 0  9991
2 31464  98.7564 327.0344 0044875 111.6831 262.7007 14.12747690989103
FENGYUN 1C DEB          
1 31466U 99025BVE 26277.57048837  .00000086  00000+0  43803-4 0  9996
2 31466  99.1109 220.6580 0298713 186.6018 173.1183 14.18793397  4699
FENGYUN 1C DEB          
1 31467U 99025BVF 26280.37951790  .00001910  00000+0  11732-2 0  9991
2 31467  98.5768 135.7360 0149954 246.1485 112.3905 14.01379389 39281
FENGYUN 1C DEB          
1 31468U 99025BVG 26281.20839042  .00001107  00000+0  26593-3 0  9990
2 31468  98.1868 272.3417 0163509 331.6955  27.5426 14.47604456717031
FENGYUN 1C DEB          
1 31471U 99025BVK 26278.41563452  .00001972  00000+0  90339-3 0  9991
2 31471  97.9540 136.1878 0143827 209.6443 149.6527 14.16992451681763
FENGYUN 1C DEB          
1 31473U 99025BVM 26281.89862475  .00002111  00000+0  79193-3 0  9997
2 31473  98.5210 314.4210 0063731 208.5046 277.0447 14.31554382738134
FENGYUN 1C DEB          
1 31474U 99025BVN 26277.88855758  .00001334  00000+0  73923-3 0  9999
2 31474  99.1305 333.9232 0070475  97.9480 262.9696 14.11788353991474
FENGYUN 1C DEB          
1 31475U 99025BVP 26271.97127328  .00001668  00000+0  42873-3 0  9999
2 31475  98.9129 177.6859 0207161 330.0304  28.9152 14.39672844  1807
FENGYUN 1C DEB          
1 31476U 99025BVQ 26279.93453065  .00001418  00000+0  63439-3 0  9998
2 31476  98.8831   1.1774 0049747  34.7562 325.6849 14.23570177999403
FENGYUN 1C DEB          
1 31477U 99025BVR 26281.93542687 -.00000023  00000+0  13123-4 0  9999
2 31477  98.9115 270.0100 0108221 272.3843  86.4937 14.03109167996137
FENGYUN 1C DEB          
1 31480U 99025BVU 26281.48560496  .00002600  00000+0  12781-2 0  9990
2 31480  98.3289 107.8786 0337327 106.4250 257.4267 13.92653590975644
FENGYUN 1C DEB          
1 31482U 99025BVW 26281.95592937  .00001113  00000+0  37484-3 0  9995
2 31482  98.3885 282.8387 0089659 105.1447 286.4852 14.36674147 14326
FENGYUN 1C DEB          
1 31483U 99025BVX 26281.68525543  .00004173  00000+0  18945-2 0  9994
2 31483 102.5140 357.8488 0121538 194.0589 322.4133 14.18886213989560
FENGYUN 1C DEB          
1 31484U 99025BVY 26281.65305888  .00012545  00000+0  24116-2 0  9999
2 31484 101.8059 347.3613 0065492  53.6661 307.0549 14.62495626686076
FENGYUN 1C DEB          
1 31485U 99025BVZ 26280.96581018  .00003074  00000+0  31160-2 0  9998
2 31485 102.7030 190.0495 0447292  31.1277 331.5537 13.41483452944552
FENGYUN 1C DEB          
1 31487U 99025BWB 26281.27267326  .00000909  00000+0  64278-3 0  9999
2 31487 102.4012 199.1062 0117963 303.6883 208.1964 13.98764853985984
FENGYUN 1C DEB          
1 31491U 99025BWE 26281.25948799  .00001727  00000+0  84151-3 0  9993
2 31491  99.3012 209.1377 0049431 138.8673 221.6244 14.18911722679739
FENGYUN 1C DEB          
1 31492U 99025BWF 26281.50146099  .00013224  00000+0  15929-2 0  9996
2 31492  98.8530 122.2009 0048579 143.5007 216.9531 14.83164765  9127
FENGYUN 1C DEB          
1 31493U 99025BWG 26281.74711083  .00000741  00000+0  57009-3 0  9990
2 31493 100.1601 261.4652 0118069 105.5684 255.8543 13.93591046640442
FENGYUN 1C DEB          
1 31495U 99025BWJ 26280.93419819  .00001699  00000+0  66445-3 0  9991
2 31495  99.0937 172.9361 0027670  32.0650 328.2207 14.30737385676675
FENGYUN 1C DEB          
1 31497U 99025BWL 26275.73521735  .00000156  00000+0  55614-4 0  9990
2 31497  98.4010 258.1182 0167098 179.3758 355.7788 14.39590374 17204
FENGYUN 1C DEB          
1 31498U 99025BWM 26280.31366704  .00001566  00000+0  13294-2 0  9996
2 31498  98.5012 225.4921 0219890  57.6179 304.6048 13.78183776968459
FENGYUN 1C DEB          
1 31499U 99025BWN 26280.16449347  .00002279  00000+0  10905-2 0  9993
2 31499  97.6576  47.2330 0250619  51.0331 311.2881 14.04690849665559
FENGYUN 1C DEB          
1 31502U 99025BWR 26281.23038900  .00001874  00000+0  94837-3 0  9993
2 31502  99.0838  22.0709 0070518 105.5811 255.3160 14.16101637648114
FENGYUN 1C DEB          
1 31503U 99025BWS 26279.50185324  .00001164  00000+0  52792-3 0  9990
2 31503 100.0786 193.7270 0050308  79.6833 281.0008 14.23616563684821
FENGYUN 1C DEB          
1 31507U 99025BWW 26280.33878537  .00000823  00000+0  19357-3 0  9993
2 31507  98.1640 310.1997 0113939 236.3701 188.2956 14.53182454 23533
FENGYUN 1C DEB          
1 31508U 99025BWX 26280.32840767  .00008546  00000+0  14061-2 0  9993
2 31508  98.6432  49.7161 0029464 117.5927 242.8275 14.70541092 12945
FENGYUN 1C DEB          
1 31509U 99025BWY 26278.59398101  .00001869  00000+0  11860-2 0  9995
2 31509  99.0394  37.0734 0192664 125.2283 236.7083 13.96343157981031
FENGYUN 1C DEB          
1 31510U 99025BWZ 26278.77763649  .00000531  00000+0  24301-3 0  9990
2 31510  98.5655 275.6057 0036978 181.9024 353.5586 14.25141674  6354
FENGYUN 1C DEB          
1 31511U 99025BXA 26278.78012143  .00000812  00000+0  31839-3 0  9994
2 31511  99.0801 104.4085 0107269  86.9733 274.3716 14.29133138   154
FENGYUN 1C DEB          
1 31512U 99025BXB 26281.56857817  .00001398  00000+0  36934-3 0  9991
2 31512  98.7830 192.2621 0141702 330.9867 151.6337 14.44850613698301
FENGYUN 1C DEB          
1 31513U 99025BXC 26275.56127241  .00002116  00000+0  75304-3 0  9999
2 31513  98.8649  24.5178 0024958 344.8919  15.1517 14.35248596770801
FENGYUN 1C DEB          
1 31514U 99025BXD 26278.72321964  .00002280  00000+0  10246-2 0  9994
2 31514  99.2385 198.5846 0055317 354.4477   5.6079 14.22633379735459
FENGYUN 1C DEB          
1 31515U 99025BXE 26277.48179608  .00000716  00000+0  41474-3 0  9993
2 31515  98.8890   6.1204 0053722  30.0276 330.3958 14.11338675625349
FENGYUN 1C DEB          
1 31516U 99025BXF 26278.59238606  .00000402  00000+0  16715-3 0  9993
2 31516  98.8630  42.2429 0148994  98.7902 327.2962 14.25918463  6960
FENGYUN 1C DEB          
1 31519U 99025BXJ 26281.43780848  .00000494  00000+0  23055-3 0  9999
2 31519  98.5899 275.7369 0053462  90.8632 269.8673 14.23903030690298
FENGYUN 1C DEB          
1 31522U 99025BXM 26279.29929299  .00000415  00000+0  28396-3 0  9995
2 31522  98.6969 290.0245 0044308  85.9883 274.6348 14.04439506991722
FENGYUN 1C DEB          
1 31523U 99025BXN 26280.93912127 -.00000013  00000+0  15938-4 0  9995
2 31523  98.7140 326.6437 0037914 339.3735 144.6313 14.13884166  2133
FENGYUN 1C DEB          
1 31524U 99025BXP 26281.93279113  .00000729  00000+0  32444-3 0  9991
2 31524  99.2432 175.5252 0277414   8.9517  48.2557 14.07653873673740
FENGYUN 1C DEB          
1 31527U 99025BXS 26279.15328878  .00000443  00000+0  66480-3 0  9998
2 31527  98.9318  47.5172 0447937 294.7647  60.7497 13.23642882941249
FENGYUN 1C DEB          
1 31531U 99025BXW 26281.35241943  .00001486  00000+0  36844-3 0  9994
2 31531  98.3456 322.8913 0241433  92.1301 270.7551 14.37190450682367
FENGYUN 1C DEB          
1 31533U 99025BXY 26273.95682243  .00000330  00000+0  14850-3 0  9995
2 31533  98.9338 178.2004 0063895 221.5825 138.0487 14.28071358702936
FENGYUN 1C DEB          
1 31535U 99025BYA 26258.79680097  .00000914  00000+0  35999-3 0  9992
2 31535  98.0197  91.8140 0088198  58.3933 302.5821 14.29125973758870
FENGYUN 1C DEB          
1 31536U 99025BYB 26281.72872265  .00006584  00000+0  82242-3 0  9994
2 31536  98.2195 190.9901 0276287 293.2964  63.9379 14.59281873  6203
FENGYUN 1C DEB          
1 31537U 99025BYC 26278.70959769  .00010813  00000+0  25482-2 0  9996
2 31537  99.3155  94.8134 0328068 196.6560 162.3638 14.26433990975081
FENGYUN 1C DEB          
1 31540U 99025BYF 26281.29737625  .00002292  00000+0  32712-3 0  9990
2 31540  99.0663 117.5318 0170118  98.6769 263.3745 14.68470876 26792
FENGYUN 1C DEB          
1 31541U 99025BYG 26281.94400546  .00002600  00000+0  40604-3 0  9994
2 31541  99.0067 100.3211 0074601  29.7198 330.8213 14.72038143 28282
FENGYUN 1C DEB          
1 31542U 99025BYH 26281.94664923  .00001574  00000+0  69489-3 0  9997
2 31542  98.7066 338.2506 0046327  59.8632 300.7126 14.24142068  2121
FENGYUN 1C DEB          
1 31544U 99025BYK 26281.61319433  .00000741  00000+0  40327-3 0  9991
2 31544  98.7984 334.0360 0033388 136.0432 224.3406 14.14999475999974
FENGYUN 1C DEB          
1 31546U 99025BYM 26281.58251730  .00001439  00000+0  69812-3 0  9999
2 31546  98.2233 332.6901 0140442 349.6184  10.2098 14.14737762990260
FENGYUN 1C DEB          
1 31547U 99025BYN 26275.10850125  .00001523  00000+0  66533-3 0  9995
2 31547  99.0681 333.3187 0053783 132.3315 228.2438 14.24622674681920
FENGYUN 1C DEB          
1 31550U 99025BYR 26278.92890028  .00001018  00000+0  26590-3 0  9996
2 31550  98.3238 275.4975 0189645  96.1745 266.1085 14.41350879697342
FENGYUN 1C DEB          
1 31553U 99025BYU 26279.68451788  .00001941  00000+0  73286-3 0  9998
2 31553  98.9873 349.9542 0027410 309.6020 202.4185 14.32346775   940
FENGYUN 1C DEB          
1 31554U 99025BYV 26280.40290323  .00007243  00000+0  15688-2 0  9999
2 31554  98.9170  79.2758 0034864 194.7948 165.2232 14.58147837692016
FENGYUN 1C DEB          
1 31555U 99025BYW 26277.19891898  .00003984  00000+0  95219-3 0  9993
2 31555  99.1279 258.5612 0149313  38.8526 322.3286 14.47663122  8336
FENGYUN 1C DEB          
1 31557U 99025BYY 26279.71550954  .00000570  00000+0  15970-3 0  9994
2 31557  98.3188 259.3732 0171181  92.5756 269.5042 14.41511882653911
FENGYUN 1C DEB          
1 31558U 99025BYZ 26281.70627753  .00000454  00000+0  12618-3 0  9996
2 31558  98.7665 189.3412 0211628  91.9416 300.0095 14.39170545 17489
FENGYUN 1C DEB          
1 31559U 99025BZA 26281.90094736  .00004044  00000+0  71078-3 0  9992
2 31559  98.8858 265.0812 0052634 349.4365  40.6764 14.67388221 19514
FENGYUN 1C DEB          
1 31560U 99025BZB 26281.88285674  .00000047  00000+0  37857-4 0  9991
2 31560  98.5534 314.2542 0121211 157.4099 203.2478 14.21293538  8816
FENGYUN 1C DEB          
1 31561U 99025BZC 26281.94754830  .00000180  00000+0  14052-3 0  9993
2 31561  98.7367 270.6109 0057852  63.2297 325.1070 14.03103516993888
FENGYUN 1C DEB          
1 31562U 99025BZD 26279.96547351  .00001338  00000+0  40280-3 0  9999
2 31562  99.2819 102.5459 0056597 125.9076 234.7383 14.43530056 12740
FENGYUN 1C DEB          
1 31563U 99025BZE 26281.74366252  .00002203  00000+0  36892-3 0  9994
2 31563  98.9744 107.8841 0109123 233.8631 125.2433 14.67169054 29253
FENGYUN 1C DEB          
1 31565U 99025BZG 26279.61593662  .00006135  00000+0  17768-2 0  9994
2 31565 100.7140 232.0514 0049550 276.2417  83.3123 14.44241681686469
FENGYUN 1C DEB          
1 31566U 99025BZH 26281.68618539  .00003283  00000+0  10449-2 0  9996
2 31566  98.9353 358.2494 0025725 188.2936 325.0739 14.40382780  7028
FENGYUN 1C DEB          
1 31567U 99025BZJ 26279.77411376  .00002875  00000+0  19040-2 0  9996
2 31567 102.3191 249.6021 0180797 310.9563  47.6060 13.95148531715628
FENGYUN 1C DEB          
1 31568U 99025BZK 26278.78103046  .00001124  00000+0  68497-3 0  9996
2 31568 102.0470 262.0186 0123552 101.5398 259.9660 14.05552550987507
FENGYUN 1C DEB          
1 31569U 99025BZL 26281.25650975  .00002558  00000+0  16376-2 0  9991
2 31569 102.6068 193.3922 0176281  11.8654 141.1351 13.97524959978608
FENGYUN 1C DEB          
1 31570U 99025BZM 26278.19877451  .00007834  00000+0  27807-2 0  9995
2 31570 102.5732  90.5823 0140136 199.2372 160.3472 14.29526952675975
FENGYUN 1C DEB          
1 31608U 99025BZN 26277.20225770  .00006515  00000+0  56872-3 0  9999
2 31608  98.4125  57.8150 0135341 158.0994 202.6083 14.90344761 30090
FENGYUN 1C DEB          
1 31609U 99025BZP 26280.06287377  .00002936  00000+0  14020-2 0  9990
2 31609  99.1957 323.8641 0093948 195.4641 195.7494 14.17707607703099
FENGYUN 1C DEB          
1 31613U 99025BZT 26281.88478710  .00000936  00000+0  81646-3 0  9996
2 31613  98.4511  74.9192 0341654  31.0432 331.0422 13.64305401958534
FENGYUN 1C DEB          
1 31615U 99025BZV 26279.67830532  .00006920  00000+0  18718-2 0  9994
2 31615  99.1436 355.4985 0156102 163.4815 197.1541 14.41094919695620
FENGYUN 1C DEB          
1 31618U 99025BZY 26281.32502856  .00000475  00000+0  21271-3 0  9995
2 31618  99.4799  90.6653 0156447 200.1886 159.3058 14.21490449745206
FENGYUN 1C DEB          
1 31619U 99025BZZ 26281.92679291  .00217426  00000+0  63742-2 0  9994
2 31619  99.0328 171.8570 0036243  38.4589 321.9221 15.33661313680070
FENGYUN 1C DEB          
1 31620U 99025CAA 26277.55262345  .00003570  00000+0  11316-2 0  9991
2 31620  98.8820  17.1417 0020375 240.0324 119.8841 14.40598608700994
FENGYUN 1C DEB          
1 31622U 99025CAC 26281.24439515  .00003025  00000+0  97109-3 0  9999
2 31622  98.8208  29.1944 0016730 174.0228 216.2056 14.40121171   735
FENGYUN 1C DEB          
1 31623U 99025CAD 26277.19920781  .00000250  00000+0  22520-3 0  9991
2 31623  97.6349  78.0888 0192797 261.4596  96.4674 13.82830826620030
FENGYUN 1C DEB          
1 31625U 99025CAF 26281.79915185  .00000704  00000+0  14998-3 0  9990
2 31625  98.8076  29.1060 0148029 181.1206 331.4514 14.55908161 27301
FENGYUN 1C DEB          
1 31627U 99025CAH 26280.37360987  .00001562  00000+0  53277-3 0  9995
2 31627  98.5041 329.9029 0048879 346.7484  13.2415 14.37136228690541
FENGYUN 1C DEB          
1 31628U 99025CAJ 26278.62682660  .00001213  00000+0  96631-3 0  9990
2 31628 102.2677 230.4206 0163986 230.8197 127.8285 13.88093944974177
FENGYUN 1C DEB          
1 31629U 99025CAK 26278.66688696  .00002746  00000+0  13266-2 0  9994
2 31629 102.1333  75.8448 0101716 358.7254   1.3635 14.17246163986491
FENGYUN 1C DEB          
1 31630U 99025CAL 26279.27443416  .00014306  00000+0  55163-3 0  9991
2 31630  98.0970 110.1794 0134531  64.5857 296.9229 15.18323251 30758
FENGYUN 1C DEB          
1 31631U 99025CAM 26266.13626842  .00145447  00000+0  47146-2 0  9991
2 31631  99.3014 235.5089 0029029 119.6130 240.8003 15.30982185682215
FENGYUN 1C DEB          
1 31633U 99025CAP 26281.25935574  .00000703  00000+0  43683-3 0  9996
2 31633  98.7073 289.4305 0066818  49.7826 310.9164 14.07042432612952
FENGYUN 1C DEB          
1 31634U 99025CAQ 26273.87806312  .00000379  00000+0  30500-3 0  9996
2 31634  99.3305 329.0893 0092124  86.7320 274.4375 13.94891359605966
FENGYUN 1C DEB          
1 31639U 99025CAV 26281.29780513  .00000106  00000+0  11555-3 0  9997
2 31639  98.7693 212.6580 0161913  52.0767  98.0244 13.85270463978356
FENGYUN 1C DEB          
1 31642U 99025CAY 26280.18730112  .00000416  00000+0  15242-3 0  9999
2 31642  98.4853   1.9780 0120265  91.8312 269.6651 14.33897392 12625
FENGYUN 1C DEB          
1 31644U 99025CBA 26280.99223470  .00004430  00000+0  61711-3 0  9996
2 31644  98.6479 194.0490 0146659 328.0800  86.6271 14.71160292754405
FENGYUN 1C DEB          
1 31646U 99025CBC 26280.27080098  .00000490  00000+0  27554-3 0  9995
2 31646  98.6701 299.8750 0034397  82.9358 277.5725 14.14597279674117
FENGYUN 1C DEB          
1 31647U 99025CBD 26281.35528436  .00006939  00000+0  14628-2 0  9990
2 31647  98.0467 324.1835 0087200 233.0037 126.3159 14.57366007129411
FENGYUN 1C DEB          
1 31648U 99025CBE 26276.10027234  .00003776  00000+0  18515-2 0  9993
2 31648 102.7903 231.5992 0039949 164.7355 195.5020 14.18414732760675
FENGYUN 1C DEB          
1 31655U 99025CBM 26281.78430905  .00003079  00000+0  28522-2 0  9999
2 31655  99.2750 220.0080 0289297  81.2033 311.3790 13.65856711638138
FENGYUN 1C DEB          
1 31656U 99025CBN 26281.32515362  .00003323  00000+0  85637-3 0  9994
2 31656  99.1954 301.9372 0019647 237.8681 133.8947 14.50708442  7745
FENGYUN 1C DEB          
1 31657U 99025CBP 26277.26180903  .00000831  00000+0  56766-3 0  9994
2 31657 102.2116 283.5349 0145610  56.3294 305.1648 13.99188020669950
FENGYUN 1C DEB          
1 31658U 99025CBQ 26281.94436507  .00004051  00000+0  22397-2 0  9999
2 31658  98.1460 103.7039 0212145 191.5480 168.0779 14.01077344740177
FENGYUN 1C DEB          
1 31660U 99025CBS 26279.83464118  .00000867  00000+0  34743-3 0  9996
2 31660  98.5157 278.4719 0101631  27.0459 333.5967 14.27913002121694
FENGYUN 1C DEB          
1 31661U 99025CBT 26280.20769332  .00001903  00000+0  78415-3 0  9992
2 31661  98.8493   7.5544 0057151  82.6058 307.3003 14.27166027999686
FENGYUN 1C DEB          
1 31663U 99025CBV 26281.02770650  .00002325  00000+0  24969-3 0  9994
2 31663  98.8461 222.5963 0187141  15.5096 345.1739 14.77793870 36929
FENGYUN 1C DEB          
1 31664U 99025CBW 26281.93429928  .00000429  00000+0  24567-3 0  9991
2 31664  98.7754 271.0216 0124970  28.6405 332.1556 14.10684627  2162
FENGYUN 1C DEB          
1 31665U 99025CBX 26281.98885758  .00001174  00000+0  92317-3 0  9990
2 31665  98.4300 300.2113 0187938  83.5988 278.6534 13.85569714973489
FENGYUN 1C DEB          
1 31666U 99025CBY 26281.94210307  .00038338  00000+0  27649-2 0  9996
2 31666  98.6593 106.5613 0014677 259.0899 100.8672 15.03934938 17224
FENGYUN 1C DEB          
1 31667U 99025CBZ 26281.86249708  .00000324  00000+0  16038-3 0  9990
2 31667  99.0476 148.1368 0050256 308.0820  51.5830 14.23796560602632
FENGYUN 1C DEB          
1 31670U 99025CCC 26278.34652487  .00001266  00000+0  11428-2 0  9998
2 31670  98.4117 122.6880 0242915 223.0776 135.1138 13.72976901663817
FENGYUN 1C DEB          
1 31672U 99025CCE 26277.84561890  .00003912  00000+0  87138-3 0  9993
2 31672  98.9395 130.4330 0100226 167.3119 193.0633 14.54456251691713
FENGYUN 1C DEB          
1 31673U 99025CCF 26281.39956682  .00000287  00000+0  11625-3 0  9996
2 31673  99.3445 144.6131 0123563 265.4859  93.2199 14.32294799691802
FENGYUN 1C DEB          
1 31674U 99025CCG 26273.44217988  .00004316  00000+0  95962-3 0  9996
2 31674  98.9169 334.2532 0024307 125.4712 234.8757 14.57374748688564
FENGYUN 1C DEB          
1 31678U 99025CCL 26279.59303979  .00007005  00000+0  10303-2 0  9991
2 31678  98.8255  50.4083 0245887 200.0248 159.1170 14.57273343 11515
FENGYUN 1C DEB          
1 31680U 99025CCN 26281.41663932  .00048263  00000+0  79646-3 0  9993
2 31680  99.8390 135.1946 0040982   6.7020 353.4764 15.51165914 47770
FENGYUN 1C DEB          
1 31685U 99025CCT 26281.87266700  .00000009  00000+0  29325-4 0  9996
2 31685  98.7086 301.7039 0017718  98.0483 262.2699 14.09747783993188
FENGYUN 1C DEB          
1 31686U 99025CCU 26280.44892568  .00006343  00000+0  50853-3 0  9992
2 31686  98.1232 358.7908 0266061 212.5745 207.1291 14.76671507 22132
FENGYUN 1C DEB          
1 31688U 99025CCW 26279.41933588 -.00000002  00000+0  26015-4 0  9998
2 31688  98.9240 332.9810 0075214  35.5393 325.0750 14.02425798994504
FENGYUN 1C DEB          
1 31691U 99025CCZ 26277.49492084  .00002541  00000+0  10108-2 0  9992
2 31691  98.8773  13.5457 0059281 103.7002 257.0788 14.28609714683317
FENGYUN 1C DEB          
1 31692U 99025CDA 26275.26973595  .00002772  00000+0  12481-2 0  9999
2 31692  99.1781 287.6455 0083937 329.4526  30.1776 14.21295599623750
FENGYUN 1C DEB          
1 31695U 99025CDD 26280.07477137  .00004187  00000+0  46055-3 0  9995
2 31695  98.2559  16.4061 0159827 354.3472   5.5929 14.79288478703752
FENGYUN 1C DEB          
1 31715U 99025CDN 26279.84605750  .00002377  00000+0  46350-3 0  9992
2 31715  99.2674 145.8591 0180941 308.4365  50.0705 14.54282500660472
FENGYUN 1C DEB          
1 31716U 99025CDP 26281.19141432  .00001103  00000+0  66245-3 0  9997
2 31716  98.5353 167.6685 0129678 328.8961 184.7548 14.04759310983227
FENGYUN 1C DEB          
1 31717U 99025CDQ 26271.45791725  .00003251  00000+0  14134-2 0  9997
2 31717  96.9295 353.2125 0157249 226.8649 131.9294 14.18157979987530
FENGYUN 1C DEB          
1 31720U 99025CDT 26281.83094467  .00003847  00000+0  54138-3 0  9993
2 31720  99.0600 233.3503 0092449 271.1703  87.8913 14.75139227 26406
FENGYUN 1C DEB          
1 31721U 99025CDU 26280.45342624  .00000311  00000+0  26259-3 0  9998
2 31721  99.8085 272.9335 0317256 131.9659  20.8407 13.74136375714883
FENGYUN 1C DEB          
1 31724U 99025CDX 26281.92770020  .00011201  00000+0  22415-2 0  9998
2 31724  97.8579 274.1399 0139695  29.1542 331.7364 14.55910558688513
FENGYUN 1C DEB          
1 31725U 99025CDY 26278.75551869  .00000645  00000+0  10937-2 0  9990
2 31725  99.1804  87.5522 0686916  27.0178 336.5005 12.79890710902806
FENGYUN 1C DEB          
1 31726U 99025CDZ 26279.34565118  .00000621  00000+0  27510-3 0  9999
2 31726  98.6859 298.6856 0231649 227.5475 145.6978 14.13422120682496
FENGYUN 1C DEB          
1 31727U 99025CEA 26281.30215021  .00003098  00000+0  98415-3 0  9997
2 31727  98.8776  48.4880 0032386 173.9157 215.8289 14.40398834759778
FENGYUN 1C DEB          
1 31731U 99025CEE 26276.17137211  .00002293  00000+0  70070-3 0  9998
2 31731  99.2913 355.3569 0009804 310.8555  49.1782 14.42926424   733
FENGYUN 1C DEB          
1 31732U 99025CEF 26281.03283093  .00000295  00000+0  18040-3 0  9999
2 31732  98.5431 307.3533 0041343 110.5959 249.9656 14.12561659685557
FENGYUN 1C DEB          
1 31734U 99025CEH 26278.70349266  .00000398  00000+0  16326-3 0  9995
2 31734  98.5177 268.8542 0101877 212.4211 147.0686 14.29559623  6519
FENGYUN 1C DEB          
1 31735U 99025CEJ 26280.55051304  .00001442  00000+0  42591-3 0  9999
2 31735  98.5930  31.2079 0059662 106.9520 253.8221 14.44007133  9681
FENGYUN 1C DEB          
1 31736U 99025CEK 26281.95043244  .00000148  00000+0  99867-4 0  9990
2 31736  98.6881 280.4662 0013049 103.9341 256.3285 14.14336497683086
FENGYUN 1C DEB          
1 31737U 99025CEL 26281.03729347  .00001784  00000+0  25635-3 0  9993
2 31737  97.8866 310.1824 0144887 138.6655 253.0646 14.70700696 25971
FENGYUN 1C DEB          
1 31738U 99025CEM 26281.42988515  .00000851  00000+0  54090-3 0  9992
2 31738  99.3403 353.4451 0303191  19.1717 342.0562 13.86168760664082
FENGYUN 1C DEB          
1 31739U 99025CEN 26279.43531479  .00000060  00000+0  45996-4 0  9992
2 31739  98.7059 335.3447 0126242 301.8668  57.0273 14.19333746997090
FENGYUN 1C DEB          
1 31740U 99025CEP 26281.09279484  .00001794  00000+0  53802-3 0  9993
2 31740  99.8089 142.8911 0023764 286.8908 226.2701 14.44127190693932
FENGYUN 1C DEB          
1 31741U 99025CEQ 26276.07357637  .00001533  00000+0  49564-3 0  9994
2 31741  99.0786 219.9557 0172205 295.4459  62.8991 14.32633384 64327
FENGYUN 1C DEB          
1 31742U 99025CER 26281.87887136  .00000945  00000+0  30052-3 0  9999
2 31742  98.8815 158.7325 0075190 159.1751 201.2528 14.40741903  9653
FENGYUN 1C DEB          
1 31743U 99025CES 26281.34789638  .00002550  00000+0  92902-3 0  9996
2 31743  99.1572 230.7910 0038970  67.4283  83.7228 14.33649434999303
FENGYUN 1C DEB          
1 31744U 99025CET 26279.62460965  .00004049  00000+0  11999-2 0  9995
2 31744  99.3245  51.0837 0302715 281.5494  75.1844 14.20658589988392
FENGYUN 1C DEB          
1 31746U 99025CEV 26275.38639388  .00014234  00000+0  13785-2 0  9995
2 31746  98.6038  66.1409 0016908 339.7380  20.3163 14.92748766 12169
FENGYUN 1C DEB          
1 31752U 99025CFB 26277.41923208  .00001494  00000+0  68851-3 0  9994
2 31752  98.9559 347.1365 0351682 241.8057 114.7173 13.94646885977108
FENGYUN 1C DEB          
1 31753U 99025CFC 26281.37442071  .00000246  00000+0  12198-3 0  9996
2 31753  98.6002 311.1690 0158823  30.2718 343.6623 14.18951179  2572
FENGYUN 1C DEB          
1 31754U 99025CFD 26280.43960331  .00001719  00000+0  51034-3 0  9995
2 31754  99.0657 269.3456 0050154  53.9057 306.6761 14.43955142 12647
FENGYUN 1C DEB          
1 31755U 99025CFE 26273.80798906  .00000220  00000+0  13096-3 0  9998
2 31755  98.8054 263.6902 0187188 277.8439 206.2375 14.08652642677832
FENGYUN 1C DEB          
1 31756U 99025CFF 26279.25384311  .00004245  00000+0  10739-2 0  9996
2 31756  99.3679  90.5985 0038918 358.2793   1.8258 14.51102574650217
FENGYUN 1C DEB          
1 31757U 99025CFG 26273.76222844  .00000236  00000+0  13250-3 0  9997
2 31757  98.7497 292.4278 0216024 339.7602  19.5100 14.08159907679910
FENGYUN 1C DEB          
1 31758U 99025CFH 26281.22960805  .00004934  00000+0  75802-3 0  9994
2 31758  98.0613 281.1489 0290501 251.4493 105.4943 14.49425899985295
FENGYUN 1C DEB          
1 31760U 99025CFK 26280.56898939  .00000727  00000+0  29048-3 0  9998
2 31760  99.2708  42.4208 0052166  57.4220 303.1983 14.31036275  3871
FENGYUN 1C DEB          
1 31761U 99025CFL 26281.38737822  .00003360  00000+0  77433-3 0  9990
2 31761  98.6001 136.7359 0461414 134.9423 229.0157 14.06439706623191
FENGYUN 1C DEB          
1 31763U 99025CFN 26277.17339263  .00000215  00000+0  15278-3 0  9996
2 31763  98.5141 349.7948 0544027  23.6585   4.8431 13.50974187949945
FENGYUN 1C DEB          
1 31766U 99025CFR 26281.77785019  .00000391  00000+0  26098-3 0  9991
2 31766  98.8317 276.6084 0074415 169.0540 191.2269 14.05413974683005
FENGYUN 1C DEB          
1 31767U 99025CFS 26281.35569303  .00000291  00000+0  20562-3 0  9991
2 31767  98.7930 307.3133 0039990 310.5783  62.4633 14.05099986990338
FENGYUN 1C DEB          
1 31768U 99025CFT 26281.56343929  .00016941  00000+0  18797-2 0  9994
2 31768  99.0373  37.7854 0022166 118.3162 305.0724 14.87156948 13054
FENGYUN 1C DEB          
1 31769U 99025CFU 26270.25225442  .00006826  00000+0  20536-2 0  9993
2 31769  98.4362 276.9660 0063235 311.3114  48.2642 14.41761118682847
FENGYUN 1C DEB          
1 31772U 99025CFX 26281.17518573  .00001236  00000+0  62907-3 0  9999
2 31772  98.4648 187.4456 0136401 337.2143  22.3013 14.12828558751103
FENGYUN 1C DEB          
1 31773U 99025CFY 26281.85725397  .00007972  00000+0  10471-2 0  9990
2 31773  98.9454 310.4111 0033244 320.3343  39.5434 14.80180774696051
FENGYUN 1C DEB          
1 31774U 99025CFZ 26275.95166928  .00001318  00000+0  60687-3 0  9997
2 31774  98.7479 322.5565 0058821  84.8049 275.9837 14.21863788671848
FENGYUN 1C DEB          
1 31776U 99025CGB 26281.15120159  .00001515  00000+0  72347-3 0  9999
2 31776  99.0550 352.7539 0054846 200.8307 189.0912 14.19963953991284
FENGYUN 1C DEB          
1 31779U 99025CGE 26281.09705965  .00001162  00000+0  28257-3 0  9998
2 31779  99.3199 233.2026 0211955  24.8111 336.3091 14.42392863 12704
FENGYUN 1C DEB          
1 31780U 99025CGF 26281.00545108  .00001500  00000+0  21822-3 0  9999
2 31780  99.2989 120.4030 0146349 213.8473 145.3324 14.70862058 28836
FENGYUN 1C DEB          
1 31781U 99025CGG 26281.38784418  .00003365  00000+0  14337-2 0  9993
2 31781  99.4991 116.8874 0190807 156.8781 204.1121 14.16553104725868
FENGYUN 1C DEB          
1 31782U 99025CGH 26277.97680124  .00000677  00000+0  23685-3 0  9993
2 31782  98.9302  94.7000 0078368 204.2163 308.4154 14.36871949  9235
FENGYUN 1C DEB          
1 31783U 99025CGJ 26276.75167038  .00000462  00000+0  27592-3 0  9996
2 31783  98.6080 277.2724 0101756 292.3657 244.9120 14.09318052933752
FENGYUN 1C DEB          
1 31788U 99025CGP 26281.12142903  .00001506  00000+0  13724-2 0  9993
2 31788 102.5513 144.8456 0458097 146.7565   3.9558 13.46535424946326
FENGYUN 1C DEB          
1 31804U 99025CGS 26262.65991053  .00001526  00000+0  75637-3 0  9991
2 31804  98.3038  55.8153 0136738  55.1843 306.2107 14.13758610676295
FENGYUN 1C DEB          
1 31805U 99025CGT 26278.75719668  .00007314  00000+0  18611-2 0  9999
2 31805  98.3909 246.4864 0432829  32.9147 329.8197 14.06966011665353
FENGYUN 1C DEB          
1 31807U 99025CGV 26281.68426888  .00001224  00000+0  28631-3 0  9994
2 31807  99.1126  82.8698 0102120 341.8374  17.9183 14.53657730696614
FENGYUN 1C DEB          
1 31808U 99025CGW 26281.46916873  .00013337  00000+0  22578-2 0  9990
2 31808  99.1977 148.2001 0034738 311.5691  48.2534 14.69057579619882
FENGYUN 1C DEB          
1 31810U 99025CGY 26277.82832730  .00001569  00000+0  33783-3 0  9992
2 31810  98.2578 291.2204 0208538 317.7966  40.7333 14.47322364686959
FENGYUN 1C DEB          
1 31813U 99025CHB 26277.55451934  .00001444  00000+0  33923-3 0  9996
2 31813  99.4322  37.1316 0134780 176.9931 183.2101 14.50928143 15387
FENGYUN 1C DEB          
1 31814U 99025CHC 26277.41905903  .00000256  00000+0  30043-3 0  9992
2 31814  99.5381 328.6620 0230012 175.9989 184.3065 13.66746834658382
FENGYUN 1C DEB          
1 31815U 99025CHD 26279.22853251  .00000029  00000+0  40362-4 0  9996
2 31815  98.7978 263.6662 0057713 259.4459 100.0207 14.10333557997322
FENGYUN 1C DEB          
1 31816U 99025CHE 26281.82267647  .00000535  00000+0  40561-3 0  9996
2 31816  99.0008  33.3682 0119170  53.7227  96.9121 13.94886592978767
FENGYUN 1C DEB          
1 31817U 99025CHF 26279.33744930  .00003237  00000+0  54626-3 0  9994
2 31817  98.9140 307.0791 0057161 234.1998 125.3885 14.69201843757713
FENGYUN 1C DEB          
1 31819U 99025CHH 26278.23251587  .00000409  00000+0  16579-3 0  9998
2 31819  98.4969 267.3592 0086961 164.3283 196.0623 14.30654700  9163
FENGYUN 1C DEB          
1 31820U 99025CHJ 26281.40770404  .00006942  00000+0  46279-3 0  9995
2 31820  98.9318 140.7671 0135614 121.1284 240.3321 15.00171092 26996
FENGYUN 1C DEB          
1 31821U 99025CHK 26281.89436596  .00012114  00000+0  24088-2 0  9991
2 31821  98.1464 161.2536 0186186 174.5272 185.8019 14.51777941980039
FENGYUN 1C DEB          
1 31823U 99025CHM 26281.86223962  .00004974  00000+0  80453-3 0  9995
2 31823  99.5181  61.8883 0034993  24.2139 336.0698 14.71482823 11226
FENGYUN 1C DEB          
1 31825U 99025CHP 26281.78392010  .00000531  00000+0  22525-3 0  9990
2 31825  98.6028 278.9837 0164351 186.9634 172.9260 14.22319944998861
FENGYUN 1C DEB          
1 31826U 99025CHQ 26281.79600903  .00000560  00000+0  26344-3 0  9990
2 31826  98.6490 270.6401 0124554  44.1682  76.6146 14.19743641   701
FENGYUN 1C DEB          
1 31829U 99025CHT 26277.94947632  .00000241  00000+0  20688-3 0  9999
2 31829  98.8692  78.0594 0169376  77.4446  72.3357 13.88941580982591
FENGYUN 1C DEB          
1 31830U 99025CHU 26281.78123543  .00001567  00000+0  12579-2 0  9996
2 31830  99.1697  25.2485 0184740 231.1198 283.4587 13.84538107968902
FENGYUN 1C DEB          
1 31834U 99025CHY 26281.31969426  .00000241  00000+0  16029-3 0  9990
2 31834  98.3371 122.3119 0160477 309.4724  49.2340 14.03463379679122
FENGYUN 1C DEB          
1 31836U 99025CJA 26278.82222304  .00002960  00000+0  15466-2 0  9994
2 31836  98.6263 237.1676 0113773 352.4598   7.4859 14.11877751655930
FENGYUN 1C DEB          
1 31837U 99025CJB 26281.19063749  .00006257  00000+0  64997-3 0  9992
2 31837  98.0802   6.3746 0085913 121.9631 238.9973 14.87554947 27976
FENGYUN 1C DEB          
1 31838U 99025CJC 26276.40148439  .00000683  00000+0  32778-3 0  9990
2 31838  98.6898 327.9657 0036339 323.7315  48.8469 14.21839974687637
FENGYUN 1C DEB          
1 31841U 99025CJF 26280.28477148  .00002869  00000+0  11783-2 0  9997
2 31841  98.4490  73.5792 0302614 178.1468 305.2345 14.05807791635319
FENGYUN 1C DEB          
1 31843U 99025CJH 26281.58861744  .00004909  00000+0  30261-2 0  9991
2 31843  99.2921 202.3158 0630104 333.0565  23.9096 13.36443896686986
FENGYUN 1C DEB          
1 31844U 99025CJJ 26281.05814064  .00000705  00000+0  33680-3 0  9996
2 31844 100.2957 323.6547 0101512 251.2554 107.7580 14.20633341995817
FENGYUN 1C DEB          
1 31847U 99025CJM 26276.43781603  .00001774  00000+0  90343-3 0  9993
2 31847  99.0174 356.9454 0083210 124.4685 236.4385 14.15295458611288
FENGYUN 1C DEB          
1 31851U 99025CJR 26272.35366662  .00001666  00000+0  13017-2 0  9991
2 31851  98.7782 113.9035 0196048 214.1938 144.6465 13.84922016654886
FENGYUN 1C DEB          
1 31854U 99025CJU 26281.85139468  .00000515  00000+0  34887-3 0  9992
2 31854  98.8557 281.9450 0072499  24.5703 335.8891 14.03401370734819
FENGYUN 1C DEB          
1 31857U 99025CJX 26278.55108615  .00000891  00000+0  85197-3 0  9995
2 31857  96.1909 205.5071 0304603 174.7966 185.6476 13.62888549656712
FENGYUN 1C DEB          
1 31861U 99025CKB 26279.92323480  .00000554  00000+0  66088-3 0  9995
2 31861 102.3275 177.2908 0491057 278.2688  76.3045 13.31402524707343
FENGYUN 1C DEB          
1 31877U 99025CKC 26281.60778810  .00008546  00000+0  49540-3 0  9994
2 31877  99.0048  46.4392 0089911  17.2982 343.1272 15.09096993 35532
FENGYUN 1C DEB          
1 31878U 99025CKD 26277.23037425  .00005964  00000+0  56294-3 0  9994
2 31878  99.4646 262.8956 0076444  28.8829 331.6583 14.92047553 24619
FENGYUN 1C DEB          
1 31879U 99025CKE 26280.05072134  .00000531  00000+0  13680-3 0  9992
2 31879  99.6872 204.7043 0206229 250.4100 107.4719 14.43659071675135
FENGYUN 1C DEB          
1 31880U 99025CKF 26279.34331103  .00000503  00000+0  42127-3 0  9995
2 31880 100.0422 110.3373 0127599  90.2821 271.2957 13.89868064671138
FENGYUN 1C DEB          
1 31882U 99025CKH 26276.57805548  .00000612  00000+0  34607-3 0  9993
2 31882  98.9211 203.1936 0037038 107.9118 252.6098 14.13565778628012
FENGYUN 1C DEB          
1 31883U 99025CKJ 26281.09426952  .00001478  00000+0  23076-3 0  9994
2 31883  99.0456 234.2468 0117847 223.8397 135.3407 14.70202016 23594
FENGYUN 1C DEB          
1 31887U 99025CKN 26281.08777271  .00003953  00000+0  80928-3 0  9999
2 31887  99.5233  21.7298 0022597 185.9499 174.1432 14.61322487  9705
FENGYUN 1C DEB          
1 31888U 99025CKP 26281.30935884  .00002894  00000+0  99646-3 0  9991
2 31888  99.1709 231.0601 0019713  59.5401 300.7728 14.36695466999355
FENGYUN 1C DEB          
1 31890U 99025CKR 26280.79501853  .00000126  00000+0  92417-4 0  9997
2 31890  98.7148 288.1309 0073440 114.5683 246.3165 14.10248885683675
FENGYUN 1C DEB          
1 31891U 99025CKS 26281.97895666  .00000376  00000+0  42368-3 0  9993
2 31891  99.3922 293.3939 0224717 128.3356 233.8222 13.66470700965104
FENGYUN 1C DEB          
1 31892U 99025CKT 26279.30837880  .00001113  00000+0  28115-3 0  9996
2 31892  99.2907 120.5532 0196655 133.0881 228.6953 14.42364496691942
FENGYUN 1C DEB          
1 31893U 99025CKU 26281.81870000  .00000683  00000+0  11323-3 0  9991
2 31893  99.1036 276.2303 0173721 127.3022 354.2732 14.64728114 27840
FENGYUN 1C DEB          
1 31895U 99025CKW 26279.86566329  .00001413  00000+0  12281-2 0  9996
2 31895  99.0755 300.3070 0224704 159.3258 201.7164 13.76733391659978
FENGYUN 1C DEB          
1 31898U 99025CKZ 26276.42786731  .00003329  00000+0  46979-3 0  9999
2 31898  98.6692 165.4840 0138632  18.4313 342.1844 14.71565842700424
FENGYUN 1C DEB          
1 31899U 99025CLA 26280.23237434  .00001544  00000+0  12654-2 0  9994
2 31899 102.0842  72.3518 0183167 160.8351 199.9802 13.84293776716939
FENGYUN 1C DEB          
1 31901U 99025CLC 26278.10104393 -.00000005  00000+0  23900-4 0  9998
2 31901  98.6376 224.6572 0132492  89.4776 272.1567 13.94282886675374
FENGYUN 1C DEB          
1 31902U 99025CLD 26279.87775846  .00000496  00000+0  20076-3 0  9994
2 31902  98.5409 255.6978 0179682   0.7813  28.2186 14.23690357690334
FENGYUN 1C DEB          
1 31903U 99025CLE 26281.32111174  .00001206  00000+0  22594-3 0  9993
2 31903  99.2724 311.0504 0125342 207.5343 151.9178 14.62224247 17550
FENGYUN 1C DEB          
1 31905U 99025CLG 26281.45072446  .00000955  00000+0  29376-3 0  9992
2 31905  99.1746 280.5613 0192486 302.6249  55.6484 14.34182847  8975
FENGYUN 1C DEB          
1 31906U 99025CLH 26280.34347064  .00001580  00000+0  66028-3 0  9991
2 31906  98.7060  56.3143 0051441 329.5028  59.3948 14.26867774993851
FENGYUN 1C DEB          
1 31910U 99025CLM 26273.72490198  .00002288  00000+0  44337-3 0  9992
2 31910  97.6598 273.3317 0220170 328.1098  30.6923 14.49867972685974
FENGYUN 1C DEB          
1 31913U 99025CLQ 26274.03570111  .00001528  00000+0  10331-2 0  9996
2 31913  99.2966 201.1156 0189374 239.5503 118.6831 13.93657084599552
FENGYUN 1C DEB          
1 31914U 99025CLR 26281.66651643  .00000413  00000+0  87346-4 0  9998
2 31914  98.9844 173.5310 0180075 240.5545 117.7577 14.56140944728378
FENGYUN 1C DEB          
1 31915U 99025CLS 26281.88513479  .00000951  00000+0  46958-3 0  9997
2 31915  98.6187 295.5702 0101639 127.3422 233.7066 14.17024645683571
FENGYUN 1C DEB          
1 31916U 99025CLT 26281.13970399  .00001950  00000+0  63420-3 0  9997
2 31916  99.3334  34.6235 0141145 310.0642  48.8232 14.34608910688171
FENGYUN 1C DEB          
1 31917U 99025CLU 26278.23096391  .00000740  00000+0  20936-3 0  9997
2 31917  98.3812 268.6947 0188817 123.8263 304.1910 14.38519446  6193
FENGYUN 1C DEB          
1 31919U 99025CLW 26279.72494278  .00000490  00000+0  14206-3 0  9995
2 31919  99.1379  89.6141 0101896  42.3862  22.3060 14.46486548 13896
FENGYUN 1C DEB          
1 31921U 99025CLY 26281.15775313  .00000860  00000+0  80591-3 0  9991
2 31921  99.3184 172.3771 0199632 198.3953 160.9905 13.75936681964231
FENGYUN 1C DEB          
1 31922U 99025CLZ 26279.50843035  .00001028  00000+0  81827-3 0  9995
2 31922  98.8304 259.2459 0158311 296.8070 192.8753 13.87675032971451
FENGYUN 1C DEB          
1 31923U 99025CMA 26276.12357220  .00000676  00000+0  77349-3 0  9999
2 31923  98.4217 332.5214 0298137 255.9774 100.8058 13.55461446676224
FENGYUN 1C DEB          
1 31924U 99025CMB 26281.79223856  .00000711  00000+0  72402-3 0  9991
2 31924  98.4214  44.3926 0268583  21.7732 339.4581 13.64820289955590
FENGYUN 1C DEB          
1 31926U 99025CMD 26281.23475211  .00003036  00000+0  11035-2 0  9993
2 31926  98.9608  31.2561 0038132 105.6045 254.9352 14.33614952995156
FENGYUN 1C DEB          
1 31929U 99025CME 26279.13732826  .00000749  00000+0  26780-3 0  9992
2 31929  98.8302  59.6773 0072045 258.4106 100.8985 14.35668774749122
FENGYUN 1C DEB          
1 31931U 99025CMG 26277.91795775  .00000163  00000+0  20075-3 0  9992
2 31931  97.8109 167.9516 0420857 219.3631 137.6214 13.42981840691975
FENGYUN 1C DEB          
1 31937U 99025CMN 26277.12778619  .00004190  00000+0  43330-3 0  9992
2 31937  99.2745  57.0521 0152775  94.2238 267.6446 14.82510125704405
FENGYUN 1C DEB          
1 31938U 99025CMP 26280.98864025  .00004406  00000+0  30150-3 0  9994
2 31938  98.8987 359.2366 0142922 175.0172 185.2510 14.98775546 36076
FENGYUN 1C DEB          
1 31944U 99025CMV 26275.27198096  .00000553  00000+0  29309-3 0  9998
2 31944  99.2377  76.1956 0150118 261.6467 221.4806 14.12461562670538
FENGYUN 1C DEB          
1 31945U 99025CMW 26278.69301644  .00001697  00000+0  76659-3 0  9993
2 31945  98.9514   4.4134 0061018 156.5251 203.8733 14.22471315994151
FENGYUN 1C DEB          
1 31946U 99025CMX 26277.42000079  .00001396  00000+0  68448-3 0  9995
2 31946  98.8842 342.6345 0080774 284.2310  74.9903 14.17771345681969
FENGYUN 1C DEB          
1 31948U 99025CMZ 26281.72980314  .00002305  00000+0  90914-3 0  9998
2 31948  99.3794   9.9681 0023501 237.1718 275.0816 14.30070145993130
FENGYUN 1C DEB          
1 31949U 99025CNA 26279.22985318  .00000401  00000+0  20189-3 0  9992
2 31949  98.5758 258.7910 0127072  75.7935 285.7318 14.17296813997187
FENGYUN 1C DEB          
1 31952U 99025CND 26281.87118180  .00001367  00000+0  30547-3 0  9996
2 31952  98.9920  65.4588 0113502 105.2019 256.1760 14.54695984 15609
FENGYUN 1C DEB          
1 31955U 99025CNG 26280.25971869  .00006126  00000+0  10517-2 0  9993
2 31955  99.2625 200.5834 0042935 351.8328 160.1487 14.68528283  9332
FENGYUN 1C DEB          
1 31959U 99025CNL 26278.38074369  .00006565  00000+0  16568-2 0  9996
2 31959  98.4970 156.8651 0028591 339.8419  20.1644 14.51145850686506
FENGYUN 1C DEB          
1 31964U 99025CNR 26280.33994656  .00007037  00000+0  13214-2 0  9990
2 31964  98.7160  64.9149 0027656 189.3901 170.6787 14.64786086718738
FENGYUN 1C DEB          
1 31966U 99025CNT 26276.78425752  .00002526  00000+0  40106-3 0  9991
2 31966  99.0360 105.4554 0082389  82.3242 278.7308 14.70937841700768
FENGYUN 1C DEB          
1 31972U 99025CNZ 26281.61772932  .00000188  00000+0  13567-3 0  9994
2 31972  99.1716 333.4486 0075568 277.0657 237.1287 14.07653171991793
FENGYUN 1C DEB          
1 31974U 99025CPB 26281.96323227  .00002820  00000+0  10330-2 0  9992
2 31974  98.3760 287.3748 0070285 131.3627 229.3631 14.32209367737160
FENGYUN 1C DEB          
1 31977U 99025CPE 26270.17124005  .00002112  00000+0  14552-2 0  9993
2 31977  98.2129  41.8982 0272193 151.8084 209.8118 13.83807218662007
FENGYUN 1C DEB          
1 31978U 99025CPF 26281.26579138  .00000657  00000+0  69420-3 0  9994
2 31978  98.4066  40.6382 0261684 336.9628  21.9955 13.63798671956721
FENGYUN 1C DEB          
1 31979U 99025CPG 26277.98668641  .00002269  00000+0  20274-2 0  9991
2 31979  99.3753   8.3866 0264085 230.7149 127.0307 13.70888994619697
FENGYUN 1C DEB          
1 31980U 99025CPH 26267.27039311  .00000327  00000+0  43227-3 0  9997
2 31980  97.5839 284.2315 0428574  99.7723 265.2070 13.32390214934721
FENGYUN 1C DEB          
1 31984U 99025CPM 26281.80048002  .00000468  00000+0  22026-3 0  9993
2 31984  98.5642 282.9393 0064145  75.2378 285.5897 14.23379165986412
FENGYUN 1C DEB          
1 31985U 99025CPN 26277.91229410  .00000355  00000+0  15422-3 0  9992
2 31985  98.1866 164.3147 0152146  96.3389 265.5144 14.23342693998234
FENGYUN 1C DEB          
1 31986U 99025CPP 26272.15469388  .00000409  00000+0  22054-3 0  9993
2 31986  99.7505 242.9371 0124291  75.6459 285.8473 14.14999427706850
FENGYUN 1C DEB          
1 31987U 99025CPQ 26280.96488346  .00001758  00000+0  49236-3 0  9996
2 31987  99.0593 279.5293 0050434 349.8784  38.8277 14.46754371  6880
FENGYUN 1C DEB          
1 31988U 99025CPR 26281.36139864  .00001866  00000+0  84091-3 0  9998
2 31988  98.1140 331.9155 0061618 129.9204 230.7413 14.22268234684091
FENGYUN 1C DEB          
1 31989U 99025CPS 26281.64708777  .00000651  00000+0  49828-3 0  9995
2 31989  99.1771 346.1906 0115750 203.3578 312.0275 13.93975103978951
FENGYUN 1C DEB          
1 31990U 99025CPT 26280.84287360  .00000137  00000+0  19652-3 0  9999
2 31990  99.1480 287.9246 0260387 138.3648 345.4640 13.57334664668291
FENGYUN 1C DEB          
1 31991U 99025CPU 26281.38846894  .00000067  00000+0  12558-3 0  9993
2 31991 100.4631 137.2390 0244708  34.8666 326.8232 13.61356984661648
FENGYUN 1C DEB          
1 31992U 99025CPV 26278.02277518  .00000608  00000+0  69421-3 0  9994
2 31992  99.1906 208.7886 0542107  31.8254 331.4454 13.23369792577931
FENGYUN 1C DEB          
1 31993U 99025CPW 26281.09947619  .00001626  00000+0  22506-2 0  9995
2 31993  99.2253 227.0396 0420615 126.0824 238.0022 13.28240652929164
FENGYUN 1C DEB          
1 31994U 99025CPX 26277.70054710 -.00000047  00000+0 -48367-5 0  9994
2 31994  98.5665 255.8847 0162403  43.3070 318.0727 13.95872752609258
FENGYUN 1C DEB          
1 31996U 99025CPZ 26279.03148620  .00001951  00000+0  19975-2 0  9991
2 31996  99.2892 202.3675 0296379  80.6038 282.8477 13.59939737587278
FENGYUN 1C DEB          
1 31997U 99025CQA 26275.56854967  .00001138  00000+0  12017-2 0  9991
2 31997 102.5089  45.6918 0284180 329.3745  29.1059 13.61666522656815
FENGYUN 1C DEB          
1 32086U 99025CQC 26281.35568711  .00001036  00000+0  89822-3 0  9990
2 32086  99.2627 330.3637 0296254  74.3548 289.0078 13.70054711658822
FENGYUN 1C DEB          
1 32088U 99025CQE 26281.65225305  .00003586  00000+0  45261-2 0  9994
2 32088 102.4006 211.0237 0472160  72.8391 292.3844 13.26062468638188
FENGYUN 1C DEB          
1 32089U 99025CQF 26281.22163233  .00000681  00000+0  35466-3 0  9999
2 32089  98.6599 282.6846 0110917 348.3737  11.4878 14.14693669674498
FENGYUN 1C DEB          
1 32093U 99025CQK 26279.40173748  .00000546  00000+0  18902-3 0  9999
2 32093  98.8832 148.0284 0077778 194.3035 165.5949 14.38224977  6816
FENGYUN 1C DEB          
1 32094U 99025CQL 26277.91451541  .00000352  00000+0  21827-3 0  9999
2 32094  98.7689 265.8729 0035212 146.9360 213.4023 14.11067448985416
FENGYUN 1C DEB          
1 32095U 99025CQM 26277.83606768  .00000293  00000+0  16466-3 0  9991
2 32095  98.6311 289.5556 0077166 323.1439  36.4446 14.16336331990085
FENGYUN 1C DEB          
1 32096U 99025CQN 26281.52714542  .00000685  00000+0  53945-3 0  9991
2 32096  99.0482 308.0758 0135092  47.8281 313.4259 13.90877825970288
FENGYUN 1C DEB          
1 32098U 99025CQQ 26278.72920649  .00000514  00000+0  21516-3 0  9998
2 32098  98.6342 269.0761 0193765 341.2387  18.1716 14.20720077684446
FENGYUN 1C DEB          
1 32099U 99025CQR 26280.09415689  .00001072  00000+0  53128-3 0  9999
2 32099  98.3059 226.4936 0338907 161.7916 264.2426 13.93079577688405
FENGYUN 1C DEB          
1 32101U 99025CQT 26280.94110659  .00002018  00000+0  12469-2 0  9999
2 32101  99.0210 182.3796 0118055 126.7993 234.4075 14.03066031973764
FENGYUN 1C DEB          
1 32106U 99025CQY 26278.99272558  .00004269  00000+0  15556-2 0  9993
2 32106 101.4658 348.4134 0099709 333.4028  26.2049 14.31159038736399
FENGYUN 1C DEB          
1 32109U 99025CRB 26279.86881479  .00000518  00000+0  15773-3 0  9996
2 32109  98.3191 154.3669 0204807 142.4544 219.1147 14.34649860691621
FENGYUN 1C DEB          
1 32110U 99025CRC 26281.82640142  .00001766  00000+0  69028-3 0  9995
2 32110  99.5428 124.8711 0031445 232.0623 195.5699 14.30766799686775
FENGYUN 1C DEB          
1 32111U 99025CRD 26281.95381647  .00000406  00000+0  15507-3 0  9995
2 32111  98.4560 278.8249 0120449  37.2069 352.1251 14.31878096  3266
FENGYUN 1C DEB          
1 32113U 99025CRF 26281.35150583  .00000373  00000+0  24204-3 0  9991
2 32113  98.9970 314.4388 0237557 125.3706 236.9906 13.95191859670636
FENGYUN 1C DEB          
1 32114U 99025CRG 26281.37496952  .00007268  00000+0  85183-3 0  9990
2 32114  99.9414 114.8104 0039614 148.0643 212.2978 14.84860115701666
FENGYUN 1C DEB          
1 32117U 99025CRK 26281.58880786  .00001255  00000+0  55199-3 0  9992
2 32117  98.5872 325.6674 0025771 297.1998  62.6555 14.25070180990662
FENGYUN 1C DEB          
1 32119U 99025CRM 26277.45391788  .00000505  00000+0  34457-3 0  9995
2 32119  99.8583 169.9227 0086001 335.4415  24.2664 14.03437914978752
FENGYUN 1C DEB          
1 32123U 99025CRR 26280.40241037  .00000566  00000+0  10432-3 0  9994
2 32123  98.9471 117.8990 0159638  98.0755  21.3147 14.62238317757387
FENGYUN 1C DEB          
1 32125U 99025CRT 26280.29058191  .00007104  00000+0  82110-3 0  9997
2 32125  99.0657 301.1113 0155650 113.3846 248.3819 14.77539154749224
FENGYUN 1C DEB          
1 32126U 99025CRU 26278.39001783  .00000428  00000+0  50969-3 0  9990
2 32126  99.0800 137.5701 0278621 214.3536 143.9311 13.57281004657388
FENGYUN 1C DEB          
1 32127U 99025CRV 26278.09474838  .00000920  00000+0  97761-3 0  9991
2 32127  99.2664 222.7661 0281259 312.7902  44.9894 13.60993130644502
FENGYUN 1C DEB          
1 32128U 99025CRW 26277.88720923  .00000211  00000+0  99120-4 0  9992
2 32128  98.9956 322.9643 0396143 129.8130 233.8613 13.94864012671135
FENGYUN 1C DEB          
1 32129U 99025CRX 26281.33685973  .00003452  00000+0  12767-2 0  9993
2 32129  99.0737  57.3079 0066099 243.9430 145.3005 14.31854010985108
FENGYUN 1C DEB          
1 32130U 99025CRY 26281.32246588  .00000663  00000+0  22518-3 0  9996
2 32130  98.9218 104.0507 0082052 165.5985 194.7567 14.38252747  5334
FENGYUN 1C DEB          
1 32132U 99025CSA 26277.96475990  .00003580  00000+0  82814-3 0  9990
2 32132  98.3548 336.8917 0076660  76.1879 284.7833 14.53968230750996
FENGYUN 1C DEB          
1 32133U 99025CSB 26281.19391973  .00000177  00000+0  10533-3 0  9997
2 32133  98.4469 272.7185 0034538 315.9027  43.9397 14.18278529992198
FENGYUN 1C DEB          
1 32134U 99025CSC 26281.82721272  .00000881  00000+0  29541-3 0  9998
2 32134  98.6014 282.9298 0258134 111.9923  10.2118 14.22523528994124
FENGYUN 1C DEB          
1 32136U 99025CSE 26277.23981897  .00000908  00000+0  30107-3 0  9991
2 32136  98.2816 269.7198 0066449   7.1082 353.1033 14.38839934693389
FENGYUN 1C DEB          
1 32137U 99025CSF 26278.67326436  .00009848  00000+0  84405-3 0  9995
2 32137  98.4776  69.0719 0171161 157.2257 203.6667 14.87057438711362
FENGYUN 1C DEB          
1 32141U 99025CSK 26274.21485284  .00000697  00000+0  45601-3 0  9991
2 32141  98.7536 270.6779 0074654 108.1380 252.7936 14.03998033990479
FENGYUN 1C DEB          
1 32143U 99025CSM 26281.71940924  .00000215  00000+0  11956-3 0  9995
2 32143  98.6338 254.9136 0102706 325.4425  34.0103 14.18187385  1797
FENGYUN 1C DEB          
1 32146U 99025CSQ 26281.76041027  .00008329  00000+0  14341-2 0  9993
2 32146  98.9019 117.6090 0054745 234.3890 125.2205 14.67863528994696
FENGYUN 1C DEB          
1 32150U 99025CSU 26280.95719492  .00000430  00000+0  83105-4 0  9997
2 32150  99.1560 341.1528 0168857 238.3615 120.1014 14.61223289 20548
FENGYUN 1C DEB          
1 32152U 99025CSW 26281.30824952  .00003258  00000+0  67408-3 0  9995
2 32152  98.7771 104.1041 0052228   5.2573 354.9163 14.60210107669808
FENGYUN 1C DEB          
1 32153U 99025CSX 26278.35784804  .00000498  00000+0  11106-3 0  9995
2 32153  98.7374 137.6512 0207315  46.2280 315.5860 14.49262603 15156
FENGYUN 1C DEB          
1 32155U 99025CSZ 26279.58051419  .00000700  00000+0  26216-3 0  9996
2 32155  98.9750 224.6692 0070593  89.1987 271.7284 14.33630626744890
FENGYUN 1C DEB          
1 32156U 99025CTA 26281.76640181  .00000421  00000+0  16854-3 0  9997
2 32156  99.3585 119.9865 0080328 273.0103  86.1888 14.32413453691155
FENGYUN 1C DEB          
1 32160U 99025CTE 26281.70435710  .00000881  00000+0  29378-3 0  9991
2 32160  98.9113  94.5252 0080929 192.5752 167.3417 14.38381104  1273
FENGYUN 1C DEB          
1 32161U 99025CTF 26276.10574965 -.00000134  00000+0 -55114-4 0  9997
2 32161  98.8403  16.6999 0135263 179.4831 180.6499 14.02107298675548
FENGYUN 1C DEB          
1 32162U 99025CTG 26281.48717802  .00003897  00000+0  72072-3 0  9992
2 32162  99.4376  15.2120 0044120 344.9819  15.0067 14.65479767993044
FENGYUN 1C DEB          
1 32163U 99025CTH 26278.39252153  .00001339  00000+0  39771-3 0  9990
2 32163  99.5273 324.8328 0049377 247.0186 112.5787 14.44515453652572
FENGYUN 1C DEB          
1 32165U 99025CTK 26279.55180736  .00001646  00000+0  95517-3 0  9999
2 32165  98.6222 195.3839 0140063  20.7417 339.9359 14.05248932673141
FENGYUN 1C DEB          
1 32167U 99025CTM 26281.22064719  .00000405  00000+0  14775-3 0  9999
2 32167  98.4945 273.9897 0161012 251.8821 106.4769 14.31553838669592
FENGYUN 1C DEB          
1 32168U 99025CTN 26281.24282278  .00002485  00000+0  16736-2 0  9992
2 32168 101.6561  68.6261 0248899 220.7391 137.4908 13.87986072676322
FENGYUN 1C DEB          
1 32169U 99025CTP 26281.53623339  .00018758  00000+0  23423-2 0  9993
2 32169  98.5372 132.3628 0026256 258.5755 101.2507 14.82176061 10373
FENGYUN 1C DEB          
1 32171U 99025CTR 26279.21439699  .00002027  00000+0  17915-2 0  9993
2 32171 102.8075 262.3239 0479809  80.5418 298.5175 13.44387619646110
FENGYUN 1C DEB          
1 32174U 99025CTU 26277.41578996  .00000175  00000+0  93493-4 0  9999
2 32174  98.5658 334.8893 0151441 113.5677 248.1488 14.18223014682966
FENGYUN 1C DEB          
1 32175U 99025CTV 26281.72394088  .00001909  00000+0  12911-2 0  9997
2 32175  98.8429 263.1056 0144492 215.6032 143.5425 13.96586714640257
FENGYUN 1C DEB          
1 32176U 99025CTW 26270.48646422  .00019346  00000+0  16313-2 0  9995
2 32176  99.3759   0.9284 0023888 198.9599 161.0731 14.98013020657842
FENGYUN 1C DEB          
1 32177U 99025CTX 26277.91506988  .00003254  00000+0  69168-3 0  9991
2 32177  99.0277 317.5862 0047796 224.3280 135.4086 14.59142766753548
FENGYUN 1C DEB          
1 32178U 99025CTY 26277.39570940  .00001096  00000+0  47913-3 0  9999
2 32178 100.2867 333.8693 0093179 228.7739 130.5376 14.24159425682108
FENGYUN 1C DEB          
1 32179U 99025CTZ 26281.09672947 -.00000058  00000+0 -92695-5 0  9990
2 32179  98.8688 328.3789 0146068  74.9277 315.6008 14.03846190699285
FENGYUN 1C DEB          
1 32180U 99025CUA 26281.40853106  .00000026  00000+0  61014-4 0  9998
2 32180  99.5452 330.9904 0137180 140.7426 288.6566 13.82385078984087
FENGYUN 1C DEB          
1 32181U 99025CUB 26281.38083435  .00002284  00000+0  49076-3 0  9997
2 32181  99.4993  71.4716 0070183 270.1923 118.6275 14.58293100 10801
FENGYUN 1C DEB          
1 32183U 99025CUD 26281.59077616  .00000640  00000+0  37922-3 0  9997
2 32183  98.6804 327.9906 0041048 288.8101  70.8620 14.10693522769913
FENGYUN 1C DEB          
1 32186U 99025CUG 26279.45694029  .00000558  00000+0  46186-3 0  9995
2 32186  99.5839 337.8412 0273612 143.4122 233.0580 13.77094835667075
FENGYUN 1C DEB          
1 32187U 99025CUH 26281.67749925  .00000195  00000+0  27891-3 0  9998
2 32187  99.4790 352.2215 0293759 114.3588  36.2236 13.50664978703074
FENGYUN 1C DEB          
1 32191U 99025CUM 26280.99082927  .00001450  00000+0  59092-3 0  9992
2 32191  98.6820 339.8087 0090977  36.4552 324.2776 14.26709888687663
FENGYUN 1C DEB          
1 32192U 99025CUN 26281.31442507  .00000214  00000+0  20394-3 0  9994
2 32192  98.6150 132.5602 0182547  69.4462 292.6176 13.82708188968524
FENGYUN 1C DEB          
1 32195U 99025CUR 26275.21869104  .00000546  00000+0  33296-3 0  9998
2 32195  98.7807 274.8950 0069234 189.8244 170.1576 14.08909590681148
FENGYUN 1C DEB          
1 32197U 99025CUT 26281.74983017  .00000648  00000+0  21921-3 0  9990
2 32197  98.8970 204.1293 0162003  71.6959 319.2173 14.33259704987205
FENGYUN 1C DEB          
1 32198U 99025CUU 26280.14164948  .00001776  00000+0  97616-3 0  9995
2 32198  98.3595  50.7057 0095523 157.8026 202.7324 14.10549998611504
FENGYUN 1C DEB          
1 32200U 99025CUW 26280.36198338  .00001070  00000+0  55296-3 0  9998
2 32200  98.7643 330.0631 0041013 156.5103 203.7956 14.16681844985908
FENGYUN 1C DEB          
1 32203U 99025CUZ 26278.43802410  .00122843  00000+0  79215-3 0  9998
2 32203  96.9652 168.3714 0074348  68.4105 292.5060 15.71905440797080
FENGYUN 1C DEB          
1 32205U 99025CVB 26278.23693466  .00000152  00000+0  10255-3 0  9994
2 32205  98.6854 278.6670 0011309 157.8445 263.0822 14.14075582986887
FENGYUN 1C DEB          
1 32207U 99025CVD 26277.31443213  .00000484  00000+0  16461-3 0  9990
2 32207  99.8798 285.9779 0084466  10.8044   3.1441 14.40181304685613
FENGYUN 1C DEB          
1 32209U 99025CVF 26281.76389956  .00001122  00000+0  13468-2 0  9992
2 32209  99.4328 217.5454 0332577 355.8806   3.9606 13.47942731940179
FENGYUN 1C DEB          
1 32212U 99025CVJ 26279.16526029  .00000835  00000+0  24939-3 0  9997
2 32212  99.5972  56.4052 0134705 295.3698 241.5728 14.41223434  3153
FENGYUN 1C DEB          
1 32214U 99025CVL 26281.33963179  .00002105  00000+0  14585-2 0  9999
2 32214  99.0295 304.4406 0175502 302.5650  70.2690 13.92971700665909
FENGYUN 1C DEB          
1 32218U 99025CVQ 26281.45118150  .00002188  00000+0  47947-3 0  9997
2 32218  98.7866 137.1229 0058912 233.4087 246.5654 14.57732151  5822
FENGYUN 1C DEB          
1 32221U 99025CVT 26280.41929429  .00000504  00000+0  10328-3 0  9998
2 32221  98.6034  85.5670 0143494 305.7226  53.0693 14.59481233 15432
FENGYUN 1C DEB          
1 32222U 99025CVU 26277.71435458  .00031162  00000+0  39759-2 0  9994
2 32222  99.1000 266.5272 0037783  30.5172 329.8224 14.80887356689135
FENGYUN 1C DEB          
1 32223U 99025CVV 26280.47868352  .00001729  00000+0  78616-3 0  9997
2 32223  98.8273   4.8007 0047878 177.4483 246.2536 14.22487765684695
FENGYUN 1C DEB          
1 32224U 99025CVW 26279.87089211  .00000367  00000+0  14292-3 0  9996
2 32224  99.0219 248.1906 0074549 275.0679  84.1998 14.34481898999972
FENGYUN 1C DEB          
1 32225U 99025CVX 26278.38790835  .00000174  00000+0  11385-3 0  9999
2 32225  99.0534 336.0381 0072788  91.3815 269.5697 14.13251495723066
FENGYUN 1C DEB          
1 32230U 99025CWC 26281.95973045  .00009109  00000+0  17703-2 0  9994
2 32230  98.8885  97.6968 0045957 248.9392 265.0749 14.62716751650509
FENGYUN 1C DEB          
1 32234U 99025CWG 26274.51362700  .00000878  00000+0  63267-3 0  9993
2 32234  98.5139 107.0990 0134270 242.6855 116.0584 13.95024029972903
FENGYUN 1C DEB          
1 32241U 99025CWP 26281.36746222  .00002029  00000+0  71080-3 0  9999
2 32241  99.0556 328.1113 0142485  76.0740 285.6243 14.30706088981055
FENGYUN 1C DEB          
1 32242U 99025CWQ 26280.36371327  .00000885  00000+0  71713-3 0  9990
2 32242  97.2535 128.4316 0158701 196.1586 163.4482 13.86212511670583
FENGYUN 1C DEB          
1 32243U 99025CWR 26281.95131853  .00002910  00000+0  12972-2 0  9997
2 32243  98.2566 285.5729 0263871 347.1095  12.3416 14.06628978978064
FENGYUN 1C DEB          
1 32245U 99025CWT 26281.58427497  .00004747  00000+0  57163-3 0  9992
2 32245  98.6281 145.3352 0090129 107.7639 253.3432 14.81529046705407
FENGYUN 1C DEB          
1 32303U 99025CWU 26272.15873698  .00003765  00000+0  15018-2 0  9999
2 32303  97.8120  39.9922 0088902 168.9294 191.3872 14.26870222663730
FENGYUN 1C DEB          
1 32304U 99025CWV 26281.21615528  .00002212  00000+0  53947-3 0  9993
2 32304  99.4222 276.6543 0049962  57.6149 302.9864 14.53127354606196
FENGYUN 1C DEB          
1 32308U 99025CWZ 26279.83655013  .00001389  00000+0  81528-3 0  9995
2 32308  97.7589 295.6009 0105315 277.5416  81.3803 14.06752863696018
FENGYUN 1C DEB          
1 32311U 99025CXC 26279.64181404  .00000562  00000+0  78771-3 0  9994
2 32311 101.7233 211.4866 0399690 146.6781 216.0194 13.34220249113093
FENGYUN 1C DEB          
1 32314U 99025CXF 26281.85353800  .00006031  00000+0  61085-3 0  9991
2 32314  98.8903  64.6207 0134712 285.9280  72.7122 14.84838375 18370
FENGYUN 1C DEB          
1 32315U 99025CXG 26275.29850361  .00000029  00000+0  82487-4 0  9998
2 32315 100.8370  97.7796 0228841 114.4792 248.0398 13.66250593650974
FENGYUN 1C DEB          
1 32316U 99025CXH 26281.70685609  .00002783  00000+0  66456-3 0  9999
2 32316  99.5070 353.5279 0028567 157.3511 354.2087 14.54387880  1257
FENGYUN 1C DEB          
1 32320U 99025CXM 26278.51581824  .00001496  00000+0  51116-3 0  9990
2 32320 100.3520 200.5787 0054485 297.5763  61.9890 14.37475470664356
FENGYUN 1C DEB          
1 32322U 99025CXP 26281.34813120  .00000417  00000+0  54256-3 0  9994
2 32322  98.3422 114.5516 0419072  61.0201 303.2267 13.34574134643751
FENGYUN 1C DEB          
1 32323U 99025CXQ 26275.60699407  .00001482  00000+0  95965-3 0  9992
2 32323  98.5840  44.6091 0152034 111.1453 250.6037 13.98640334643753
FENGYUN 1C DEB          
1 32324U 99025CXR 26281.16017959  .00000410  00000+0  25982-3 0  9999
2 32324  99.5543  45.4822 0049293 276.8613  82.6948 14.09611909682166
FENGYUN 1C DEB          
1 32326U 99025CXT 26279.67351958  .00000544  00000+0  39063-3 0  9997
2 32326  98.4828 179.7250 0386494  63.3360 300.6825 13.69697644672603
FENGYUN 1C DEB          
1 32331U 99025CXY 26278.00265630  .00055051  00000+0  49704-2 0  9995
2 32331  99.1693 294.7851 0008904 271.0363  88.9833 14.95230782650135
FENGYUN 1C DEB          
1 32332U 99025CXZ 26278.41332078  .00001168  00000+0  60244-3 0  9995
2 32332  99.1096 335.9335 0283637 217.5950 140.5084 13.98392653971815
FENGYUN 1C DEB          
1 32334U 99025CYB 26281.38975492  .00000743  00000+0  50676-3 0  9996
2 32334  99.2192 344.4807 0068729 175.8555 184.3193 14.01982807981385
FENGYUN 1C DEB          
1 32340U 99025CYH 26281.58874875  .00008563  00000+0  10665-2 0  9999
2 32340  98.9642 326.8693 0030265  72.3776 288.0735 14.82447945 15891
FENGYUN 1C DEB          
1 32342U 99025CYK 26281.98076163  .00000084  00000+0  67014-4 0  9991
2 32342  98.6707 286.3687 0007248 199.2499 189.7319 14.13499929979595
FENGYUN 1C DEB          
1 32343U 99025CYL 26278.21148204  .00000538  00000+0  24289-3 0  9990
2 32343  98.6388 262.6201 0150833 351.6210   8.2452 14.20280004689214
FENGYUN 1C DEB          
1 32350U 99025CYT 26278.34097294  .00003378  00000+0  50265-3 0  9992
2 32350  98.1935 322.7382 0261323 101.3814 261.6860 14.55012050 18182
FENGYUN 1C DEB          
1 32352U 99025CYV 26281.04842573  .00000719  00000+0  21517-3 0  9997
2 32352  98.7876 214.5957 0121342   0.4617 359.6663 14.41980742695824
FENGYUN 1C DEB          
1 32353U 99025CYW 26281.73057655  .00002141  00000+0  12505-2 0  9990
2 32353  98.9354  98.5230 0122387  80.4308 281.0665 14.05756050674063
FENGYUN 1C DEB          
1 32356U 99025CYZ 26281.41832849  .00002070  00000+0  12368-2 0  9992
2 32356 102.4974 259.9597 0124525   8.1705 352.1440 14.05224159725943
FENGYUN 1C DEB          
1 32357U 99025CZA 26281.87720086  .00003098  00000+0  15265-2 0  9992
2 32357  98.8325 303.1726 0482955 111.7057  10.6111 13.70942288708979
FENGYUN 1C DEB          
1 32361U 99025CZE 26281.67605726  .00005024  00000+0  11637-2 0  9998
2 32361  98.8417   2.2301 0043956 213.2336 146.6098 14.54973615  6992
FENGYUN 1C DEB          
1 32362U 99025CZF 26278.19991566  .00001555  00000+0  15132-2 0  9991
2 32362  99.8559 259.4383 0266053 251.9609 105.2382 13.66600688951775
FENGYUN 1C DEB          
1 32366U 99025CZK 26277.90174108  .00001440  00000+0  69222-3 0  9991
2 32366  96.7716 334.3154 0132860  98.5083 263.1179 14.15272349973910
FENGYUN 1C DEB          
1 32372U 99025CZR 26275.65456153  .00000635  00000+0  71480-3 0  9995
2 32372  97.3074  79.4607 0454310 355.2647   4.4261 13.36151291640640
FENGYUN 1C DEB          
1 32409U 99025CZV 26275.89149569  .00004223  00000+0  50810-3 0  9993
2 32409  99.5554 141.1714 0034847 327.2908  45.0150 14.84214979631939
FENGYUN 1C DEB          
1 32411U 99025CZX 26281.69270870  .00000143  00000+0  97007-4 0  9998
2 32411  98.4166 185.8375 0121930 238.8000 120.1175 14.10183665700415
FENGYUN 1C DEB          
1 32414U 99025DAA 26277.48113178  .00001321  00000+0  63847-3 0  9993
2 32414  98.8393 352.6577 0045785 228.4272 131.2975 14.19758989979270
FENGYUN 1C DEB          
1 32416U 99025DAC 26265.56371577  .00000512  00000+0  56889-3 0  9999
2 32416 100.7830  30.5357 0237415 290.1292  67.4448 13.65952861655057
FENGYUN 1C DEB          
1 32418U 99025DAE 26277.35220612  .00002818  00000+0  14435-2 0  9995
2 32418  98.1803 124.4312 0220648 278.8737  78.7511 14.04410228671368
FENGYUN 1C DEB          
1 32419U 99025DAF 26279.45643765  .00000517  00000+0  21756-3 0  9996
2 32419  97.9462 185.8714 0279706 245.4625 111.7158 14.10581647677675
FENGYUN 1C DEB          
1 32422U 99025DAJ 26278.48733146  .00000873  00000+0  43331-3 0  9993
2 32422  97.8629  12.9310 0298881 166.5958 194.3375 13.98411269672807
FENGYUN 1C DEB          
1 32425U 99025DAM 26278.43219650  .00000582  00000+0  23018-3 0  9997
2 32425  96.7234 359.8088 0232838 123.4571 238.9106 14.17408874737379
FENGYUN 1C DEB          
1 32429U 99025DAR 26279.43364796  .00009900  00000+0  19028-2 0  9992
2 32429  99.0800 140.8530 0032154  51.1128 309.2932 14.63542229998116
FENGYUN 1C DEB          
1 32430U 99025DAS 26279.82907005  .00001484  00000+0  10403-2 0  9990
2 32430  98.6847 281.8715 0367359 196.5936 162.2926 13.71750083952885
FENGYUN 1C DEB          
1 32432U 99025DAU 26278.89718289  .00005835  00000+0  11018-2 0  9999
2 32432  98.1457 312.9885 0166382 106.3052 255.6517 14.56243310750157
FENGYUN 1C DEB          
1 32440U 99025DBC 26278.79595493  .00001734  00000+0  15981-2 0  9994
2 32440  99.1305 121.1355 0322892  42.8520 319.7309 13.62865599643309
FENGYUN 1C DEB          
1 32441U 99025DBD 26279.38537103  .00001583  00000+0  67899-3 0  9993
2 32441  97.7718 329.5212 0248514 161.5906 199.4464 14.10667462987728
FENGYUN 1C DEB          
1 32447U 99025DBK 26277.77468382 -.00000011  00000+0  23262-4 0  9995
2 32447  98.9205 289.8314 0078424 306.6700  52.7272 13.96151797720099
FENGYUN 1C DEB          
1 32451U 99025DBP 26280.81396870  .00001828  00000+0  13716-2 0  9998
2 32451  99.9876 286.0453 0183821 130.0315 231.7132 13.88260832659122
FENGYUN 1C DEB          
1 32453U 99025DBR 26278.05140722  .00000534  00000+0  35950-3 0  9994
2 32453  99.3696 201.2017 0097977 112.3678 248.7905 14.02846018975821
FENGYUN 1C DEB          
1 32455U 99025DBT 26281.97421467  .00002198  00000+0  13607-2 0  9991
2 32455 101.7232 199.0475 0232391 121.3677 241.0439 13.94246072685975
FENGYUN 1C DEB          
1 32456U 99025DBU 26264.88156438  .00000742  00000+0  10522-2 0  9992
2 32456 103.6610 145.5530 0378232   7.2573 353.3809 13.36184490643970
FENGYUN 1C DEB          
1 32457U 99025DBV 26275.32894951  .00000531  00000+0  76876-3 0  9994
2 32457 100.0998 314.8832 0415719 351.3705   8.0421 13.29729954578523
FENGYUN 1C DEB          
1 32458U 99025DBW 26281.39496873  .00003529  00000+0  64644-3 0  9990
2 32458  99.0214 335.2245 0038458 172.9729 187.2019 14.66076888721752
FENGYUN 1C DEB          
1 32459U 99025DBX 26280.26219605  .00001400  00000+0  32454-3 0  9992
2 32459  98.2923 292.1375 0210075   2.0052 358.1933 14.44031490988570
FENGYUN 1C DEB          
1 32460U 99025DBY 26279.56611119  .00000520  00000+0  39054-3 0  9996
2 32460  98.0438  29.4566 0183781  12.5939 347.9725 13.90376838693911
FENGYUN 1C DEB          
1 32461U 99025DBZ 26276.00589257  .00000650  00000+0  60542-3 0  9990
2 32461  98.3204  98.3802 0232479  43.7993 104.9612 13.73526862713339
FENGYUN 1C DEB          
1 32464U 99025DCC 26276.80331500  .00008916  00000+0  63230-3 0  9997
2 32464  97.3360 288.6360 0094526 316.3546  43.0229 15.01385601652087
FENGYUN 1C DEB          
1 33502U 99025DCF 26281.47059821  .00003691  00000+0  15488-2 0  9999
2 33502  99.0366 237.1978 0079876  13.8244 108.0862 14.24847779912206
FENGYUN 1C DEB          
1 33599U 99025DCG 26272.35472633  .00029250  00000+0  66553-3 0  9991
2 33599  96.5622 311.6093 0072431 332.3138  27.4261 15.40128036704401
FENGYUN 1C DEB          
1 33601U 99025DCJ 26281.32000095  .00000970  00000+0  52167-3 0  9995
2 33601  98.3450  59.8655 0154812   6.4620 353.8500 14.09035089948971
FENGYUN 1C DEB          
1 33603U 99025DCL 26278.14102163  .00000720  00000+0  69585-4 0  9998
2 33603  98.8407 248.4776 0214638 212.8838 145.8867 14.81254130 32437
FENGYUN 1C DEB          
1 33605U 99025DCN 26279.94962856  .00000406  00000+0  25924-3 0  9991
2 33605  98.7136 273.4290 0055409 313.6104  74.9595 14.08250362640157
FENGYUN 1C DEB          
1 33612U 99025DCV 26279.85200613  .00001231  00000+0  74360-3 0  9990
2 33612  98.6165 238.8753 0111323 349.8057  10.0855 14.05323075608592
FENGYUN 1C DEB          
1 33613U 99025DCW 26280.43816988  .00002730  00000+0  95274-3 0  9997
2 33613  98.6782 358.7870 0027706 282.0186  77.7894 14.35898853687934
FENGYUN 1C DEB          
1 33618U 99025DDB 26281.50184732  .00002276  00000+0  36803-3 0  9994
2 33618  98.5289  24.1371 0156954 288.6146  69.8067 14.64562838 11642
FENGYUN 1C DEB          
1 33619U 99025DDC 26279.65220080  .00001642  00000+0  80014-3 0  9994
2 33619  98.8443 353.2574 0049711 271.7712  87.7770 14.18888719678471
FENGYUN 1C DEB          
1 33621U 99025DDE 26281.35768370  .00000886  00000+0  28928-3 0  9991
2 33621  98.1209 113.3811 0283427 135.3008 227.1398 14.20347995684969
FENGYUN 1C DEB          
1 33623U 99025DDG 26278.07936246  .00008317  00000+0  23606-2 0  9991
2 33623  98.2039  28.1227 0051024 105.5615 255.1217 14.44895199655976
FENGYUN 1C DEB          
1 33625U 99025DDJ 26281.80728143  .00003824  00000+0  52608-3 0  9996
2 33625  98.6486  51.4443 0213686 285.4516  72.3176 14.64437772657784
FENGYUN 1C DEB          
1 33630U 99025DDP 26276.55462729  .00000349  00000+0  17550-3 0  9999
2 33630  98.6287  19.2971 0132811 299.0809  59.7120 14.18146955685893
FENGYUN 1C DEB          
1 33633U 99025DDS 26280.23814523  .00002182  00000+0  98683-3 0  9998
2 33633  99.0609  26.7449 0079030  18.8426  11.2981 14.21489441949498
FENGYUN 1C DEB          
1 33636U 99025DDV 26278.28602266  .00000912  00000+0  35156-3 0  9997
2 33636  98.4533 291.2315 0064551 300.6189 129.2575 14.31501587743095
FENGYUN 1C DEB          
1 33637U 99025DDW 26272.38030566  .00001560  00000+0  50647-3 0  9993
2 33637  98.4664 318.4657 0079640   4.7212 355.4709 14.38471108690147
FENGYUN 1C DEB          
1 33638U 99025DDX 26273.85888192  .00000340  00000+0  33827-3 0  9999
2 33638  98.4414 134.4566 0260785 212.5726 145.9103 13.69924867649149
FENGYUN 1C DEB          
1 33639U 99025DDY 26274.54231447  .00002904  00000+0  85409-3 0  9993
2 33639  98.7135  16.6293 0048999 135.3599 225.1552 14.43799911648031
FENGYUN 1C DEB          
1 33640U 99025DDZ 26280.11024441  .00001204  00000+0  32922-3 0  9993
2 33640  98.8753 241.3265 0089344 347.4010  12.4948 14.46950611966565
FENGYUN 1C DEB          
1 33646U 99025DEF 26275.56277825  .00001332  00000+0  80464-3 0  9994
2 33646  98.5941 180.2877 0112391  54.7597 306.4029 14.05065274761728
FENGYUN 1C DEB          
1 33647U 99025DEG 26278.33277261  .00001415  00000+0  92540-3 0  9997
2 33647  98.1932 103.9945 0243541 349.8381   9.7905 13.90127712669647
FENGYUN 1C DEB          
1 33648U 99025DEH 26281.77922836  .00000143  00000+0  99469-4 0  9990
2 33648  98.7339 277.3842 0069527  43.1417 317.5173 14.11899495686106
FENGYUN 1C DEB          
1 33650U 99025DEK 26280.41607879  .00001152  00000+0  88539-3 0  9996
2 33650  99.0182  80.7735 0149204 346.5550  13.1653 13.90058693729579
FENGYUN 1C DEB          
1 33651U 99025DEL 26279.38765898  .00000149  00000+0  84097-4 0  9998
2 33651  98.6171 323.1058 0115617 273.4383  85.3575 14.20540187684974
FENGYUN 1C DEB          
1 33655U 99025DEQ 26280.55913249  .00025432  00000+0  13629-2 0  9991
2 33655  98.8017  32.9770 0031498  96.1248 264.3570 15.14557761 10493
FENGYUN 1C DEB          
1 33656U 99025DER 26275.23627825  .00000390  00000+0  18458-3 0  9995
2 33656  98.5995 266.1458 0087756 258.1362 100.9965 14.23200165668837
FENGYUN 1C DEB          
1 33658U 99025DET 26279.89289853  .00001471  00000+0  14667-2 0  9996
2 33658  99.5838  73.3273 0280123 140.0799 222.1314 13.63630829622017
FENGYUN 1C DEB          
1 33660U 99025DEV 26276.97883285  .00000038  00000+0  57372-4 0  9994
2 33660  98.6351 173.4644 0110334 152.2574 275.4864 13.92026141951717
FENGYUN 1C DEB          
1 33661U 99025DEW 26281.56524936  .00000976  00000+0  89643-3 0  9997
2 33661  98.3857 137.2386 0231494  67.0540 323.7288 13.73414856685729
FENGYUN 1C DEB          
1 33663U 99025DEY 26279.87250381  .00019308  00000+0  25381-2 0  9997
2 33663  98.8868 303.3421 0059908 163.3664 196.9528 14.78997038685876
FENGYUN 1C DEB          
1 33664U 99025DEZ 26271.33302633  .00000475  00000+0  29004-3 0  9991
2 33664  98.7426  53.6731 0162183 307.0941  51.5495 14.04313110948031
FENGYUN 1C DEB          
1 33665U 99025DFA 26280.56262249  .00000670  00000+0  18186-3 0  9991
2 33665  99.0521  42.8009 0448160 337.9084  20.3290 14.05239713967868
FENGYUN 1C DEB          
1 33673U 99025DFJ 26280.62291927  .00000721  00000+0  53385-3 0  9999
2 33673  99.3142 336.1109 0105660 131.5062  22.9285 13.95941915940717
FENGYUN 1C DEB          
1 33674U 99025DFK 26281.53854018  .00001138  00000+0  99588-3 0  9995
2 33674  98.5903 308.2852 0210128 153.1762 208.0443 13.77855978924923
FENGYUN 1C DEB          
1 33676U 99025DFM 26281.57824209  .00000184  00000+0  66672-4 0  9999
2 33676  99.0620 327.0338 0202486 272.2992  85.5022 14.35811979696139
FENGYUN 1C DEB          
1 33678U 99025DFP 26279.53410272  .00000689  00000+0  15428-3 0  9997
2 33678  99.0214  10.3775 0203225  66.9908 295.2577 14.48380601994058
FENGYUN 1C DEB          
1 33679U 99025DFQ 26280.17975926  .00018294  00000+0  72982-3 0  9991
2 33679  99.3477  57.7856 0107125  43.1894 317.7675 15.20041594986327
FENGYUN 1C DEB          
1 33682U 99025DFT 26281.66385204  .00002104  00000+0  85943-3 0  9998
2 33682  99.4025 356.0699 0026113 303.8029  56.0664 14.28333552959779
FENGYUN 1C DEB          
1 33684U 99025DFV 26278.02116358  .00014459  00000+0  10548-2 0  9992
2 33684  99.0401  14.5891 0266941 133.1660 229.2199 14.79464935973617
FENGYUN 1C DEB          
1 33687U 99025DFY 26276.94556337  .00027764  00000+0  66415-3 0  9997
2 33687  98.9621 348.4399 0076947  53.2877 307.5400 15.38351023760192
FENGYUN 1C DEB          
1 33688U 99025DFZ 26281.34808611  .00004720  00000+0  11960-2 0  9994
2 33688  99.3610  59.6815 0049010  98.7117 261.9630 14.50686891958196
FENGYUN 1C DEB          
1 33689U 99025DGA 26278.38682936  .00001579  00000+0  44467-3 0  9993
2 33689  99.5460 328.1693 0046098   4.7654  60.8186 14.46909437738182
FENGYUN 1C DEB          
1 33690U 99025DGB 26279.53323211  .00004517  00000+0  10352-2 0  9991
2 33690  98.6181  31.4383 0030082 217.0441 142.8679 14.55830517975478
FENGYUN 1C DEB          
1 33691U 99025DGC 26275.80850501  .00002434  00000+0  10226-2 0  9991
2 33691  99.1502 275.1420 0064154 304.5216  54.9916 14.25766205946766
FENGYUN 1C DEB          
1 33693U 99025DGE 26281.43923232  .00000844  00000+0  81922-3 0  9996
2 33693  99.2370  92.9275 0222773 294.4321  63.3732 13.72057367923401
FENGYUN 1C DEB          
1 33697U 99025DGJ 26280.10240817  .00001756  00000+0  90101-3 0  9996
2 33697  99.0150  28.4913 0072081 134.3437 226.3674 14.15359448974312
FENGYUN 1C DEB          
1 33698U 99025DGK 26280.83191119  .00000724  00000+0  15676-3 0  9995
2 33698  99.6457 292.1073 0137022  50.3532 310.9658 14.56507358999898
FENGYUN 1C DEB          
1 33701U 99025DGN 26281.80495531  .00001440  00000+0  87296-3 0  9996
2 33701  98.6786 227.1554 0133127  65.9464 295.5568 14.03545133947130
FENGYUN 1C DEB          
1 33710U 99025DGX 26280.07081070  .00000792  00000+0  44683-3 0  9995
2 33710  98.9856  24.4039 0053747  26.8239 333.5694 14.12537751718677
FENGYUN 1C DEB          
1 33711U 99025DGY 26278.44227602  .00000675  00000+0  45802-3 0  9991
2 33711  99.1610 338.1796 0097008 311.1624  61.2990 14.01479183960877
FENGYUN 1C DEB          
1 33716U 99025DHD 26277.08659805  .00000124  00000+0  59926-4 0  9991
2 33716  98.8916 215.0625 0092487 212.2869 147.2632 14.32889700693874
FENGYUN 1C DEB          
1 33718U 99025DHF 26280.09490658  .00002506  00000+0  13997-2 0  9999
2 33718  99.6642  32.8569 0098775 220.4381 138.9416 14.09420983733879
FENGYUN 1C DEB          
1 33719U 99025DHG 26281.67641196  .00001080  00000+0  48316-3 0  9990
2 33719  98.7473 345.5572 0027903 290.9657 220.7842 14.24490049962822
FENGYUN 1C DEB          
1 33720U 99025DHH 26275.24438092  .00000773  00000+0  23879-3 0  9992
2 33720  98.2541 273.1851 0078344 259.2475  99.9888 14.42322708975851
FENGYUN 1C DEB          
1 33722U 99025DHK 26277.99676544  .00000741  00000+0  31129-3 0  9996
2 33722  98.5653 288.9894 0158685 111.7270 250.0885 14.22085268963571
FENGYUN 1C DEB          
1 33723U 99025DHL 26281.49630880  .00002829  00000+0  14090-2 0  9996
2 33723  99.1478  14.3463 0099308 205.8363 217.4494 14.15280516678617
FENGYUN 1C DEB          
1 33724U 99025DHM 26280.83263980  .00000495  00000+0  25134-3 0  9996
2 33724  98.6009 287.7734 0028120  41.0189  82.4121 14.20132210982066
FENGYUN 1C DEB          
1 33726U 99025DHP 26280.19248928  .00000502  00000+0  23833-3 0  9995
2 33726  98.6723  40.4683 0190541 256.5502 224.1341 14.14789793961510
FENGYUN 1C DEB          
1 33728U 99025DHR 26281.24487277  .00002904  00000+0  21996-3 0  9992
2 33728  98.9604  24.4351 0139036 330.5350  28.8080 14.95937175 27748
FENGYUN 1C DEB          
1 33730U 99025DHT 26280.04365313  .00005911  00000+0  10322-2 0  9999
2 33730  99.0357  12.7161 0037702 173.0960 187.0769 14.67908179    15
FENGYUN 1C DEB          
1 33731U 99025DHU 26281.54799424  .00000589  00000+0  43110-3 0  9998
2 33731  99.4271 316.0508 0127295 322.3402  36.8898 13.96424277946327
FENGYUN 1C DEB          
1 33733U 99025DHW 26281.25956462  .00003914  00000+0  13444-2 0  9996
2 33733  99.0984  26.7368 0071285  18.4999  10.6477 14.35254536947390
FENGYUN 1C DEB          
1 33737U 99025DJA 26281.47769608  .00001023  00000+0  62573-3 0  9995
2 33737  98.3462  95.8119 0127460 152.9180 233.3071 14.03915306929456
FENGYUN 1C DEB          
1 33738U 99025DJB 26281.95243550  .00000571  00000+0  35890-3 0  9991
2 33738  99.1133 346.4806 0190155 273.9832 263.0633 14.00053293934363
FENGYUN 1C DEB          
1 33740U 99025DJD 26278.74774923  .00000135  00000+0  96444-4 0  9999
2 33740  98.6813 287.4831 0002193  56.7743 303.3639 14.12458680943398
FENGYUN 1C DEB          
1 33741U 99025DJE 26280.17756294  .00002263  00000+0  11733-2 0  9991
2 33741  98.5552 184.9522 0126670 319.8298  39.3563 14.11749378610716
FENGYUN 1C DEB          
1 33745U 99025DJJ 26274.94388132  .00001298  00000+0  57884-3 0  9990
2 33745  99.0944 327.0287 0054489 148.7849 211.6583 14.23810002701723
FENGYUN 1C DEB          
1 33747U 99025DJL 26280.26063453  .00002692  00000+0  12496-2 0  9998
2 33747  99.0973  27.4872 0086508  92.3875 268.7208 14.19590795943654
FENGYUN 1C DEB          
1 33748U 99025DJM 26281.61054593  .00001343  00000+0  49758-3 0  9998
2 33748  98.5568 334.6053 0035651  76.9036 283.6123 14.33554027956888
FENGYUN 1C DEB          
1 35088U 99025DJQ 26279.34293961  .00006875  00000+0  24829-2 0  9994
2 35088  94.6267 317.2702 0245968 352.7643   7.0015 14.18201076630109
FENGYUN 1C DEB          
1 35089U 99025DJR 26277.97471267  .00000465  00000+0  23724-3 0  9992
2 35089  98.5591 283.0289 0026216 285.5246  74.3037 14.20160646650796
FENGYUN 1C DEB          
1 35090U 99025DJS 26281.52197733  .00001474  00000+0  71844-3 0  9990
2 35090  99.1829 309.8970 0054500 245.3470 114.2022 14.19012404705002
FENGYUN 1C DEB          
1 35091U 99025DJT 26276.29187556  .00005783  00000+0  98718-3 0  9997
2 35091  98.6065  39.2312 0043175  97.8327 262.7781 14.68742912942428
FENGYUN 1C DEB          
1 35102U 99025DKE 26277.27065158  .00000600  00000+0  24711-3 0  9997
2 35102  98.4766 284.5529 0058428 302.1257  57.4264 14.29515242691341
FENGYUN 1C DEB          
1 35104U 99025DKG 26280.89445814  .00000434  00000+0  22006-3 0  9992
2 35104  98.5985 284.3737 0030622 359.0915 117.9484 14.20766672940141
FENGYUN 1C DEB          
1 35105U 99025DKH 26280.22301769  .00000459  00000+0  13408-3 0  9993
2 35105  98.9647 282.8475 0109686 243.5744 115.4158 14.46022093988061
FENGYUN 1C DEB          
1 35108U 99025DKL 26269.23030025  .00000285  00000+0  18105-3 0  9994
2 35108  98.8157 262.5497 0133224 333.0405  26.3885 14.07207326932812
FENGYUN 1C DEB          
1 35109U 99025DKM 26281.93329347  .00000286  00000+0  13535-3 0  9997
2 35109  98.6411 269.3932 0150944 245.1499 113.3919 14.21207409684230
FENGYUN 1C DEB          
1 35111U 99025DKP 26280.22881663  .00000406  00000+0  25061-3 0  9996
2 35111  99.4572  19.5920 0022903 113.6475 246.7102 14.11367437683543
FENGYUN 1C DEB          
1 35116U 99025DKU 26275.95171666  .00000872  00000+0  37617-3 0  9997
2 35116  98.6349 322.9465 0056663 270.5127  88.9561 14.26194975641521
FENGYUN 1C DEB          
1 35121U 99025DKZ 26278.79184076  .00000193  00000+0  12942-3 0  9997
2 35121  98.2682 121.5019 0156917 332.0026  27.2767 14.04918787652624
FENGYUN 1C DEB          
1 35122U 99025DLA 26280.50267720  .00000283  00000+0  16937-3 0  9996
2 35122  98.6577 294.9458 0025341  28.4702 331.7850 14.14415542680907
FENGYUN 1C DEB          
1 35123U 99025DLB 26280.00530682  .00000504  00000+0  23401-3 0  9992
2 35123  99.1159 119.1496 0048666 303.0754  56.5755 14.24786495653202
FENGYUN 1C DEB          
1 35125U 99025DLD 26274.24467301  .00001421  00000+0  50753-3 0  9999
2 35125  98.2149 275.7653 0052198 137.9193 222.6020 14.34771786354749
FENGYUN 1C DEB          
1 35128U 99025DLG 26280.87549418  .00004886  00000+0  13928-2 0  9998
2 35128  98.3320 155.1772 0081239 162.0711 198.3375 14.43733681672804
FENGYUN 1C DEB          
1 35135U 99025DLP 26280.47452504  .00000565  00000+0  25984-3 0  9997
2 35135  98.5635 286.0669 0082143 135.1312 225.6547 14.23076244920720
FENGYUN 1C DEB          
1 35139U 99025DLT 26278.73194458  .00000376  00000+0  18657-3 0  9997
2 35139  98.5884 280.7935 0068938 155.5330 204.9145 14.21510642683722
FENGYUN 1C DEB          
1 35140U 99025DLU 26280.15950043  .00000149  00000+0  58738-4 0  9991
2 35140  98.4812 254.7742 0290422 176.7744 183.5398 14.21611548915187
FENGYUN 1C DEB          
1 35142U 99025DLW 26275.75303697  .00000053  00000+0  72807-4 0  9997
2 35142  99.0674 265.4494 0108733 135.5124  39.7899 13.90650089897751
FENGYUN 1C DEB          
1 35144U 99025DLY 26279.83685440  .00007053  00000+0  12928-2 0  9994
2 35144  98.7162  56.5551 0025193 163.1468 197.0577 14.65906262695724
FENGYUN 1C DEB          
1 35147U 99025DMB 26279.65170006  .00006031  00000+0  75482-3 0  9994
2 35147  99.4852  50.6079 0025012   6.4935 353.6593 14.82539856787077
FENGYUN 1C DEB          
1 35152U 99025DMG 26277.26662391  .00000465  00000+0  45409-3 0  9999
2 35152  99.8170 114.5399 0193858 330.6010  28.4344 13.76859326662594
FENGYUN 1C DEB          
1 35153U 99025DMH 26279.02799205  .00001331  00000+0  16602-3 0  9997
2 35153  98.8889 204.9996 0164309 232.0774 126.5485 14.75494911 15862
FENGYUN 1C DEB          
1 35154U 99025DMJ 26277.12969679  .00000392  00000+0  18119-3 0  9992
2 35154  99.4599  62.8705 0177162 290.8577  67.3706 14.19394459687677
FENGYUN 1C DEB          
1 35155U 99025DMK 26279.97373323  .00000611  00000+0  30661-3 0  9993
2 35155  98.4998 284.7025 0023477 287.9387  71.9230 14.19929785769451
FENGYUN 1C DEB          
1 35156U 99025DML 26280.40868713  .00000304  00000+0  19240-3 0  9995
2 35156  98.7832 264.6141 0037037  25.2460 335.0512 14.10931904682559
FENGYUN 1C DEB          
1 35159U 99025DMP 26280.21439663  .00003401  00000+0  91258-3 0  9995
2 35159  98.8313  13.3565 0009512 357.8606  32.2155 14.48807473657981
FENGYUN 1C DEB          
1 35160U 99025DMQ 26279.11484853  .00000483  00000+0  15312-3 0  9999
2 35160  99.1903  57.7179 0175894  91.4309 270.7031 14.36611723692005
FENGYUN 1C DEB          
1 35165U 99025DMV 26276.23098673  .00002715  00000+0  94014-3 0  9991
2 35165  98.8782  21.4368 0019801 267.6728  92.2190 14.36431026939458
FENGYUN 1C DEB          
1 35167U 99025DMX 26281.42606299  .00001288  00000+0  37283-3 0  9998
2 35167  98.4701 272.3164 0228172  37.2136 324.4618 14.32133527743083
FENGYUN 1C DEB          
1 35168U 99025DMY 26272.88654485  .00000262  00000+0  14224-3 0  9990
2 35168  98.2375 148.6331 0125346   4.7951 355.4393 14.15805104620438
FENGYUN 1C DEB          
1 35169U 99025DMZ 26270.55717742  .00002741  00000+0  49895-3 0  9995
2 35169  99.1055 187.5890 0147238 311.4952  47.3684 14.60294249699932
FENGYUN 1C DEB          
1 35171U 99025DNB 26281.88638841  .00001548  00000+0  10690-2 0  9992
2 35171  99.0274  71.9600 0136779 215.6990 143.4968 13.96261169927454
FENGYUN 1C DEB          
1 35173U 99025DND 26258.43993967  .00000918  00000+0  91756-3 0  9995
2 35173  99.7768 325.3884 0486095 259.1064  95.5023 13.38194111695296
FENGYUN 1C DEB          
1 35174U 99025DNE 26280.86793397  .00031054  00000+0  12190-2 0  9992
2 35174  98.9563 310.9816 0097451 275.1505  83.8610 15.21302164946810
FENGYUN 1C DEB          
1 35175U 99025DNF 26270.81920781  .00000380  00000+0  18912-3 0  9993
2 35175  98.5747 275.9358 0058141 160.4522 199.8903 14.21692898653420
FENGYUN 1C DEB          
1 35176U 99025DNG 26280.16801110  .00000352  00000+0  19268-3 0  9991
2 35176  98.5847 261.2501 0052251 277.4105  82.1135 14.17358141951553
FENGYUN 1C DEB          
1 35180U 99025DNL 26281.71641577  .00002444  00000+0  10422-2 0  9993
2 35180  99.7455  95.5462 0480208 316.5951  39.8306 13.78304646 41625
FENGYUN 1C DEB          
1 35191U 99025DNX 26281.16988811  .00000174  00000+0  16422-3 0  9994
2 35191  99.0495 260.0609 0103493 114.1504 247.0518 13.91336474920656
FENGYUN 1C DEB          
1 35194U 99025DPA 26280.53178877  .00002769  00000+0  51055-3 0  9993
2 35194  98.9500  33.1469 0108868 240.5833 118.4465 14.62702432697559
FENGYUN 1C DEB          
1 35195U 99025DPB 26277.60211143  .00002073  00000+0  43337-3 0  9994
2 35195  98.9976  40.1615 0098827 249.7126 109.3427 14.58081107952350
FENGYUN 1C DEB          
1 35196U 99025DPC 26278.98762221  .00000769  00000+0  30053-3 0  9996
2 35196  98.5278 288.9492 0212085 195.7073 194.5226 14.20784609933541
FENGYUN 1C DEB          
1 35200U 99025DPG 26279.82412865  .00000237  00000+0  33536-3 0  9991
2 35200  98.9059 227.2649 0353138  29.7643 359.6821 13.42130251699020
FENGYUN 1C DEB          
1 35201U 99025DPH 26281.87116066  .00000056  00000+0  54793-4 0  9992
2 35201  98.7075 286.8033 0007781 116.1369   2.4220 14.11152568912522
FENGYUN 1C DEB          
1 35202U 99025DPJ 26281.57741096  .00000399  00000+0  58729-3 0  9999
2 35202 100.0663 327.8924 0376846  11.5641 349.3851 13.35091673609777
FENGYUN 1C DEB          
1 35203U 99025DPK 26280.85887186  .00000996  00000+0  11369-2 0  9992
2 35203 102.0822 303.0923 0515852 226.1873 129.5481 13.27411640636188
FENGYUN 1C DEB          
1 35204U 99025DPL 26281.07086516  .00004113  00000+0  10072-2 0  9991
2 35204  98.9874 135.4875 0034970 141.7294   9.8676 14.52703620952715
FENGYUN 1C DEB          
1 35207U 99025DPP 26279.77715294  .00004303  00000+0  89216-3 0  9998
2 35207  98.7007  36.4712 0051287  63.5115 297.1331 14.59934173692477
FENGYUN 1C DEB          
1 35208U 99025DPQ 26279.30865155  .00000777  00000+0  52623-3 0  9993
2 35208  98.8799 295.3135 0105776  49.2092 311.8191 14.00429382947276
FENGYUN 1C DEB          
1 35210U 99025DPS 26281.56385676  .00003559  00000+0  12036-2 0  9996
2 35210  99.0906 306.5667 0048554  84.3642  66.7769 14.36855295944244
FENGYUN 1C DEB          
1 35217U 99025DPZ 26281.15951670  .00001386  00000+0  14800-2 0  9998
2 35217 101.8873 263.7142 0299445 322.5673  35.4932 13.58629752652843
FENGYUN 1C DEB          
1 35220U 99025DQC 26280.17397137  .00001989  00000+0  87236-3 0  9998
2 35220  99.0119   2.6293 0045201 170.8265 189.3749 14.24290395674294
FENGYUN 1C DEB          
1 35223U 99025DQF 26281.04565058  .00003381  00000+0  29172-3 0  9990
2 35223  98.9737 309.5259 0122122  86.9312 274.5869 14.92510724983424
FENGYUN 1C DEB          
1 35229U 99025DQM 26279.49822961  .00016323  00000+0  24250-2 0  9992
2 35229  98.4458  13.2349 0033421 359.7734   0.3452 14.74699356688767
FENGYUN 1C DEB          
1 35231U 99025DQP 26281.57959603  .00000000  00000+0  22213-4 0  9995
2 35231  98.6790 322.0203 0036056 309.8519  49.9485 14.14548569957414
FENGYUN 1C DEB          
1 35233U 99025DQR 26281.81840450  .00003685  00000+0  10538-2 0  9990
2 35233  98.7772  35.0650 0039799  86.6212  64.4926 14.45238754955068
FENGYUN 1C DEB          
1 35234U 99025DQS 26281.35502801  .00002657  00000+0  44037-3 0  9995
2 35234  98.0427 309.0496 0096784  35.1103 325.6429 14.68012618987481
FENGYUN 1C DEB          
1 35236U 99025DQU 26281.08442921  .00001371  00000+0  37717-3 0  9992
2 35236  98.8276 225.1706 0085232  14.8150 345.5509 14.46560008 18872
FENGYUN 1C DEB          
1 35239U 99025DQX 26280.39632183  .00000474  00000+0  49696-3 0  9991
2 35239  99.2985  75.5667 0222064 311.6130  46.6177 13.69908238622193
FENGYUN 1C DEB          
1 35240U 99025DQY 26281.92586811  .00002313  00000+0  99159-3 0  9992
2 35240  99.3660 268.7798 0047311  19.3845 340.9119 14.25312375974383
FENGYUN 1C DEB          
1 35241U 99025DQZ 26279.55291900  .00001761  00000+0  10636-2 0  9999
2 35241  98.6346 198.3152 0136655  91.6630 270.0196 14.03217471917814
FENGYUN 1C DEB          
1 35242U 99025DRA 26279.43220178  .00001084  00000+0  12516-2 0  9993
2 35242  99.9625 338.8224 0308514 170.7704 203.0631 13.53018990621525
FENGYUN 1C DEB          
1 35243U 99025DRB 26281.81294306  .00015606  00000+0  12500-2 0  9991
2 35243  98.8783  44.1869 0049245   9.5867 350.6280 14.99300864954807
FENGYUN 1C DEB          
1 35244U 99025DRC 26279.34095342  .00000491  00000+0  31177-3 0  9994
2 35244  98.8096 317.3733 0071141  42.3933 318.2702 14.07103123700063
FENGYUN 1C DEB          
1 35245U 99025DRD 26280.20580253  .00001843  00000+0  96489-3 0  9991
2 35245  99.0796  15.4175 0059743 149.9971 240.4117 14.14673017919958
FENGYUN 1C DEB          
1 35247U 99025DRF 26265.48533342  .00002008  00000+0  61252-3 0  9997
2 35247  98.6609 354.1777 0047978 285.0570  74.5313 14.42423930 40219
FENGYUN 1C DEB          
1 36142U 99025DRP 26274.53643196  .00000975  00000+0  77997-3 0  9991
2 36142  98.4191 188.5645 0207772 264.6404  93.1019 13.83476914662113
FENGYUN 1C DEB          
1 36147U 99025DRU 26276.84108861  .00000660  00000+0  63505-3 0  9998
2 36147  98.5012 306.9878 0438366 224.1744 132.3604 13.47251555639705
FENGYUN 1C DEB          
1 36148U 99025DRV 26281.76315584  .00002207  00000+0  14197-2 0  9999
2 36148  98.4140 107.9938 0275226 245.5523 111.6701 13.87124530944016
FENGYUN 1C DEB          
1 36152U 99025DRZ 26280.34712042  .00001113  00000+0  55290-3 0  9992
2 36152  98.7346 320.5798 0055160  77.5571 283.1770 14.18307106683881
FENGYUN 1C DEB          
1 36153U 99025DSA 26279.74720296  .00004157  00000+0  10000-2 0  9995
2 36153  98.5918  21.6439 0030373 219.6585 140.2389 14.53591878692888
FENGYUN 1C DEB          
1 36160U 99025DSH 26276.73309081  .00000196  00000+0  11429-3 0  9990
2 36160  98.1362  96.8893 0134912  18.7011 341.9053 14.13477623642193
FENGYUN 1C DEB          
1 36162U 99025DSK 26271.10900214  .00002550  00000+0  12176-2 0  9998
2 36162  97.6204  28.6006 0242270   5.2373 355.1249 14.05668987745837
FENGYUN 1C DEB          
1 36163U 99025DSL 26281.60404132  .00009544  00000+0  16667-2 0  9992
2 36163  99.0726 161.1452 0030503 240.8253 118.9896 14.67878724935754
FENGYUN 1C DEB          
1 36167U 99025DSQ 26277.06770190  .00001795  00000+0  45153-3 0  9994
2 36167  98.8098 202.8511 0069095  72.2424 288.6294 14.51118212715600
FENGYUN 1C DEB          
1 36173U 99025DSW 26278.56941478  .00000490  00000+0  20016-3 0  9998
2 36173  98.2474 222.6754 0147357  31.2284 329.7548 14.25612829633191
FENGYUN 1C DEB          
1 36177U 99025DTA 26279.87460152  .00001063  00000+0  51672-3 0  9991
2 36177  98.6051 313.5725 0040599  69.5556 290.9973 14.19868283282588
FENGYUN 1C DEB          
1 36180U 99025DTD 26280.38297222  .00000718  00000+0  28031-3 0  9998
2 36180  98.4209 335.9388 0208543 241.0271 116.9860 14.21442647748252
FENGYUN 1C DEB          
1 36182U 99025DTF 26281.30404758  .00001803  00000+0  62697-3 0  9999
2 36182  99.1020 230.1969 0020013 289.4800  70.4223 14.36717991922560
FENGYUN 1C DEB          
1 36184U 99025DTH 26269.75832563  .00001575  00000+0  84311-3 0  9998
2 36184  98.5627 251.0812 0126363 239.2437 119.6241 14.10500721665722
FENGYUN 1C DEB          
1 36188U 99025DTM 26281.79047689  .00008492  00000+0  14886-2 0  9991
2 36188  98.5950  40.1081 0042954  94.6054 266.0058 14.67423852924442
FENGYUN 1C DEB          
1 36196U 99025DTV 26273.81719642  .00003777  00000+0  96298-3 0  9998
2 36196  99.0663 120.5126 0026930  16.7307 343.4768 14.51019392689723
FENGYUN 1C DEB          
1 36197U 99025DTW 26278.44030816  .00002101  00000+0  82180-3 0  9997
2 36197  98.6859 352.4421 0049922  28.7558 331.6359 14.29905285658773
FENGYUN 1C DEB          
1 36198U 99025DTX 26275.00256714  .00001477  00000+0  83808-3 0  9997
2 36198  98.6023 296.2167 0095509   4.3194 355.8780 14.09183379677167
FENGYUN 1C DEB          
1 36199U 99025DTY 26281.87611906  .00000377  00000+0  15511-3 0  9992
2 36199  98.2755 293.4673 0090290 257.3181 101.7896 14.30016882692694
FENGYUN 1C DEB          
1 36200U 99025DTZ 26280.59149308  .00015219  00000+0  25122-2 0  9994
2 36200  99.3847  41.2823 0030302 183.3151 176.7855 14.70230096777364
FENGYUN 1C DEB          
1 36203U 99025DUC 26281.78660065  .00007206  00000+0  83522-3 0  9993
2 36203  99.1233 271.4816 0073838 287.0721  72.2410 14.83872032678711
FENGYUN 1C DEB          
1 36204U 99025DUD 26279.59275245  .00001520  00000+0  53718-3 0  9999
2 36204  99.3061  44.5236 0018056  21.0480 339.1443 14.36208735987015
FENGYUN 1C DEB          
1 36206U 99025DUF 26276.87336662  .00000587  00000+0  28225-3 0  9997
2 36206  98.4615 293.3129 0029027 237.1238 122.7146 14.22261061686151
FENGYUN 1C DEB          
1 36207U 99025DUG 26269.93316207  .00002098  00000+0  12372-2 0  9994
2 36207  98.5839 143.8083 0138329 232.2277 126.6296 14.04245179640087
FENGYUN 1C DEB          
1 36211U 99025DUL 26278.78187076  .00000923  00000+0  27488-3 0  9992
2 36211  98.5250 269.2386 0265977  77.9048 285.1799 14.26898421986044
FENGYUN 1C DEB          
1 36216U 99025DUR 26281.32698269  .00000327  00000+0  17489-3 0  9990
2 36216  98.5916 297.6470 0043669 231.0846 128.6433 14.19208397686219
FENGYUN 1C DEB          
1 36218U 99025DUT 26279.44490017  .00003527  00000+0  52439-3 0  9992
2 36218  99.0463 159.8040 0070094  90.3090 270.6147 14.74075468635255
FENGYUN 1C DEB          
1 36222U 99025DUX 26274.41255609  .00001840  00000+0  53100-3 0  9997
2 36222  98.4921 343.7407 0041952 271.4493  88.1893 14.45327589693552
FENGYUN 1C DEB          
1 36224U 99025DUZ 26281.96162179  .00000103  00000+0  73934-4 0  9995
2 36224  98.7387 327.7952 0114117 217.3196 142.0010 14.12885537686710
FENGYUN 1C DEB          
1 36225U 99025DVA 26281.71479476  .00097217  00000+0  22526-2 0  9991
2 36225  98.8267 100.1318 0019552 351.3777   8.7127 15.41861912713373
FENGYUN 1C DEB          
1 36226U 99025DVB 26281.32825917  .00001358  00000+0  74049-3 0  9993
2 36226  98.5894 316.1196 0094272 246.1946 112.9321 14.11523489679871
FENGYUN 1C DEB          
1 36229U 99025DVE 26278.58617290  .00002140  00000+0  12160-2 0  9998
2 36229 100.9142 205.0035 0104218  63.6287 297.5531 14.08648420674336
FENGYUN 1C DEB          
1 36230U 99025DVF 26281.05497889  .00000781  00000+0  71681-3 0  9999
2 36230  99.5142   0.9748 0212513  80.0148 282.4911 13.76247062660028
FENGYUN 1C DEB          
1 36231U 99025DVG 26279.20850138  .00000126  00000+0  90597-4 0  9995
2 36231  98.7265 250.6189 0060214 205.7511 154.0660 14.12133205897412
FENGYUN 1C DEB          
1 36232U 99025DVH 26281.72566650  .00000271  00000+0  15908-3 0  9992
2 36232  98.7363 262.9523 0116918 253.9513 104.8758 14.12798754659716
FENGYUN 1C DEB          
1 36234U 99025DVK 26279.36092607  .00000127  00000+0  20476-3 0  9993
2 36234  98.9630 323.5370 0316688 356.6226   3.2772 13.45813218919501
FENGYUN 1C DEB          
1 36236U 99025DVM 26279.34002644  .00000170  00000+0  18054-3 0  9992
2 36236  98.8177 306.0794 0148537 275.5678  82.8553 13.82139303638583
FENGYUN 1C DEB          
1 36238U 99025DVP 26281.70278612  .00000065  00000+0  58016-4 0  9993
2 36238  98.6874 249.3880 0021705 144.0492 216.2146 14.12465178912529
FENGYUN 1C DEB          
1 36244U 99025DVV 26281.80139411  .00002382  00000+0  98732-3 0  9996
2 36244  98.9418  43.2083 0050000 139.9662 220.5220 14.26858747962553
FENGYUN 1C DEB          
1 36247U 99025DVY 26280.98633997  .00000597  00000+0  18969-3 0  9995
2 36247  98.2649 286.0905 0183894 219.2288 139.5452 14.34345247745515
FENGYUN 1C DEB          
1 36255U 99025DWG 26281.69818561  .00001482  00000+0  49792-3 0  9997
2 36255  99.4547 236.4365 0064304  15.9806 106.0183 14.37750800683197
FENGYUN 1C DEB          
1 36258U 99025DWK 26280.43272000  .00001153  00000+0  14139-3 0  9995
2 36258  99.0514 351.0846 0168067 274.0929  84.1084 14.76238884952273
FENGYUN 1C DEB          
1 36259U 99025DWL 26274.38930957  .00004765  00000+0  94419-3 0  9996
2 36259  98.7974  61.6770 0003647 138.3707 250.2103 14.62770347764143
FENGYUN 1C DEB          
1 36260U 99025DWM 26280.44204745  .00000138  00000+0  92206-4 0  9994
2 36260  98.6709 279.2767 0017008 113.6825 246.6136 14.15548625920347
FENGYUN 1C DEB          
1 36261U 99025DWN 26279.69361849  .00000307  00000+0  41334-3 0  9992
2 36261 101.3596 216.3221 0355176 104.0301 260.0573 13.45693043884403
FENGYUN 1C DEB          
1 36262U 99025DWP 26273.52010980  .00000260  00000+0  12072-3 0  9991
2 36262  98.9246 166.0450 0060691 148.3590 212.1262 14.28126321936614
FENGYUN 1C DEB          
1 36263U 99025DWQ 26281.17898174  .00003410  00000+0  90839-3 0  9998
2 36263  98.9782 185.8471 0036385  85.8888 274.6461 14.48811235923178
FENGYUN 1C DEB          
1 36267U 99025DWU 26281.77800958  .00001492  00000+0  80293-3 0  9992
2 36267  98.5769 219.9059 0128137  76.3326 314.9680 14.10141232907572
FENGYUN 1C DEB          
1 36269U 99025DWW 26281.34144416  .00000757  00000+0  24470-3 0  9995
2 36269  99.1415 241.7692 0231790 135.5442 226.4601 14.28072801919917
FENGYUN 1C DEB          
1 36272U 99025DWZ 26277.95868780  .00000389  00000+0  18580-3 0  9994
2 36272  99.1001 167.1896 0167934 147.8004 213.3559 14.17697580678135
FENGYUN 1C DEB          
1 36273U 99025DXA 26277.98091895  .00000262  00000+0  14964-3 0  9995
2 36273  99.5665 175.2626 0095487 242.1238 117.0236 14.16857936704288
FENGYUN 1C DEB          
1 36274U 99025DXB 26278.52681400  .00003907  00000+0  16076-2 0  9998
2 36274  99.1339   9.8383 0059101 103.0434 269.6440 14.26593911672131
FENGYUN 1C DEB          
1 36278U 99025DXF 26276.55109970  .00000373  00000+0  20223-3 0  9994
2 36278  99.1307 207.8535 0060487 173.7529 186.4413 14.17789042976536
FENGYUN 1C DEB          
1 36279U 99025DXG 26279.18601076  .00000117  00000+0  81467-4 0  9995
2 36279  98.5980 250.7288 0060723 282.3383  77.0998 14.14864725932452
FENGYUN 1C DEB          
1 36280U 99025DXH 26279.31156574  .00000891  00000+0  51566-3 0  9995
2 36280  98.7425 305.3770 0061004 302.5324 119.0824 14.10523797905481
FENGYUN 1C DEB          
1 36281U 99025DXJ 26281.56675160  .00002570  00000+0  25623-2 0  9993
2 36281  99.2535 193.2297 0290783  59.8610 303.1011 13.61787323885962
FENGYUN 1C DEB          
1 36283U 99025DXL 26276.83894862  .00021488  00000+0  88659-3 0  9999
2 36283  99.4192 317.4454 0046550 160.7586 199.5415 15.23090277711356
FENGYUN 1C DEB          
1 36644U 99025DXN 26281.73734701  .00000282  00000+0  32357-3 0  9993
2 36644  98.4438  24.1743 0285796 112.2324 250.9398 13.59836637656446
FENGYUN 1C DEB          
1 36645U 99025DXP 26276.28810176  .00001295  00000+0  13638-2 0  9994
2 36645  98.5143  29.1682 0289923 350.4065   9.1613 13.59558247615483
FENGYUN 1C DEB          
1 36647U 99025DXR 26278.37221907  .00001686  00000+0  10826-2 0  9996
2 36647  96.1233 323.2866 0238251 153.7933 207.5523 13.90893489345330
FENGYUN 1C DEB          
1 36652U 99025DXW 26280.47464106  .00002258  00000+0  97392-3 0  9996
2 36652  98.9346  12.5017 0051799 211.6140 148.1924 14.24831216685768
FENGYUN 1C DEB          
1 36656U 99025DYA 26259.41838302  .00000704  00000+0  73895-3 0  9999
2 36656  97.4284 327.4204 0335044 138.8659 223.8268 13.55058505626050
FENGYUN 1C DEB          
1 36657U 99025DYB 26281.36886711  .00001663  00000+0  28498-3 0  9990
2 36657  99.4256 121.6515 0098837 236.4506 122.7225 14.67393680706489
FENGYUN 1C DEB          
1 36659U 99025DYD 26281.33747631  .00000397  00000+0  35004-3 0  9990
2 36659  99.8446 306.0926 0134715   6.3060 353.9753 13.87781790645802
FENGYUN 1C DEB          
1 36660U 99025DYE 26274.21390658  .00000532  00000+0  29301-3 0  9998
2 36660  98.6303 269.9297 0048284 114.3476 246.2749 14.15058996675176
FENGYUN 1C DEB          
1 36664U 99025DYJ 26281.28792137  .00000080  00000+0  52507-4 0  9998
2 36664  98.5816 301.4466 0171457 316.3905  42.3824 14.18073659679964
FENGYUN 1C DEB          
1 36668U 99025DYN 26277.24830286  .00000592  00000+0  31716-3 0  9997
2 36668  98.6079 282.6074 0052767  98.0548 262.6618 14.16021717615991
FENGYUN 1C DEB          
1 36675U 99025DYV 26277.29740242  .00002632  00000+0  72886-3 0  9992
2 36675  99.2293 302.8683 0024678 334.3795  25.6170 14.47411884714986
FENGYUN 1C DEB          
1 36676U 99025DYW 26280.62519877  .00000775  00000+0  22909-3 0  9999
2 36676  98.7519 193.7900 0094071 319.1450 158.7752 14.43982761693785
FENGYUN 1C DEB          
1 36678U 99025DYY 26277.67518158  .00000318  00000+0  10474-3 0  9990
2 36678  98.3249 255.6404 0149967 182.9652 177.0663 14.38552508692437
FENGYUN 1C DEB          
1 36679U 99025DYZ 26277.83921741  .00000725  00000+0  46154-3 0  9991
2 36679  98.8525 271.5150 0084836 345.7906  14.0877 14.05086207287067
FENGYUN 1C DEB          
1 36680U 99025DZA 26280.44141306  .00000548  00000+0  23573-3 0  9998
2 36680  98.5719 267.5552 0189128 105.8342  44.5534 14.19223075685332
FENGYUN 1C DEB          
1 36681U 99025DZB 26281.43610423  .00000541  00000+0  32332-3 0  9996
2 36681  98.7124 275.6301 0042879 217.5178 142.2999 14.10826743769837
FENGYUN 1C DEB          
1 36682U 99025DZC 26281.09808849  .00000575  00000+0  56945-3 0  9993
2 36682  98.4598 154.8754 0230697 196.7790 162.5637 13.70815514654932
FENGYUN 1C DEB          
1 36686U 99025DZG 26280.44556211  .00003142  00000+0  38514-3 0  9993
2 36686  98.9732 152.0563 0096978 193.7622 166.0941 14.80736110702681
FENGYUN 1C DEB          
1 36687U 99025DZH 26276.98112188 -.00000124  00000+0 -49480-4 0  9993
2 36687  98.6982 356.3855 0091709 155.6355 204.9190 14.04709965668678
FENGYUN 1C DEB          
1 36689U 99025DZK 26280.09239544  .00001128  00000+0  86155-3 0  9990
2 36689  98.4646 146.2601 0304692 211.9417 146.2943 13.75587343623130
FENGYUN 1C DEB          
1 36691U 99025DZM 26278.71130938  .00002431  00000+0  13216-2 0  9991
2 36691  98.6488 271.4319 0127088 113.6818 247.7749 14.09108830637898
FENGYUN 1C DEB          
1 36692U 99025DZN 26278.07879157  .00000334  00000+0  27765-3 0  9999
2 36692  99.9970 212.9156 0113945 309.2734  49.8359 13.93810212639330
FENGYUN 1C DEB          
1 36694U 99025DZQ 26279.41984899  .00000969  00000+0  44188-3 0  9992
2 36694  99.0433 334.4963 0103159 192.3228 167.5423 14.21251895678766
FENGYUN 1C DEB          
1 36695U 99025DZR 26278.69911979  .00000767  00000+0  16153-3 0  9998
2 36695  98.2552 256.1096 0253249 307.7304  50.1175 14.44483143938544
FENGYUN 1C DEB          
1 36696U 99025DZS 26281.53085476  .00002877  00000+0  88495-3 0  9992
2 36696  98.9783 310.6895 0024025 159.1297 201.0877 14.42183819687136
FENGYUN 1C DEB          
1 36699U 99025DZV 26280.21586696  .00000342  00000+0  15843-3 0  9991
2 36699  98.5783 272.4683 0093261 341.3618  18.4154 14.24622271775760
FENGYUN 1C DEB          
1 36701U 99025DZX 26280.36485127  .00001497  00000+0  13505-2 0  9992
2 36701 102.7525 337.1792 0256574 292.5053  64.9106 13.72623446652342
FENGYUN 1C DEB          
1 36703U 99025DZZ 26281.15440231  .00003489  00000+0  14573-2 0  9998
2 36703  97.8187  60.2989 0098043 138.8611 222.0015 14.24114648625298
FENGYUN 1C DEB          
1 36707U 99025EAD 26281.36883399  .00000823  00000+0  41780-3 0  9991
2 36707  98.7234 327.6017 0047570 343.1343  16.8248 14.18102845683255
FENGYUN 1C DEB          
1 36710U 99025EAG 26278.94557781  .00002595  00000+0  63213-3 0  9991
2 36710  98.3527 339.5733 0063223 353.3376   6.6972 14.52390276692648
FENGYUN 1C DEB          
1 36711U 99025EAH 26278.55875900  .00006508  00000+0  17186-2 0  9990
2 36711 100.7915  22.3774 0092899  99.6023 261.5672 14.46818361685970
FENGYUN 1C DEB          
1 36716U 99025EAN 26281.58563507  .00000158  00000+0  15335-3 0  9999
2 36716  99.2297 202.6210 0148918 141.4740 219.7159 13.88576593670921
FENGYUN 1C DEB          
1 36719U 99025EAR 26278.20745143  .00001942  00000+0  65422-3 0  9999
2 36719  98.5548  62.5755 0080093 309.5163  49.8961 14.36392679686056
FENGYUN 1C DEB          
1 36724U 99025EAW 26281.66280046  .00002153  00000+0  85343-3 0  9994
2 36724  99.4533 342.3668 0099763  66.2347  86.9027 14.27320071617486
FENGYUN 1C DEB          
1 36729U 99025EBB 26281.76380957  .00000160  00000+0  11217-3 0  9997
2 36729  98.7411 259.7438 0046897 124.6582 235.9023 14.10563875914816
FENGYUN 1C DEB          
1 36733U 99025EBF 26281.96431297  .00002538  00000+0  13497-2 0  9990
2 36733  99.3255 283.6095 0125201  12.6910 347.7362 14.10494721695689
FENGYUN 1C DEB          
1 36734U 99025EBG 26276.38755046  .00001544  00000+0  64107-3 0  9993
2 36734  99.0377 338.1863 0035009  94.4604 266.0576 14.27690513869368
FENGYUN 1C DEB          
1 36736U 99025EBJ 26280.44932261  .00001716  00000+0  70777-3 0  9994
2 36736  98.7912   0.3250 0057090 352.6432   7.3904 14.27255483928743
FENGYUN 1C DEB          
1 36743U 99025EBR 26278.94592129  .00001661  00000+0  64439-3 0  9996
2 36743  98.6328 330.1107 0047183 218.3382 141.4444 14.30671144649851
FENGYUN 1C DEB          
1 36986U 99025EBS 26281.67797598  .00002080  00000+0  10306-2 0  9995
2 36986  99.1318   0.1632 0085860 117.1952 243.8005 14.16471107859882
FENGYUN 1C DEB          
1 36987U 99025EBT 26279.49371370  .00000701  00000+0  91636-3 0  9993
2 36987 100.7971 188.6232 0320241  60.4000 302.8633 13.46248182648835
FENGYUN 1C DEB          
1 36990U 99025EBW 26279.33944399  .00000269  00000+0  31448-3 0  9991
2 36990  96.5686 135.1453 0288363 288.4766  68.5244 13.57230919869240
FENGYUN 1C DEB          
1 36994U 99025ECA 26281.79925979  .00000086  00000+0  95513-4 0  9992
2 36994  98.6813 228.9671 0115046 187.5372 172.4063 13.90880703850783
FENGYUN 1C DEB          
1 36995U 99025ECB 26277.89280947  .00000277  00000+0  19482-3 0  9990
2 36995  98.3010 137.2606 0039138 187.0594 173.0029 14.04928252677153
FENGYUN 1C DEB          
1 36996U 99025ECC 26277.17548904  .00001733  00000+0  70622-3 0  9993
2 36996  98.2596  51.1655 0251028 215.9485 271.8098 14.12964231638622
FENGYUN 1C DEB          
1 37003U 99025ECK 26277.87529115  .00000631  00000+0  46618-3 0  9997
2 37003  98.8282 294.7879 0096940  65.4047  56.1290 13.96684172647908
FENGYUN 1C DEB          
1 37006U 99025ECN 26279.56975534  .00001977  00000+0  34523-3 0  9994
2 37006  99.2825 203.7988 0251128  82.0826 280.8786 14.50747556694300
FENGYUN 1C DEB          
1 37008U 99025ECQ 26281.82314935  .00000902  00000+0  54159-3 0  9994
2 37008  99.1627  49.7720 0059463 139.6120 220.9487 14.08688587645385
FENGYUN 1C DEB          
1 37012U 99025ECU 26272.34353187  .00001747  00000+0  10446-2 0  9996
2 37012  98.5336 116.7859 0186912 245.3602 112.7995 14.00030077630235
FENGYUN 1C DEB          
1 37017U 99025ECZ 26279.17544371  .00001593  00000+0  31145-3 0  9995
2 37017  98.8213 238.7095 0271233 197.1327 162.0570 14.43661724654490
FENGYUN 1C DEB          
1 37018U 99025EDA 26281.85023483  .00011497  00000+0  24785-2 0  9995
2 37018  98.5174 141.2946 0180926  90.8912 271.3015 14.48820703678644
FENGYUN 1C DEB          
1 37019U 99025EDB 26279.49288691  .00001845  00000+0  54944-3 0  9994
2 37019  98.5698   6.9478 0167813 162.3732 198.3375 14.36467883690338
FENGYUN 1C DEB          
1 37021U 99025EDD 26277.81020343  .00001261  00000+0  39818-3 0  9994
2 37021  98.3747 290.0202 0175381  91.8700  81.6429 14.33473609742944
FENGYUN 1C DEB          
1 37028U 99025EDL 26279.64515407  .00002189  00000+0  95393-3 0  9994
2 37028  99.2418 207.5612 0034576 335.2317  24.7200 14.24780657647159
FENGYUN 1C DEB          
1 37036U 99025EDU 26281.20057576  .00000144  00000+0  11118-3 0  9998
2 37036  98.7378 267.0095 0122129 295.7231  63.1370 14.03860814679498
FENGYUN 1C DEB          
1 37042U 99025EEA 26277.14370712  .00011069  00000+0  12636-2 0  9996
2 37042  98.6106  63.1821 0044721 170.8006 189.4037 14.85550229771704
FENGYUN 1C DEB          
1 37044U 99025EEC 26279.52619563  .00003225  00000+0  14206-2 0  9992
2 37044  98.9651  12.7798 0496448  91.1221 274.6828 13.73764269879439
FENGYUN 1C DEB          
1 37046U 99025EEE 26274.24822034  .00000771  00000+0  33879-3 0  9998
2 37046  98.5358 285.7830 0049368 171.7774 188.4227 14.25690565683481
FENGYUN 1C DEB          
1 37047U 99025EEF 26278.37841576  .00002222  00000+0  16229-2 0  9991
2 37047  99.1199 328.1199 0233409 138.6563 223.2524 13.84874518661874
FENGYUN 1C DEB          
1 37048U 99025EEG 26280.42077699  .00000205  00000+0  23796-3 0  9995
2 37048  98.8553 121.6182 0254187  87.0739  29.9319 13.65332179662450
FENGYUN 1C DEB          
1 37049U 99025EEH 26264.83191210  .00002652  00000+0  77831-3 0  9996
2 37049  99.2526 284.5254 0033799  78.7099 281.7885 14.44435708678212
FENGYUN 1C DEB          
1 37053U 99025EEM 26281.66325325  .00003440  00000+0  76865-3 0  9999
2 37053  99.1630  61.2091 0039122 349.1105  69.3713 14.57048404694013
FENGYUN 1C DEB          
1 37054U 99025EEN 26277.20469508  .00000331  00000+0  16791-3 0  9995
2 37054  98.5826 255.1522 0099446 331.7919  27.7893 14.19793538686215
FENGYUN 1C DEB          
1 37056U 99025EEQ 26280.36113771  .00000721  00000+0  12585-3 0  9996
2 37056  98.9504 327.6520 0264296 326.8823  31.6058 14.51501930697424
FENGYUN 1C DEB          
1 37057U 99025EER 26279.28176980  .00000232  00000+0  14142-3 0  9995
2 37057  98.9147 290.2888 0284017  39.2513 322.8871 13.96473233677501
FENGYUN 1C DEB          
1 37060U 99025EEU 26281.42167752  .00000079  00000+0  80803-4 0  9992
2 37060  99.0498 341.7764 0079196 240.6398 118.6841 14.00933728669022
FENGYUN 1C DEB          
1 37061U 99025EEV 26275.25253022  .00001698  00000+0  86335-3 0  9996
2 37061  98.0568 277.7431 0796770 356.8826   2.7494 13.15651662120128
FENGYUN 1C DEB          
1 37064U 99025EEY 26275.67777021  .00003099  00000+0  14205-2 0  9998
2 37064  98.9086  73.7371 0099190 342.3288  17.4446 14.19510587857016
FENGYUN 1C DEB          
1 37065U 99025EEZ 26277.07193044  .00001143  00000+0  12116-2 0  9999
2 37065 103.2833 201.0527 0297218 322.8022  35.2839 13.60311269262167
FENGYUN 1C DEB          
1 37067U 99025EFB 26281.11369369  .00006865  00000+0  39942-2 0  9998
2 37067  99.5041 241.2751 0140244  11.3192 349.1073 14.04120502616051
FENGYUN 1C DEB          
1 37069U 99025EFD 26276.37756181  .00000935  00000+0  10644-2 0  9994
2 37069  95.8433 127.7689 0418531 181.7443 178.2261 13.39105137916500
FENGYUN 1C DEB          
1 37077U 99025EFM 26280.06264395  .00000681  00000+0  21207-3 0  9991
2 37077  99.0214  16.9247 0095611 165.8035 194.5874 14.41833818892536
FENGYUN 1C DEB          
1 37079U 99025EFP 26280.25605863  .00009247  00000+0  15757-2 0  9992
2 37079  98.8691  83.3153 0010112 295.1955  64.8199 14.69235851689872
FENGYUN 1C DEB          
1 37081U 99025EFR 26281.65338282  .00018076  00000+0  58373-2 0  9999
2 37081  98.6755  73.5240 0248002 205.3972 153.4848 14.23112695628289
FENGYUN 1C DEB          
1 37400U 99025EFS 26280.95489113  .00000297  00000+0  24230-3 0  9998
2 37400  98.8413  96.9932 0401315  72.6553 291.8069 13.63966156842723
FENGYUN 1C DEB          
1 37404U 99025EFW 26281.96260176  .00000855  00000+0  32757-3 0  9993
2 37404  98.4600 282.3180 0043762 356.1570  33.2682 14.32568002870381
FENGYUN 1C DEB          
1 37406U 99025EFY 26275.87620359  .00000676  00000+0  40231-3 0  9998
2 37406  98.4172 132.3674 0147935 152.3883 222.6178 14.05046641673621
FENGYUN 1C DEB          
1 37415U 99025EGH 26280.48645298  .00000107  00000+0  16859-3 0  9998
2 37415  98.9835   5.5216 0285199 139.7411 222.5231 13.52253694663599
FENGYUN 1C DEB          
1 37417U 99025EGK 26278.24091037  .00000196  00000+0  13715-3 0  9993
2 37417  98.8185 268.6546 0079402 145.4782 215.1581 14.07664179725218
FENGYUN 1C DEB          
1 37418U 99025EGL 26280.26570373  .00000639  00000+0  16090-2 0  9994
2 37418  98.6133  77.7784 1068925  89.3660 282.9534 11.95485637530514
FENGYUN 1C DEB          
1 37420U 99025EGN 26278.24170068  .00000550  00000+0  39375-3 0  9993
2 37420  98.8841 264.3022 0072060 167.8644 192.4277 13.99999083639130
FENGYUN 1C DEB          
1 37421U 99025EGP 26281.03423380  .00000341  00000+0  41752-3 0  9993
2 37421  98.9109 205.6651 0408193  53.6797 310.1307 13.40772146649562
FENGYUN 1C DEB          
1 37422U 99025EGQ 26270.19470614  .00006199  00000+0  16343-2 0  9995
2 37422  98.8626  43.8337 0025841 243.0094 116.8459 14.49152603670045
FENGYUN 1C DEB          
1 37423U 99025EGR 26279.39065329  .00000477  00000+0  30131-3 0  9995
2 37423  98.7595 326.2062 0048114  42.5969 317.8917 14.08176747677986
FENGYUN 1C DEB          
1 37424U 99025EGS 26275.97989762  .00000932  00000+0  36690-3 0  9994
2 37424  97.2073 354.7770 0213862 121.8834 240.3351 14.19087315727454
FENGYUN 1C DEB          
1 37425U 99025EGT 26277.21780414  .00000866  00000+0  66091-3 0  9991
2 37425  97.1557  69.4088 0157133  45.4909  78.2914 13.89632382692567
FENGYUN 1C DEB          
1 37427U 99025EGV 26279.24658532  .00003720  00000+0  21253-3 0  9996
2 37427  98.6417  99.0422 0168203  39.2861 322.0425 15.02232685647846
FENGYUN 1C DEB          
1 37428U 99025EGW 26276.77555654  .00003034  00000+0  10092-2 0  9999
2 37428  97.6982 113.6629 0052923 284.1576  75.3736 14.37496400676715
FENGYUN 1C DEB          
1 37429U 99025EGX 26274.18470731  .00000418  00000+0  24903-3 0  9995
2 37429  98.6638 258.2408 0102001 248.4618 110.5656 14.10035537672078
FENGYUN 1C DEB          
1 37430U 99025EGY 26280.45744049  .00002252  00000+0  87042-3 0  9991
2 37430  98.7507   1.3820 0016880 268.2792  91.6457 14.31081447659711
FENGYUN 1C DEB          
1 37432U 99025EHA 26277.78991983  .00001684  00000+0  32208-3 0  9998
2 37432  98.1755 289.7333 0179720  91.4895 270.6897 14.55309752126800
FENGYUN 1C DEB          
1 37433U 99025EHB 26279.26398733  .00003575  00000+0  16900-2 0  9999
2 37433  98.0917  94.5408 0206036  76.3804 286.0222 14.09691135279235
FENGYUN 1C DEB          
1 37435U 99025EHD 26279.36537870  .00001210  00000+0  54703-3 0  9997
2 37435  98.6242 314.9271 0039899 228.1742 131.6027 14.23488599931721
FENGYUN 1C DEB          
1 37436U 99025EHE 26280.39906234  .00000341  00000+0  22779-3 0  9999
2 37436  98.8996 335.5555 0058907  33.2407 327.2440 14.06782697681976
FENGYUN 1C DEB          
1 37437U 99025EHF 26277.20862015  .00000498  00000+0  24227-3 0  9997
2 37437  98.6081 265.3707 0110277 275.6628  95.9887 14.19414122681822
FENGYUN 1C DEB          
1 37438U 99025EHG 26275.91490926  .00000574  00000+0  31055-3 0  9994
2 37438  98.7116 313.8077 0029874 101.8249 258.6278 14.16127626642986
FENGYUN 1C DEB          
1 37439U 99025EHH 26278.50497981  .00001704  00000+0  81862-3 0  9998
2 37439  99.0198  11.9332 0053434 331.1937  91.8181 14.19522745654709
FENGYUN 1C DEB          
1 37441U 99025EHK 26277.20013781  .00000453  00000+0  67765-3 0  9995
2 37441  99.1468  89.8528 0507663  69.8244 295.6722 13.14739084860544
FENGYUN 1C DEB          
1 37444U 99025EHN 26278.55952284  .00003424  00000+0  62155-3 0  9996
2 37444  99.0819  26.8353 0238565 180.6261 179.4668 14.50183742694500
FENGYUN 1C DEB          
1 37445U 99025EHP 26281.48755997  .00000998  00000+0  36279-3 0  9996
2 37445  99.2509  17.2772 0168291 151.6963 209.3488 14.28131304687173
FENGYUN 1C DEB          
1 37447U 99025EHR 26277.39276149  .00000698  00000+0  35287-3 0  9995
2 37447  98.7603 338.9519 0039849 102.7853 257.7780 14.18929500676528
FENGYUN 1C DEB          
1 37448U 99025EHS 26277.45206741  .00000910  00000+0  55583-3 0  9992
2 37448  99.2994 346.6116 0301212 344.2899  14.9066 13.88353130664776
FENGYUN 1C DEB          
1 37453U 99025EHX 26274.91326777  .00001292  00000+0  98173-3 0  9994
2 37453  97.6323 156.0850 0356305 162.6321 198.7394 13.68911931936340
FENGYUN 1C DEB          
1 37457U 99025EJB 26278.45907126  .00002618  00000+0  11250-2 0  9997
2 37457  99.0855   1.7161 0059402 303.3851  56.1652 14.24666449642938
FENGYUN 1C DEB          
1 37460U 99025EJE 26281.94969341  .00004687  00000+0  11565-2 0  9993
2 37460  98.3891 101.4736 0052947  92.8889 267.8367 14.51735151868401
FENGYUN 1C DEB          
1 37461U 99025EJF 26280.40721418  .00001298  00000+0  23049-2 0  9990
2 37461  99.8573 138.1642 0664080  31.1879 332.6915 12.79878720558549
FENGYUN 1C DEB          
1 37464U 99025EJJ 26278.85310312  .00001369  00000+0  12319-2 0  9993
2 37464 102.7138 288.8704 0449449 185.5609 174.0421 13.48741562649259
FENGYUN 1C DEB          
1 37474U 99025EJU 26281.47674566  .00007251  00000+0  85101-3 0  9996
2 37474  99.1314 172.2115 0119424 279.6673  79.1062 14.80283087668033
FENGYUN 1C DEB          
1 37476U 99025EJW 26275.04255441  .00000500  00000+0  13508-2 0  9992
2 37476  98.9509 212.0671 1076889  15.4633 347.6774 11.91581346709361
FENGYUN 1C DEB          
1 37477U 99025EJX 26281.45896798  .00001111  00000+0  53417-3 0  9994
2 37477  98.6099 283.0189 0036768 321.7035  38.1532 14.20459988861684
FENGYUN 1C DEB          
1 37478U 99025EJY 26277.60778387  .00000514  00000+0  84407-3 0  9999
2 37478  99.6586 234.9765 0549113 357.7022   2.1583 13.03922229604168
FENGYUN 1C DEB          
1 37588U 99025EKG 26275.84994910  .00001281  00000+0  66250-3 0  9995
2 37588  98.1285 302.0432 0080611 282.9869 254.5985 14.14889951624101
FENGYUN 1C DEB          
1 37589U 99025EKH 26272.96856068  .00002555  00000+0  13743-2 0  9990
2 37589  99.0670 182.8359 0111433 165.7125 194.7241 14.10627523866875
FENGYUN 1C DEB          
1 37591U 99025EKK 26281.70953796  .00011831  00000+0  22374-2 0  9998
2 37591  98.4046 236.6410 0059940 143.0275 338.7717 14.63364836708385
FENGYUN 1C DEB          
1 37593U 99025EKM 26278.53390225  .00002360  00000+0  69828-3 0  9992
2 37593  98.9938 174.9830 0146424 324.6762 158.1578 14.38438948903850
FENGYUN 1C DEB          
1 37594U 99025EKN 26281.51837282  .00000292  00000+0  17814-3 0  9994
2 37594  98.7066 307.2803 0086552 138.1879 222.5948 14.11359539819902
FENGYUN 1C DEB          
1 37595U 99025EKP 26281.52797633  .00023132  00000+0  25244-2 0  9994
2 37595  99.0384 173.5169 0017657 133.3079 358.6010 14.87815209670403
FENGYUN 1C DEB          
1 37600U 99025EKU 26278.67432094  .00003075  00000+0  16931-2 0  9997
2 37600  98.9244  66.6173 0347839 325.8532  32.0681 13.85787929925965
FENGYUN 1C DEB          
1 37682U 99025EKX 26281.40007304  .00001056  00000+0  99082-3 0  9990
2 37682  98.5887 261.8280 0224295 278.9202  78.6620 13.72988462665448
FENGYUN 1C DEB          
1 37683U 99025EKY 26281.84307123  .00001469  00000+0  11695-2 0  9992
2 37683  97.9828 142.0898 0582091  79.5212 342.9857 13.33010930332374
FENGYUN 1C DEB          
1 37686U 99025ELB 26273.23351032  .00000244  00000+0  35173-3 0  9995
2 37686  99.0240 263.4088 0396297  38.9914 336.1060 13.35580856645184
FENGYUN 1C DEB          
1 37687U 99025ELC 26270.25561552  .00003697  00000+0  20564-2 0  9997
2 37687  98.1877 275.3578 0325006 280.9070 138.4814 13.88094723872531
FENGYUN 1C DEB          
1 37689U 99025ELE 26281.63922652  .00005705  00000+0  13875-2 0  9994
2 37689  98.9095 345.3723 0018868  63.3808 296.9317 14.53110613621620
FENGYUN 1C DEB          
1 37690U 99025ELF 26273.34532672  .00000860  00000+0  43717-3 0  9990
2 37690  98.7370 315.0513 0041618 177.7152 242.1644 14.18019098678970
FENGYUN 1C DEB          
1 37691U 99025ELG 26277.50549735  .00015898  00000+0  17635-2 0  9997
2 37691  98.3546 190.7494 0246262 306.5812  51.2955 14.67741131899596
FENGYUN 1C DEB          
1 37693U 99025ELJ 26276.21961899  .00000734  00000+0  43822-3 0  9996
2 37693  98.7064 270.7773 0070981 324.0574  97.4308 14.09026970662954
FENGYUN 1C DEB          
1 37694U 99025ELK 26281.39628681  .00001968  00000+0  87584-3 0  9994
2 37694  98.1822 330.8799 0143197 299.5411 116.3904 14.18603404559505
FENGYUN 1C DEB          
1 37695U 99025ELL 26277.26901034  .00000587  00000+0  36612-3 0  9994
2 37695  98.1885 281.0409 0459695 189.0568 185.0851 13.65819053932856
FENGYUN 1C DEB          
1 37701U 99025ELS 26254.10929778  .00004268  00000+0  21716-2 0  9993
2 37701  97.6462   6.2448 0247992 143.3018 343.5032 14.01548162798759
FENGYUN 1C DEB          
1 37704U 99025ELV 26275.92298190  .00000796  00000+0  75434-3 0  9995
2 37704  98.3404  75.2796 0240224 108.6889  41.8148 13.71187110663956
FENGYUN 1C DEB          
1 37707U 99025ELY 26275.97932111  .00001055  00000+0  21657-3 0  9998
2 37707 100.1964 351.0302 0139878 247.4537 291.9528 14.57797390898518
FENGYUN 1C DEB          
1 37712U 99025EMD 26277.19549100  .00000688  00000+0  23874-3 0  9996
2 37712  98.8572  69.0551 0078416 200.4951 334.5111 14.37155762682032
FENGYUN 1C DEB          
1 37714U 99025EMF 26281.79300360  .00003124  00000+0  11016-2 0  9994
2 37714  98.9072  46.9804 0046323 281.2847  78.3134 14.34917718618095
FENGYUN 1C DEB          
1 37715U 99025EMG 26277.80423066  .00000214  00000+0  17833-3 0  9992
2 37715  98.9573 282.3194 0113978  19.3422 156.5740 13.95790272619330
FENGYUN 1C DEB          
1 37716U 99025EMH 26280.01687679  .00001694  00000+0  66155-3 0  9996
2 37716  98.6609 345.1719 0032595  58.6925  61.7690 14.30627869648332
FENGYUN 1C DEB          
1 37717U 99025EMJ 26281.81357874  .00032960  00000+0  17160-2 0  9998
2 37717  98.7484 282.1402 0035622 190.9911 293.1624 15.15393840939124
FENGYUN 1C DEB          
1 37719U 99025EML 26268.01492105  .00002215  00000+0  48214-3 0  9999
2 37719  99.4750 338.7416 0044170 126.0880 357.4140 14.58620450 44092
FENGYUN 1C DEB          
1 37899U 99025EMY 26278.77516476  .00001691  00000+0  13632-2 0  9992
2 37899  98.7881 117.3179 0203514 254.2257 103.6373 13.82557690597741
FENGYUN 1C DEB          
1 37900U 99025EMZ 26276.79726897  .00002446  00000+0  12851-2 0  9996
2 37900 102.3073 101.7251 0207622 229.1054 129.1954 14.05161564639569
FENGYUN 1C DEB          
1 37902U 99025ENB 26280.47258110  .00001414  00000+0  15635-2 0  9993
2 37902  98.6704 109.4701 0318373 255.8394 100.7182 13.53624728670171
FENGYUN 1C DEB          
1 37906U 99025ENF 26278.39084759  .00000290  00000+0  28857-3 0  9993
2 37906  99.5684 328.5987 0161812 328.7998  94.6548 13.81094739635505
FENGYUN 1C DEB          
1 37907U 99025ENG 26276.17188781  .00002229  00000+0  93496-3 0  9993
2 37907  99.0890  44.4021 0056801  60.7156 299.9684 14.26139373874660
FENGYUN 1C DEB          
1 37908U 99025ENH 26278.43160986  .00000724  00000+0  25160-3 0  9993
2 37908  99.1189 333.4506 0073118  11.1763 349.1025 14.37330947683225
FENGYUN 1C DEB          
1 37911U 99025ENL 26262.05610300  .00001223  00000+0  81532-3 0  9998
2 37911  99.2883 349.8327 0137640  63.6673 297.8551 13.98595706806262
FENGYUN 1C DEB          
1 37912U 99025ENM 26281.41520756  .00002063  00000+0  10797-2 0  9992
2 37912  99.2405 264.2477 0088508 302.5874  56.6774 14.13535013815198
FENGYUN 1C DEB          
1 37914U 99025ENP 26275.24823068  .00000965  00000+0  49222-3 0  9995
2 37914  99.2190 283.4712 0066048 245.8003 113.6258 14.17135478663449
FENGYUN 1C DEB          
1 37917U 99025ENS 26265.06131827  .00000966  00000+0  51834-3 0  9995
2 37917  98.9320   8.0593 0045236 326.0174  33.8104 14.14901459678297
FENGYUN 1C DEB          
1 37918U 99025ENT 26281.85625333  .00000963  00000+0  34673-3 0  9990
2 37918  99.0619 250.4658 0055645 124.7870 235.8568 14.35318927 78463
FENGYUN 1C DEB          
1 37919U 99025ENU 26274.70492813  .00000456  00000+0  20355-3 0  9991
2 37919  99.0862 228.4663 0047249 251.0496 108.5559 14.27335734690871
FENGYUN 1C DEB          
1 37920U 99025ENV 26279.72474049  .00002236  00000+0  91775-3 0  9993
2 37920  98.8277   1.5681 0053702  80.2502  70.8062 14.27302802683884
FENGYUN 1C DEB          
1 37921U 99025ENW 26279.89830967  .00000284  00000+0  23513-3 0  9993
2 37921  98.9847 318.9279 0083226   2.0529 358.0959 13.95301675673057
FENGYUN 1C DEB          
1 37925U 99025EPA 26279.49223790  .00007242  00000+0  80990-3 0  9996
2 37925  99.0600 194.0287 0050338 120.3933 240.2269 14.86368966700989
FENGYUN 1C DEB          
1 37926U 99025EPB 26281.67998709  .00001712  00000+0  72742-3 0  9991
2 37926  98.7022 347.7138 0052408  72.8688  78.1219 14.25849807785420
FENGYUN 1C DEB          
1 37927U 99025EPC 26279.72720770  .00016953  00000+0  18942-2 0  9990
2 37927  98.8173  97.4116 0005204  42.5770 317.5846 14.87034608695252
FENGYUN 1C DEB          
1 37928U 99025EPD 26281.15289131  .00000851  00000+0  28875-3 0  9999
2 37928  98.8802 171.2405 0069965 229.9340 129.5697 14.38022644854943
FENGYUN 1C DEB          
1 38115U 99025EPL 26255.15826422  .00005235  00000+0  25992-2 0  9996
2 38115  97.6988  36.0306 0253713 169.9089 190.7314 14.02084822278483
FENGYUN 1C DEB          
1 38116U 99025EPM 26281.36133486  .00000298  00000+0  16419-3 0  9999
2 38116  98.6828 318.6651 0070434   8.4551  56.1486 14.17502000687295
FENGYUN 1C DEB          
1 38119U 99025EPQ 26281.44663521  .00004806  00000+0  17879-2 0  9998
2 38119  98.5905 350.1302 0219732  87.2158 275.4145 14.20012235582563
FENGYUN 1C DEB          
1 38121U 99025EPS 26273.74606988  .00000695  00000+0  26859-3 0  9990
2 38121  99.1474  80.8682 0203130  13.3301 347.3132 14.22920204880716
FENGYUN 1C DEB          
1 38122U 99025EPT 26275.76913917  .00001210  00000+0  27352-3 0  9991
2 38122  98.3246 276.7123 0223673 346.7779  12.7608 14.43870070719807
FENGYUN 1C DEB          
1 38124U 99025EPV 26269.93453206  .00000082  00000+0  14286-3 0  9993
2 38124  97.8110 162.8588 0355080 279.8058  76.3163 13.41053528584447
FENGYUN 1C DEB          
1 38125U 99025EPW 26274.40967045  .00000612  00000+0  87047-3 0  9997
2 38125 100.2149 343.7585 0407820 338.4031  20.0311 13.31328510857280
FENGYUN 1C DEB          
1 38130U 99025EQB 26281.53693492  .00001205  00000+0  10500-2 0  9995
2 38130  98.5870 310.1413 0207058 137.6369 224.0983 13.78244597734118
FENGYUN 1C DEB          
1 38135U 99025EQG 26279.40999175  .00000578  00000+0  20506-3 0  9990
2 38135  98.6223 337.1596 0219266 283.0953  74.5840 14.25965603652824
FENGYUN 1C DEB          
1 38136U 99025EQH 26281.35990186  .00001500  00000+0  10197-2 0  9991
2 38136  98.5586 118.6194 0141229 343.3163  16.3380 13.96766893129658
FENGYUN 1C DEB          
1 38137U 99025EQJ 26279.38578454  .00000247  00000+0  17461-3 0  9991
2 38137  98.8289 320.3428 0044780 314.4601  45.2909 14.06399565678921
FENGYUN 1C DEB          
1 38138U 99025EQK 26278.10471737  .00003808  00000+0  12379-2 0  9995
2 38138  98.8046  25.6534 0037592 174.8332 185.3250 14.39006896680621
FENGYUN 1C DEB          
1 38143U 99025EQQ 26278.38477586  .00000927  00000+0  59025-3 0  9998
2 38143  98.9937 337.3283 0055950 116.5553 244.1364 14.05398934644492
FENGYUN 1C DEB          
1 38144U 99025EQR 26275.19609942  .00000866  00000+0  92385-3 0  9996
2 38144  98.9904  80.5714 0289186 152.6075 209.0654 13.59684488650245
FENGYUN 1C DEB          
1 38146U 99025EQT 26279.63259775  .00002730  00000+0  42786-3 0  9998
2 38146  99.4918  48.2697 0192803 286.9470  83.9717 14.62107740362298
FENGYUN 1C DEB          
1 38147U 99025EQU 26277.85888912  .00000700  00000+0  31853-3 0  9990
2 38147  98.5501 289.0597 0050639 156.0307 204.3245 14.24128595646016
FENGYUN 1C DEB          
1 38148U 99025EQV 26279.54133820  .00001731  00000+0  11422-2 0  9994
2 38148  99.0627  35.1669 0152738  26.6454 334.2457 13.97506903637942
FENGYUN 1C DEB          
1 38149U 99025EQW 26278.69742846  .00000307  00000+0  14089-3 0  9995
2 38149  98.3823 262.7497 0077805  10.2435 350.0310 14.26218554747209
FENGYUN 1C DEB          
1 38155U 99025ERC 26280.52757386  .00004292  00000+0  16568-2 0  9992
2 38155  98.4348 179.4347 0096911 332.5321  27.0757 14.28135372680367
FENGYUN 1C DEB          
1 38157U 99025ERE 26279.64038344  .00001709  00000+0  53843-3 0  9999
2 38157  99.6618 220.3783 0270361 356.9665   2.9860 14.23106024804830
FENGYUN 1C DEB          
1 38158U 99025ERF 26281.85648951  .00000729  00000+0  71882-3 0  9991
2 38158  99.2648 304.0458 0212681  22.8163 338.2268 13.72326096609984
FENGYUN 1C DEB          
1 38159U 99025ERG 26266.95578332  .00000602  00000+0  40630-3 0  9998
2 38159  99.2915 170.1907 0055564 275.7881  83.6951 14.03824178871131
FENGYUN 1C DEB          
1 38163U 99025ERL 26281.38486243  .00000540  00000+0  34365-3 0  9995
2 38163  99.1006 324.8836 0076660 129.1560 231.6452 14.06556429287531
FENGYUN 1C DEB          
1 38166U 99025ERP 26281.78548077  .00004995  00000+0  17479-2 0  9990
2 38166  99.0833  44.2864 0052017 247.9091 111.6564 14.34864060680704
FENGYUN 1C DEB          
1 38168U 99025ERR 26276.06754917  .00002420  00000+0  82397-3 0  9992
2 38168  98.7895  19.3356 0038017 323.9162  35.9459 14.37060876686890
FENGYUN 1C DEB          
1 38169U 99025ERS 26281.85180836  .00009238  00000+0  12181-2 0  9996
2 38169  98.9861 294.5971 0025381 205.9202 154.0737 14.80126359656975
FENGYUN 1C DEB          
1 38172U 99025ERV 26276.15339259  .00000463  00000+0  58183-3 0  9996
2 38172 100.4281  28.8595 0279405 328.4450  30.0188 13.55015712656590
FENGYUN 1C DEB          
1 38173U 99025ERW 26278.04677010  .00002938  00000+0  83188-3 0  9999
2 38173  98.9945 197.3630 0158883 321.1424  37.8425 14.39271231649031
FENGYUN 1C DEB          
1 38491U 99025ESA 26261.23334904  .00000552  00000+0  34729-3 0  9994
2 38491  98.9391 264.6711 0224669 336.6456  22.4624 13.96695371703612
FENGYUN 1C DEB          
1 38492U 99025ESB 26278.43518771  .00003227  00000+0  19228-2 0  9999
2 38492  98.6126 335.8968 0222798  47.1048 314.8583 13.96334587601419
FENGYUN 1C DEB          
1 38493U 99025ESC 26276.58352702  .00000114  00000+0  10850-3 0  9999
2 38493  99.1130 222.3475 0425484 200.0855 158.3097 13.62587667605133
FENGYUN 1C DEB          
1 38494U 99025ESD 26281.26467174  .00002317  00000+0  80658-3 0  9991
2 38494  98.4477 215.5175 0369223 241.9601 114.3769 14.04369862113530
FENGYUN 1C DEB          
1 38495U 99025ESE 26255.23939735  .00001647  00000+0  15306-2 0  9999
2 38495  99.1556 263.7063 0249487 142.5475 219.3351 13.70425779648574
FENGYUN 1C DEB          
1 38496U 99025ESF 26281.26950286  .00000687  00000+0  39765-3 0  9995
2 38496  98.7618 288.4468 0075849 236.9348 122.4523 14.10747562852437
FENGYUN 1C DEB          
1 38498U 99025ESH 26279.81891418  .00000940  00000+0  16542-2 0  9995
2 38498  99.6976 272.7632 0555663 114.0267 252.0009 12.97065398576073
FENGYUN 1C DEB          
1 38499U 99025ESJ 26281.57619192  .00001393  00000+0  12079-2 0  9993
2 38499  98.4006 147.7646 0227964  52.2954 309.8629 13.76398548796838
FENGYUN 1C DEB          
1 38500U 99025ESK 26281.64806973  .00001667  00000+0  13019-2 0  9998
2 38500  98.6459 350.5353 0202889 136.0376 225.7122 13.84244611273623
FENGYUN 1C DEB          
1 38510U 99025ESV 26280.23513034  .00000725  00000+0  38602-3 0  9996
2 38510  98.6032 283.0362 0098032  17.0502 343.3927 14.13941148928879
FENGYUN 1C DEB          
1 38512U 99025ESX 26281.55092634  .00000837  00000+0  76217-3 0  9990
2 38512  98.3538 131.7134 0227881  16.6404 344.2071 13.74666794636881
FENGYUN 1C DEB          
1 38513U 99025ESY 26280.93759132  .00009293  00000+0  72250-3 0  9993
2 38513  97.5973 172.4956 0225035 346.2400  13.2743 14.83589121680839
FENGYUN 1C DEB          
1 38514U 99025ESZ 26280.24089918  .00002248  00000+0  76890-3 0  9993
2 38514  98.0441 287.9357 0249869 217.6235 140.7236 14.21102253922304
FENGYUN 1C DEB          
1 38516U 99025ETB 26277.21091131  .00000173  00000+0  72959-4 0  9996
2 38516  98.4727 259.7954 0109724 328.4495  31.0142 14.34256755891080
FENGYUN 1C DEB          
1 38519U 99025ETE 26275.19618663  .00001459  00000+0  11154-2 0  9995
2 38519  99.5547 262.6493 0170089 341.1134  18.3763 13.88626399888097
FENGYUN 1C DEB          
1 38717U 99025ETJ 26281.58362802  .00001850  00000+0  85367-3 0  9999
2 38717  99.1436 312.3676 0055203 218.8210 294.6749 14.21499885626843
FENGYUN 1C DEB          
1 38722U 99025ETP 26279.14563220  .00010011  00000+0  16053-2 0  9995
2 38722  99.3647  62.0525 0129007 273.6582  84.9873 14.66483575748124
FENGYUN 1C DEB          
1 38724U 99025ETR 26281.81573214  .00005081  00000+0  23048-2 0  9991
2 38724  98.7336 290.4852 0118245 291.5365  67.3241 14.18660689608741
FENGYUN 1C DEB          
1 38725U 99025ETS 26280.59750850  .00004088  00000+0  11289-2 0  9999
2 38725  98.8891  64.4095 0032037  86.9501 273.5355 14.47034103776694
FENGYUN 1C DEB          
1 38727U 99025ETU 26275.77809235  .00001604  00000+0  96506-3 0  9994
2 38727  98.6179 263.2645 0103886 111.8651  11.5944 14.05452542759610
FENGYUN 1C DEB          
1 38728U 99025ETV 26278.91480416  .00003405  00000+0  50492-3 0  9995
2 38728  99.2564 312.6598 0068963 216.6375 268.8998 14.74316952699850
FENGYUN 1C DEB          
1 38783U 99025ETX 26279.44998051  .00004195  00000+0  57978-3 0  9997
2 38783  98.3300   2.0670 0205806 274.5319  83.2402 14.65117645842936
FENGYUN 1C DEB          
1 38789U 99025EUD 26277.52110554  .00000915  00000+0  20633-3 0  9998
2 38789  98.8280 181.7769 0201497 217.6432 318.9611 14.47392152661223
FENGYUN 1C DEB          
1 38795U 99025EUK 26254.18828045  .00000631  00000+0  71715-3 0  9995
2 38795  98.7047 240.8924 0494194 298.5404  56.6821 13.30882081821352
FENGYUN 1C DEB          
1 38797U 99025EUM 26277.42303453  .00000009  00000+0  54680-4 0  9992
2 38797  99.4528 166.7983 0244461 185.6345 174.2035 13.61866323633076
FENGYUN 1C DEB          
1 38798U 99025EUN 26279.49670225  .00000081  00000+0  15483-3 0  9993
2 38798  98.8244   7.6010 0408475  85.8000 278.9686 13.29258150226906
FENGYUN 1C DEB          
1 38799U 99025EUP 26279.49636332  .00003040  00000+0  66000-3 0  9994
2 38799  98.3835 358.9971 0160019 160.4019 200.3422 14.51144988683548
FENGYUN 1C DEB          
1 38801U 99025EUR 26278.40319169  .00001259  00000+0  29509-3 0  9997
2 38801  98.3358 320.7200 0342816 198.2387 175.8872 14.26064678685870
FENGYUN 1C DEB          
1 38803U 99025EUT 26280.01061862  .00002381  00000+0  99892-3 0  9992
2 38803  99.1303 300.9406 0061227 260.5796  98.8457 14.25952170644601
FENGYUN 1C DEB          
1 38809U 99025EUZ 26281.23681811  .00000543  00000+0  22164-3 0  9991
2 38809  98.5866 287.1816 0221345 182.7985 177.1970 14.18867938734520
FENGYUN 1C DEB          
1 38813U 99025EVD 26278.27170513  .00000552  00000+0  27879-3 0  9996
2 38813  99.3445 297.2194 0005847  10.0748 350.0543 14.20707790524601
FENGYUN 1C DEB          
1 38817U 99025EVH 26278.76005612  .00000933  00000+0  10112-2 0  9995
2 38817  98.5757 117.4459 0290549 349.5921   9.9289 13.58499789698668
FENGYUN 1C DEB          
1 38818U 99025EVJ 26281.40243150  .00000586  00000+0  19138-3 0  9994
2 38818  98.2615 332.7701 0085357 276.5141 148.9566 14.40155538715602
FENGYUN 1C DEB          
1 38819U 99025EVK 26277.21555648  .00000466  00000+0  23181-3 0  9997
2 38819  98.6392 267.5545 0080869  62.4385   0.0884 14.19858495676701
FENGYUN 1C DEB          
1 38824U 99025EVQ 26281.89142515  .00002882  00000+0  13999-2 0  9996
2 38824  99.2985  73.3557 0092589  80.8603 280.3031 14.16893809733848
FENGYUN 1C DEB          
1 38827U 99025EVT 26276.84116168  .00001006  00000+0  28997-3 0  9995
2 38827  98.3676 295.6418 0214282 153.8553 207.3643 14.34258823652887
FENGYUN 1C DEB          
1 38829U 99025EVV 26280.27370169  .00000510  00000+0  31266-3 0  9994
2 38829  98.7380 292.6058 0039520 264.8520  94.8140 14.09734196683383
FENGYUN 1C DEB          
1 38832U 99025EVY 26276.93896304  .00001099  00000+0  68472-3 0  9992
2 38832  99.2433 332.1934 0084500 305.9512  53.3837 14.05376783679031
FENGYUN 1C DEB          
1 39536U 99025EWD 26275.87837094  .00000742  00000+0  72820-3 0  9993
2 39536  99.7664 325.8033 0239865 221.7921 136.4688 13.70454548657926
FENGYUN 1C DEB          
1 39537U 99025EWE 26279.16095997  .00001206  00000+0  98035-3 0  9990
2 39537  99.1717  63.0602 0170807 262.9886  95.1817 13.85382457633733
FENGYUN 1C DEB          
1 39540U 99025EWH 26281.35034789  .00001532  00000+0  19385-2 0  9992
2 39540 106.1833 328.9291 0398261 142.6957 291.2390 13.38038803731040
FENGYUN 1C DEB          
1 39541U 99025EWJ 26278.33391989  .00000663  00000+0  31802-3 0  9998
2 39541  98.6494 319.6003 0069562 295.8093  63.5919 14.21033685632142
FENGYUN 1C DEB          
1 39543U 99025EWL 26279.30905719  .00000712  00000+0  56258-3 0  9997
2 39543  99.0185 296.6486 0338028  78.7990 285.0952 13.70758089532619
FENGYUN 1C DEB          
1 39544U 99025EWM 26275.90635253  .00000126  00000+0  10175-3 0  9990
2 39544  98.7024 149.1759 0052962 262.2118  97.3035 14.05881943609880
FENGYUN 1C DEB          
1 40688U 99025EWU 26273.59535757  .00000245  00000+0  24001-3 0  9997
2 40688  99.0066  55.5237 0141039 325.9154  33.3004 13.84080848339543
FENGYUN 1C DEB          
1 40689U 99025EWV 26278.53735138  .00001321  00000+0  11956-2 0  9992
2 40689  99.1165 184.3382 0311264  49.6878 313.1025 13.65564119589332
FENGYUN 1C DEB          
1 40690U 99025EWW 26276.39499740  .00000131  00000+0  12482-3 0  9996
2 40690  99.3892 322.4712 0093498  69.0625 292.0512 13.95981394654865
FENGYUN 1C DEB          
1 40691U 99025EWX 26276.89361985  .00000041  00000+0  64361-4 0  9995
2 40691  99.0257 305.9129 0128054 229.1827 129.8171 13.90068628595364
FENGYUN 1C DEB          
1 40695U 99025EXB 26281.25906152  .00001431  00000+0  22431-3 0  9991
2 40695  99.4650  81.7146 0278370 163.4502 197.6007 14.51978982362111
FENGYUN 1C DEB          
1 40696U 99025EXC 26279.19331240  .00000059  00000+0  72038-4 0  9996
2 40696  98.9865 263.6927 0078614 258.6498 100.5825 13.96876673598329
FENGYUN 1C DEB          
1 40999U 99025EXD 26278.43055300  .00000573  00000+0  37786-3 0  9999
2 40999  99.0962 349.8660 0058072 152.7086 207.7152 14.04986195857264
FENGYUN 1C DEB          
1 41003U 99025EXH 26279.61541329  .00024290  00000+0  24930-2 0  9996
2 41003  98.9682 239.0854 0055136  69.2166 291.4942 14.89261820568318
FENGYUN 1C DEB          
1 41005U 99025EXK 26270.85702073  .00001507  00000+0  84236-3 0  9992
2 41005  98.9362 286.9791 0569673  72.6549 293.6060 13.51680306562855
FENGYUN 1C DEB          
1 41006U 99025EXL 26279.73966408  .00002094  00000+0  16158-2 0  9992
2 41006 102.3681 250.1398 0183831  21.1597 339.7028 13.87038843616180
FENGYUN 1C DEB          
1 41007U 99025EXM 26280.36649706  .00000883  00000+0  71625-3 0  9998
2 41007  99.9406 331.0864 0169117 341.8271  17.6885 13.86701978615363
FENGYUN 1C DEB          
1 41008U 99025EXN 26279.65459924  .00000448  00000+0  27424-3 0  9995
2 41008  99.3583  64.9765 0501364 109.2262 256.3815 13.61559158604981
FENGYUN 1C DEB          
1 41009U 99025EXP 26281.25795413  .00004213  00000+0  97912-3 0  9994
2 41009  99.2029 290.4658 0010211 266.8706  93.1320 14.55509095633385
FENGYUN 1C DEB          
1 41011U 99025EXR 26276.95446017  .00001849  00000+0  31334-3 0  9999
2 41011  99.1323 349.5551 0304096 203.5031 155.2013 14.44648588614172
FENGYUN 1C DEB          
1 41016U 99025EXW 26278.00437506  .00001575  00000+0  77400-3 0  9995
2 41016  98.2469 336.6498 0143577  43.8110 317.4349 14.13676992641937
FENGYUN 1C DEB          
1 41018U 99025EXY 26275.08513308  .00001297  00000+0  14913-2 0  9997
2 41018  99.9446 225.6787 0305796 112.8680 250.5048 13.53152556921417
FENGYUN 1C DEB          
1 41822U 99025EXZ 26280.15076575  .00001697  00000+0  71143-3 0  9997
2 41822  98.7124 349.8436 0053878  75.5390 285.1760 14.26492224516251
FENGYUN 1C DEB          
1 41823U 99025EYA 26281.61734975  .00001684  00000+0  72622-3 0  9994
2 41823  98.6976 347.3134 0054080  80.4794 280.2491 14.25057406516270
FENGYUN 1C DEB          
1 41824U 99025EYB 26281.63404944  .00001802  00000+0  76339-3 0  9998
2 41824  98.7108 348.7715 0056107  79.1068 281.6419 14.25823827516318
FENGYUN 1C DEB          
1 41825U 99025EYC 26281.66632515  .00001899  00000+0  78912-3 0  9994
2 41825  98.7241 354.7039 0053878  71.3268 289.3751 14.26829891516234
FENGYUN 1C DEB          
1 41826U 99025EYD 26281.41824773  .00001553  00000+0  66795-3 0  9990
2 41826  98.7130 350.1682 0054613  76.6593 284.0668 14.25277155516275
FENGYUN 1C DEB          
1 41827U 99025EYE 26281.64957037  .00002049  00000+0  84516-3 0  9998
2 41827  98.7252 354.9788 0056277  65.9002 294.8051 14.27050423516065
FENGYUN 1C DEB          
1 41828U 99025EYF 26281.87955623  .00011211  00000+0  22808-2 0  9999
2 41828  98.9196  76.0184 0031402 340.5605  19.4393 14.60937337518349
FENGYUN 1C DEB          
1 41829U 99025EYG 26281.65966700  .00001879  00000+0  78065-3 0  9990
2 41829  98.7272 354.9717 0054567  69.0965 291.6045 14.26835136515826
FENGYUN 1C DEB          
1 41830U 99025EYH 26281.18226308  .00001790  00000+0  72381-3 0  9990
2 41830  98.7370 358.2764 0052061  67.2176 293.4494 14.28354448515469
FENGYUN 1C DEB          
1 41831U 99025EYJ 26280.72667082  .00001783  00000+0  74936-3 0  9998
2 41831  98.7152 351.0309 0054775  75.1100 285.6137 14.26277422515194
FENGYUN 1C DEB          
1 41832U 99025EYK 26281.13820856  .00001694  00000+0  71836-3 0  9992
2 41832  98.7088 348.2487 0054360  78.3803 282.3472 14.25910150516157
FENGYUN 1C DEB          
1 41833U 99025EYL 26281.65118126  .00002012  00000+0  82152-3 0  9998
2 41833  98.7310 355.8199 0052543  73.2670 287.4268 14.27705898516418
FENGYUN 1C DEB          
1 43213U 99025EYM 26277.91837004  .00001722  00000+0  73670-3 0  9991
2 43213  98.7147 345.4084 0054199  90.4475 270.2915 14.25440967445906
FENGYUN 1C DEB          
1 43214U 99025EYN 26280.11627694  .00001710  00000+0  72682-3 0  9999
2 43214  98.7164 348.1039 0054079  83.4189 277.3143 14.25765430446533
FENGYUN 1C DEB          
1 43358U 99025EYP 26281.68014289  .00000737  00000+0  94206-3 0  9995
2 43358  98.6926   5.1180 0364708 164.3226 196.9563 13.41065523577505
FENGYUN 1C DEB          
1 43359U 99025EYQ 26281.70353365  .00003197  00000+0  13291-2 0  9997
2 43359  99.0473  15.7078 0073966 231.1555 128.3007 14.25673280520207
FENGYUN 1C DEB          
1 45526U 99025EYR 26281.16430773  .00002049  00000+0  83222-3 0  9991
2 45526  98.7475 358.5549 0052228  73.6237 287.0677 14.27948613476470
FENGYUN 1C DEB          
1 45527U 99025EYS 26281.64189254  .00001861  00000+0  78319-3 0  9992
2 45527  98.7195 351.8177 0053711  77.4086 283.3094 14.26196237438527
FENGYUN 1C DEB          
1 46439U 99025EYU 26269.19332588  .00000422  00000+0  19364-3 0  9998
2 46439  98.5525 252.3531 0119155 291.8596  66.9945 14.22649383644505
FENGYUN 1C DEB          
1 46440U 99025EYV 26279.89158764  .00000381  00000+0  16911-3 0  9999
2 46440  98.5685 303.2496 0174636 352.3676 130.8916 14.20715283666028
FENGYUN 1C DEB          
1 46443U 99025EYY 26281.69964988  .00001895  00000+0  10046-2 0  9999
2 46443  99.2005   1.4077 0097324 234.7334 279.5256 14.12518302638288
FENGYUN 1C DEB          
1 46444U 99025EYZ 26274.23708657  .00000717  00000+0  29623-3 0  9995
2 46444  98.5207 273.8419 0083321  14.5172  46.5339 14.27832646667558
FENGYUN 1C DEB          
1 46447U 99025EZC 26271.80928717  .00000591  00000+0  20436-3 0  9992
2 46447  98.4753 264.4967 0161220 284.8314  73.5061 14.32510836833743
FENGYUN 1C DEB          
1 46448U 99025EZD 26277.99686465  .00002601  00000+0  11235-2 0  9990
2 46448  99.0662 352.4174 0062622 332.1740  27.6093 14.24312968661813
FENGYUN 1C DEB          
1 46449U 99025EZE 26273.53943662  .00000489  00000+0  20524-3 0  9996
2 46449  98.6139 305.6091 0203104 148.0170 213.3525 14.19680598617769
FENGYUN 1C DEB          
1 46450U 99025EZF 26277.28247650  .00001676  00000+0  91388-3 0  9993
2 46450  98.0636 106.5824 0179169 296.3389  61.9478 14.05469766652682
FENGYUN 1C DEB          
1 46451U 99025EZG 26281.23632036  .00004348  00000+0  16670-2 0  9999
2 46451  98.1476 283.0243 0165185  26.0160  32.6825 14.23759206612644
FENGYUN 1C DEB          
1 46468U 99025EZK 26281.48167076  .00002217  00000+0  92364-3 0  9999
2 46468  98.8809  18.2029 0043757  86.1564 334.9565 14.26815214780880
FENGYUN 1C DEB          
1 46986U 99025EZL 26276.80306469  .00000742  00000+0  19823-3 0  9995
2 46986  98.2153 297.5674 0104502  31.4792 329.2598 14.48020072676691
FENGYUN 1C DEB          
1 46987U 99025EZM 26281.19807228  .00004894  00000+0  12941-2 0  9998
2 46987  98.9192  72.2723 0031466 167.6495 192.5475 14.49029366616724
FENGYUN 1C DEB          
1 46989U 99025EZP 26276.26097633  .00002217  00000+0  17076-2 0  9994
2 46989  99.5262  85.3757 0234236 282.1756 257.1119 13.82087002751074
FENGYUN 1C DEB          
1 46990U 99025EZQ 26279.77710712  .00013970  00000+0  28336-2 0  9994
2 46990  98.2131 112.7605 0327004 255.2111 165.8867 14.32656501127867
FENGYUN 1C DEB          
1 46992U 99025EZS 26271.23455278  .00000188  00000+0  15049-3 0  9997
2 46992  98.9583 256.5102 0072549  77.4623 283.4645 14.01044488650109
FENGYUN 1C DEB          
1 46993U 99025EZT 26277.51389097  .00000293  00000+0  30080-3 0  9999
2 46993  98.7393  13.7064 0262357 235.9720 182.2226 13.69403475643059
FENGYUN 1C DEB          
1 46995U 99025EZV 26281.62780201  .00001340  00000+0  10194-2 0  9997
2 46995  98.5890 344.6576 0181529  16.1374 344.5464 13.87815870646269
FENGYUN 1C DEB          
1 46997U 99025EZX 26278.38398958  .00001409  00000+0  56874-3 0  9994
2 46997  98.5347 317.7145 0025885 181.7601 191.7293 14.29278839666871
FENGYUN 1C DEB          
1 47001U 99025FAB 26276.50478337  .00002314  00000+0  72759-3 0  9999
2 47001  99.2861   4.3556 0049599 265.7166  93.8352 14.40838170781564
FENGYUN 1C DEB          
1 47003U 99025FAD 26274.55626431  .00000288  00000+0  40713-3 0  9997
2 47003  98.8512 176.3309 0334487  41.4602 321.1399 13.42978479692362
FENGYUN 1C DEB          
1 47005U 99025FAF 26279.60454598  .00002778  00000+0  14803-2 0  9999
2 47005  99.6017  34.5041 0062845 139.7038 235.1929 14.13266882869727
FENGYUN 1C DEB          
1 47006U 99025FAG 26267.43192448  .00000126  00000+0  11591-3 0  9998
2 47006  99.1626 330.8657 0082021  14.2763 346.0691 13.98505336867609
FENGYUN 1C DEB          
1 47007U 99025FAH 26273.80808964  .00001872  00000+0  10440-2 0  9994
2 47007  98.1872 110.3332 0231499 309.9789  48.1251 13.99332703829315
FENGYUN 1C DEB          
1 47009U 99025FAK 26279.13881740  .00000028  00000+0  90006-4 0  9991
2 47009  98.9759 232.9808 0351481 238.1960 118.4494 13.37443579627846
FENGYUN 1C DEB          
1 47012U 99025FAN 26281.39879151  .00000360  00000+0  36003-3 0  9994
2 47012  98.7177 141.2850 0163117 339.4443  20.0198 13.78166099587005
FENGYUN 1C DEB          
1 47015U 99025FAR 26279.49228544  .00006278  00000+0  49061-3 0  9991
2 47015  98.6837  10.7198 0161895 231.8746 126.7784 14.91697953688154
FENGYUN 1C DEB          
1 47018U 99025FAU 26281.27808943  .00009415  00000+0  18273-2 0  9996
2 47018  98.9111  32.5005 0018694 167.7882 221.8632 14.63333577826825
FENGYUN 1C DEB          
1 47025U 99025FBB 26281.87048933  .00004003  00000+0  10427-2 0  9996
2 47025  99.0163 153.8564 0035490 179.8106 239.0968 14.49792206670861
FENGYUN 1C DEB          
1 47029U 99025FBF 26274.42304199  .00018917  00000+0  85726-3 0  9996
2 47029  98.9236 328.8136 0091652 103.1015 258.0462 15.17162330 74889
FENGYUN 1C DEB          
1 47036U 99025FBN 26278.38498126  .00000122  00000+0  83176-4 0  9994
2 47036  98.6838 319.6118 0067071 330.1770  42.0236 14.15324599641231
FENGYUN 1C DEB          
1 47040U 99025FBS 26279.57298895  .00000487  00000+0  31929-3 0  9994
2 47040 100.3066 232.1313 0062770 154.7348 205.6908 14.06916255932960
FENGYUN 1C DEB          
1 47041U 99025FBT 26281.42629824  .00055321  00000+0  15952-2 0  9996
2 47041  98.2207 340.3966 0007958 227.1403 132.9171 15.35493769757426
FENGYUN 1C DEB          
1 47042U 99025FBU 26280.97897082  .00000251  00000+0  13019-3 0  9994
2 47042  98.9796 189.7211 0053163 255.2056 165.4021 14.23125059667773
FENGYUN 1C DEB          
1 47100U 99025FBY 26281.52261355  .00004332  00000+0  96184-3 0  9997
2 47100  99.0097 129.1348 0081527 169.2751 191.0207 14.55588289311246
FENGYUN 1C DEB          
1 47101U 99025FBZ 26281.38168608  .00004221  00000+0  18040-2 0  9990
2 47101  98.8185 346.4110 0103766 276.0354  82.9007 14.22650442389166
FENGYUN 1C DEB          
1 47102U 99025FCA 26270.29036083  .00001487  00000+0  69501-3 0  9990
2 47102  98.4476 199.8243 0115917 298.4304 214.4409 14.18292943660294
FENGYUN 1C DEB          
1 47104U 99025FCC 26275.33835449  .00000178  00000+0  10474-3 0  9996
2 47104  98.8796 311.0906 0040080 214.0853 145.7748 14.19660755665388
FENGYUN 1C DEB          
1 48518U 99025FCG 26281.38090941  .00002397  00000+0  12454-2 0  9992
2 48518  99.2678 256.8116 0129890 343.4271  16.2672 14.11475060643940
FENGYUN 1C DEB          
1 49389U 99025FCJ 26262.28230283  .00002006  00000+0  12521-2 0  9994
2 49389  98.7248  84.9872 0134498 127.4246 233.9249 14.01461741267765
