ONEWEB-0012             
1 44057U 19010A   26278.29677250 -.00000029  00000+0 -11014-3 0  9996
2 44057  87.9168 206.9283 0002435  71.8635 288.2761 13.16595188366056
ONEWEB-0010             
1 44058U 19010B   26278.24611587  .00000135  00000+0  31839-3 0  9996
2 44058  87.9176 206.9401 0001605  71.7371 288.3934 13.16594143366099
ONEWEB-0008             
1 44059U 19010C   26278.27144661  .00000037  00000+0  63937-4 0  9990
2 44059  87.9181 206.9297 0002111  84.3479 275.7893 13.16595096366217
ONEWEB-0007             
1 44060U 19010D   26277.86159414  .00000021  00000+0  22218-4 0  9998
2 44060  87.9009 237.3523 0001975  71.6653 288.4692 13.15549012365794
ONEWEB-0006             
1 44061U 19010E   26278.24584270  .00000045  00000+0  84221-4 0  9992
2 44061  87.9021 237.2514 0001832  82.0657 278.0681 13.15548244365890
ONEWEB-0011             
1 44062U 19010F   26278.29022299 -.00000011  00000+0 -63731-4 0  9994
2 44062  87.9028 237.2539 0001898  87.9505 272.1843 13.15548733365891
ONEWEB-0013             
1 45131U 20008A   26278.27780140 -.00000419  00000+0 -12528-2 0  9993
2 45131  87.8593  30.6124 0002583  88.8342 271.3080 13.09467177320475
ONEWEB-0017             
1 45132U 20008B   26278.25999957  .00000726  00000+0  20444-2 0  9995
2 45132  87.8920  14.3665 0001662 106.5854 253.5456 13.10373746322361
ONEWEB-0020             
1 45133U 20008C   26278.30580300 -.00000534  00000+0 -15659-2 0  9991
2 45133  87.8914  14.3583 0001774 102.3719 257.7607 13.10374396322762
ONEWEB-0021             
1 45134U 20008D   26278.24471095  .00000250  00000+0  67888-3 0  9990
2 45134  87.8915  14.3797 0001752  98.6328 261.4998 13.10377461323065
ONEWEB-0023             
1 45136U 20008F   26278.25576169  .00000668  00000+0  18776-2 0  9995
2 45136  87.8915  14.3667 0001956 104.6239 255.5105 13.10373312322499
ONEWEB-0024             
1 45137U 20008G   26278.30423301 -.00000086  00000+0 -28363-3 0  9991
2 45137  87.8931  14.3572 0001736 101.7502 258.3820 13.10372968322660
ONEWEB-0025             
1 45138U 20008H   26278.30395066 -.00000696  00000+0 -20292-2 0  9997
2 45138  87.8930  14.3461 0001859 117.1544 242.9774 13.10374140322997
ONEWEB-0026             
1 45139U 20008J   26278.25493709 -.00000483  00000+0 -13985-2 0  9990
2 45139  87.8965 359.1957 0001679 103.7585 256.3730 13.11417264325532
ONEWEB-0028             
1 45140U 20008K   26278.22924980  .00000397  00000+0  10854-2 0  9993
2 45140  87.8958 359.2033 0002292  93.6084 266.5307 13.11415128323049
ONEWEB-0032             
1 45141U 20008L   26278.26182969  .00000699  00000+0  19668-2 0  9998
2 45141  87.8920  14.3684 0002255  98.3013 261.8371 13.10372168322710
ONEWEB-0033             
1 45142U 20008M   26278.31258502 -.00000202  00000+0 -61528-3 0  9997
2 45142  87.8915  14.3602 0001281 107.3812 252.7456 13.10376405322633
ONEWEB-0035             
1 45143U 20008N   26278.25674814  .00000674  00000+0  18941-2 0  9990
2 45143  87.8922  14.3673 0001666 100.3348 259.7967 13.10372616322357
ONEWEB-0036             
1 45144U 20008P   26278.31075234 -.00000346  00000+0 -10269-2 0  9992
2 45144  87.8939  14.3868 0001948 101.8869 258.2477 13.10375016322783
ONEWEB-0038             
1 45145U 20008Q   26278.26510899 -.00000396  00000+0 -11521-2 0  9995
2 45145  87.8982 359.2171 0001782  46.0090 314.1184 13.11419016324758
ONEWEB-0039             
1 45146U 20008R   26278.16325539 -.00000060  00000+0 -20913-3 0  9994
2 45146  87.8924  14.3856 0002222  93.3568 266.7814 13.10377348322568
ONEWEB-0040             
1 45147U 20008S   26278.30919225 -.00000398  00000+0 -11762-2 0  9997
2 45147  87.8911  14.3613 0002072 106.9284 253.2071 13.10375037322283
ONEWEB-0043             
1 45149U 20008U   26278.31105184 -.00002157  00000+0 -62167-2 0  9991
2 45149  87.8924  14.3596 0002194  93.7714 266.3665 13.10358783322604
ONEWEB-0044             
1 45150U 20008V   26278.26339174  .00000721  00000+0  20279-2 0  9996
2 45150  87.8912  14.3668 0001952 102.3320 257.8026 13.10373393322895
ONEWEB-0045             
1 45151U 20008W   26278.25988856 -.00000445  00000+0 -12907-2 0  9997
2 45151  87.8972 359.1933 0001874  98.1022 262.0319 13.11418240324832
ONEWEB-0047             
1 45152U 20008X   26278.25646405  .00000708  00000+0  19919-2 0  9999
2 45152  87.8929  14.3725 0001571  99.1066 261.0239 13.10373333322613
ONEWEB-0048             
1 45153U 20008Y   26278.25151395  .00000539  00000+0  15069-2 0  9993
2 45153  87.8915  14.3831 0001754  97.2357 262.8970 13.10375053322221
ONEWEB-0049             
1 45154U 20008Z   26278.25477242  .00000623  00000+0  17471-2 0  9999
2 45154  87.8915  14.3720 0002118 109.5859 250.5497 13.10373568322449
ONEWEB-0051             
1 45155U 20008AA  26278.25818462 -.00000497  00000+0 -14392-2 0  9993
2 45155  87.8970 359.1964 0001823 102.1569 257.9763 13.11418368325517
ONEWEB-0052             
1 45156U 20008AB  26278.27539571  .00000259  00000+0  70699-3 0  9994
2 45156  87.8920  14.3616 0002145 106.0977 254.0387 13.10369048322359
ONEWEB-0053             
1 45157U 20008AC  26278.30748953 -.00000430  00000+0 -12670-2 0  9992
2 45157  87.8912  14.3683 0002235  98.9975 261.1405 13.10375850322338
ONEWEB-0054             
1 45158U 20008AD  26278.26678802  .00000612  00000+0  17179-2 0  9992
2 45158  87.8908  14.3654 0001806 104.3176 255.8152 13.10370892322442
ONEWEB-0056             
1 45159U 20008AE  26278.23778923 -.00000151  00000+0 -46919-3 0  9990
2 45159  87.8931  14.3703 0001749 110.8572 249.2743 13.10375903322599
ONEWEB-0057             
1 45160U 20008AF  26278.25503788  .00000687  00000+0  19302-2 0  9996
2 45160  87.8925  14.3759 0002315 101.8657 258.2730 13.10375772322768
ONEWEB-0058             
1 45161U 20008AG  26278.24147033  .00000055  00000+0  12200-3 0  9993
2 45161  87.8912  14.3744 0001532  97.2411 262.8891 13.10376758322837
ONEWEB-0059             
1 45162U 20008AH  26278.23806601 -.00000189  00000+0 -57907-3 0  9999
2 45162  87.8923  14.3790 0002162  98.1099 262.0274 13.10376046322739
ONEWEB-0062             
1 45163U 20008AJ  26278.26155904  .00000636  00000+0  17854-2 0  9997
2 45163  87.8924  14.3684 0001448 102.7212 257.4078 13.10373245322602
ONEWEB-0065             
1 45164U 20008AK  26278.29547128 -.00000578  00000+0 -16934-2 0  9999
2 45164  87.8923  14.3698 0002054 107.1318 253.0034 13.10372903322308
ONEWEB-0066             
1 45424U 20020A   26278.24294242 -.00000187  00000+0 -56407-3 0  9999
2 45424  87.8964 359.1990 0001783  96.8578 263.2753 13.11415469317106
ONEWEB-0067             
1 45425U 20020B   26278.28003169  .00000796  00000+0  22106-2 0  9992
2 45425  87.8989 359.1367 0002453 104.9397 255.2003 13.11434338317168
ONEWEB-0080             
1 45426U 20020C   26278.28039600  .00000280  00000+0  75371-3 0  9993
2 45426  87.8976 359.2015 0001501 102.5221 257.6075 13.11417825317133
ONEWEB-0090             
1 45427U 20020D   26278.23289561  .00000233  00000+0  62112-3 0  9999
2 45427  87.8974 359.2137 0001743 102.3356 257.7967 13.11416916317098
ONEWEB-0061             
1 45428U 20020E   26278.26484143 -.00000406  00000+0 -11820-2 0  9999
2 45428  87.8972 359.1883 0001787 100.6092 259.5237 13.11418144317051
ONEWEB-0081             
1 45429U 20020F   26278.24632879 -.00000374  00000+0 -10913-2 0  9995
2 45429  87.8969 359.1998 0002033  99.8820 260.2538 13.11415445317164
ONEWEB-0069             
1 45430U 20020G   26278.24816072 -.00000372  00000+0 -10845-2 0  9998
2 45430  87.8974 359.2048 0001872  94.7818 265.3524 13.11416519317096
ONEWEB-0031             
1 45431U 20020H   26278.28362420  .00000400  00000+0  10929-2 0  9999
2 45431  87.8961 359.1923 0001637 102.9848 257.1463 13.11419581317080
ONEWEB-0027             
1 45432U 20020J   26278.21659218  .00000067  00000+0  13977-3 0  9993
2 45432  87.9185 344.0225 0001705 111.2085 248.9229 13.17649324320842
ONEWEB-0064             
1 45433U 20020K   26278.28193254  .00000226  00000+0  60269-3 0  9997
2 45433  87.8969 359.1907 0001674 105.0594 255.0720 13.11419432317117
ONEWEB-0018             
1 45434U 20020L   26278.23770386  .00000066  00000+0  15129-3 0  9997
2 45434  87.8968 359.1998 0001831  88.0134 272.1204 13.11416620317058
ONEWEB-0083             
1 45435U 20020M   26278.30413253  .00000406  00000+0  11107-2 0  9992
2 45435  87.8975 359.1860 0001747 100.8847 259.2477 13.11415198317108
ONEWEB-0095             
1 45436U 20020N   26278.21933345  .00000598  00000+0  16514-2 0  9991
2 45436  87.8962 359.2041 0002107 120.0555 240.0782 13.11418145317098
ONEWEB-0092             
1 45437U 20020P   26278.24984384 -.00000458  00000+0 -13275-2 0  9992
2 45437  87.8974 359.1957 0001730  94.0834 266.0492 13.11416585317214
ONEWEB-0085             
1 45438U 20020Q   26278.30384665  .00000468  00000+0  12852-2 0  9995
2 45438  87.8968 359.1862 0001813 101.7520 258.3812 13.11415823317105
ONEWEB-0096             
1 45439U 20020R   26278.22952443  .00000400  00000+0  10921-2 0  9993
2 45439  87.8969 359.2010 0001825 105.2715 254.8615 13.11415516317089
ONEWEB-0037             
1 45440U 20020S   26278.25467087 -.00000492  00000+0 -14250-2 0  9995
2 45440  87.8982 359.1760 0001857 106.8899 253.2433 13.11417026317126
ONEWEB-0042             
1 45441U 20020T   26278.29536552  .00000584  00000+0  16128-2 0  9990
2 45441  87.8970 359.1842 0001945 100.1233 260.0115 13.11418031317098
ONEWEB-0098             
1 45442U 20020U   26278.29126522  .00000575  00000+0  15854-2 0  9998
2 45442  87.8958 359.1902 0001765 101.0833 259.0494 13.11416425317079
ONEWEB-0055             
1 45443U 20020V   26278.26993493 -.00000190  00000+0 -57306-3 0  9999
2 45443  87.8976 359.1992 0001870 102.9150 257.2187 13.11418826317041
ONEWEB-0093             
1 45444U 20020W   26278.26313714 -.00000399  00000+0 -11613-2 0  9993
2 45444  87.8973 359.1996 0001971  93.5134 266.6220 13.11418875317105
ONEWEB-0029             
1 45445U 20020X   26278.27700270  .00000110  00000+0  27427-3 0  9992
2 45445  87.8968 359.1913 0001954  94.6287 265.5065 13.11418989317089
ONEWEB-0068             
1 45446U 20020Y   26278.24958708 -.00000397  00000+0 -11570-2 0  9991
2 45446  87.8969 359.1987 0001917  95.7990 264.3357 13.11415990317028
ONEWEB-0046             
1 45447U 20020Z   26278.24124785 -.00000093  00000+0 -29812-3 0  9994
2 45447  87.8966 359.1998 0002099 101.1112 259.0252 13.11415459317034
ONEWEB-0063             
1 45448U 20020AA  26278.27019662 -.00000238  00000+0 -70786-3 0  9992
2 45448  87.8974 359.2022 0002032 107.9660 252.1689 13.11419291317128
ONEWEB-0019             
1 45449U 20020AB  26278.30893485  .00000282  00000+0  76101-3 0  9994
2 45449  87.8969 359.1751 0001595 101.0662 259.0646 13.11414874316974
ONEWEB-0094             
1 45450U 20020AC  26278.23446385 -.00000006  00000+0 -49059-4 0  9990
2 45450  87.9192 344.0100 0001769  92.3855 267.7479 13.17649087320804
ONEWEB-0087             
1 45451U 20020AD  26278.28006549  .00002587  00000+0  72565-2 0  9990
2 45451  87.8971 359.1776 0002009 110.8407 249.2937 13.11462900317016
ONEWEB-0082             
1 45452U 20020AE  26278.27671365  .00000100  00000+0  24579-3 0  9996
2 45452  87.8975 359.1909 0002196  92.8320 267.3059 13.11419508317101
ONEWEB-0050             
1 45453U 20020AF  26278.24477416  .00001665  00000+0  16776-3 0  9992
2 45453  88.9366 218.2747 0001765 350.1305   9.9889 14.90680057356771
ONEWEB-0034             
1 45454U 20020AG  26278.23800201 -.00000010  00000+0 -63808-4 0  9998
2 45454  87.8972 359.2085 0001861 101.3326 258.8011 13.11414819317019
ONEWEB-0060             
1 45455U 20020AH  26278.26921519 -.00000301  00000+0 -88521-3 0  9999
2 45455  87.8969 359.1930 0002094  72.8658 287.2700 13.11418118316974
ONEWEB-0086             
1 45456U 20020AJ  26278.24788717 -.00000353  00000+0 -10321-2 0  9998
2 45456  87.8977 359.2006 0001472  77.8337 282.2956 13.11416480317033
ONEWEB-0088             
1 45457U 20020AK  26278.22599714  .00000528  00000+0  14543-2 0  9996
2 45457  87.8978 359.1844 0002229 104.8018 255.3357 13.11416059316961
ONEWEB-0102             
1 47258U 20100A   26278.14420066  .00000338  00000+0  90391-3 0  9995
2 47258  87.8951 328.8401 0001680  93.4357 266.6964 13.12442860279152
ONEWEB-0109             
1 47259U 20100B   26278.15263528  .00000004  00000+0 -24669-4 0  9992
2 47259  87.8958 328.8318 0001751 101.2797 258.8529 13.12444041278985
ONEWEB-0110             
1 47260U 20100C   26278.17977527 -.00000337  00000+0 -97253-3 0  9995
2 47260  87.8959 328.8104 0001748  88.5741 271.5588 13.12444259279151
ONEWEB-0111             
1 47261U 20100D   26278.13404866  .00000434  00000+0  11705-2 0  9996
2 47261  87.8950 328.8361 0001906  94.3861 265.7485 13.12443375278981
ONEWEB-0114             
1 47262U 20100E   26278.16452548 -.00000295  00000+0 -85636-3 0  9992
2 47262  87.8953 328.8302 0001627 103.9697 256.1612 13.12441850278942
ONEWEB-0117             
1 47263U 20100F   26278.15606453 -.00000098  00000+0 -30842-3 0  9998
2 47263  87.8957 328.8207 0001884  96.3454 263.7889 13.12442461278952
ONEWEB-0118             
1 47264U 20100G   26278.18995464 -.00000046  00000+0 -16221-3 0  9993
2 47264  87.8956 328.8169 0002044 106.0545 254.0808 13.12443040279159
ONEWEB-0119             
1 47265U 20100H   26278.13912448  .00000411  00000+0  11084-2 0  9995
2 47265  87.8947 328.8337 0001841  97.9148 262.2190 13.12442797279128
ONEWEB-0120             
1 47266U 20100J   26278.16296078 -.00000283  00000+0 -82082-3 0  9999
2 47266  87.8947 328.8309 0001705 101.9789 258.1531 13.12442832279150
ONEWEB-0121             
1 47267U 20100K   26278.15097489  .00000128  00000+0  32176-3 0  9999
2 47267  87.8958 328.8300 0002054  90.1872 269.9492 13.12442802279067
ONEWEB-0122             
1 47268U 20100L   26278.14505441  .00000258  00000+0  68098-3 0  9997
2 47268  87.8953 328.8343 0001681  97.3667 262.7653 13.12442250278972
ONEWEB-0123             
1 47269U 20100M   26278.14080346  .00000375  00000+0  10058-2 0  9992
2 47269  87.8954 328.8340 0001930 100.2538 259.8808 13.12443645279114
ONEWEB-0124             
1 47270U 20100N   26278.20689134  .00000451  00000+0  12186-2 0  9990
2 47270  87.8947 328.8211 0001785  89.8553 270.2780 13.12443997279006
ONEWEB-0125             
1 47271U 20100P   26278.18486433 -.00000192  00000+0 -56924-3 0  9998
2 47271  87.8959 328.8218 0002177  96.4521 263.6855 13.12444259279069
ONEWEB-0126             
1 47272U 20100Q   26278.20533333  .00000428  00000+0  11555-2 0  9994
2 47272  87.8952 328.8258 0001786 100.9776 259.1554 13.12443633279134
ONEWEB-0127             
1 47273U 20100R   26278.17129715 -.00000429  00000+0 -12288-2 0  9993
2 47273  87.8958 328.8275 0001761 100.1938 259.9389 13.12444197279157
ONEWEB-0128             
1 47274U 20100S   26278.19331701  .00000066  00000+0  14920-3 0  9997
2 47274  87.8947 328.8354 0001742  88.4759 271.6569 13.12445302279174
ONEWEB-0129             
1 47275U 20100T   26278.17299521 -.00000381  00000+0 -10936-2 0  9993
2 47275  87.8958 328.8246 0001423 134.5696 225.5549 13.12443882279106
ONEWEB-0130             
1 47276U 20100U   26278.20011216  .00000274  00000+0  72658-3 0  9990
2 47276  87.8958 328.8157 0001817  97.0649 263.0687 13.12443487279073
ONEWEB-0131             
1 47277U 20100V   26278.19672588  .00000210  00000+0  54766-3 0  9994
2 47277  87.8947 328.8226 0001790  93.6874 266.4459 13.12443947279111
ONEWEB-0132             
1 47278U 20100W   26278.14929419  .00000176  00000+0  45440-3 0  9998
2 47278  87.8949 328.8369 0001925  96.1208 264.0140 13.12442296279006
ONEWEB-0133             
1 47279U 20100X   26278.16608834 -.00000310  00000+0 -89594-3 0  9996
2 47279  87.8962 328.8219 0001812  93.3135 266.8201 13.12442981279165
ONEWEB-0134             
1 47280U 20100Y   26278.13573385  .00000427  00000+0  11516-2 0  9992
2 47280  87.8963 328.8251 0001591  96.2456 263.8853 13.12443552279138
ONEWEB-0135             
1 47281U 20100Z   26278.18317338 -.00000239  00000+0 -69967-3 0  9999
2 47281  87.8952 328.8252 0001611  92.2542 267.8771 13.12443282279169
ONEWEB-0136             
1 47282U 20100AA  26278.20180219  .00000336  00000+0  89856-3 0  9994
2 47282  87.8957 328.8110 0001521  97.1689 262.9612 13.12442183279095
ONEWEB-0137             
1 47283U 20100AB  26278.15944787 -.00000188  00000+0 -55770-3 0  9992
2 47283  87.8951 328.8326 0001984  99.6860 260.4493 13.12442197278993
ONEWEB-0138             
1 47284U 20100AC  26278.21365959  .00000439  00000+0  11852-2 0  9997
2 47284  87.8952 328.8234 0001626  98.9354 261.1959 13.12443507279088
ONEWEB-0139             
1 47285U 20100AD  26278.17822913 -.00000374  00000+0 -10749-2 0  9995
2 47285  87.8957 328.8175 0001825  98.4975 261.6361 13.12443554279155
ONEWEB-0140             
1 47286U 20100AE  26278.20858013  .00000405  00000+0  10906-2 0  9998
2 47286  87.8958 328.8044 0001863  93.6416 266.4926 13.12443106279121
ONEWEB-0141             
1 47287U 20100AF  26278.10170961 -.00000372  00000+0 -10691-2 0  9993
2 47287  87.8958 328.8297 0002067 103.7699 256.3660 13.12443513279096
ONEWEB-0142             
1 47288U 20100AG  26278.16634875 -.00000411  00000+0 -11784-2 0  9997
2 47288  87.8953 328.8319 0001728 111.3693 248.7620 13.12442029279091
ONEWEB-0143             
1 47289U 20100AH  26278.10013704 -.00000343  00000+0 -98821-3 0  9996
2 47289  87.8963 328.8451 0001877 102.0516 258.0823 13.12445314279062
ONEWEB-0144             
1 47290U 20100AJ  26278.14758828  .00000233  00000+0  61309-3 0  9992
2 47290  87.8961 328.8190 0001548 105.1078 255.0222 13.12442780278999
ONEWEB-0145             
1 47291U 20100AK  26278.19502677  .00000131  00000+0  32842-3 0  9994
2 47291  87.8950 328.8253 0001695 101.1146 259.0174 13.12443545279196
ONEWEB-0146             
1 47292U 20100AL  26278.19164839  .00000039  00000+0  73564-4 0  9993
2 47292  87.8953 328.8248 0002061  89.0683 271.0682 13.12444270279107
ONEWEB-0147             
1 47293U 20100AM  26278.15776014 -.00000158  00000+0 -47554-3 0  9997
2 47293  87.8960 328.8158 0001726  94.1281 266.0045 13.12441932278999
ONEWEB-0115             
1 48042U 21025A   26278.10000414 -.00000144  00000+0 -43037-3 0  9993
2 48042  87.8901 298.3481 0001870  90.4285 269.7058 13.13469147268026
ONEWEB-0152             
1 48043U 21025B   26278.11354257  .00000166  00000+0  42054-3 0  9992
2 48043  87.8895 298.3464 0002002  92.0232 268.1127 13.13469976267982
ONEWEB-0153             
1 48044U 21025C   26278.09152243 -.00000282  00000+0 -80613-3 0  9995
2 48044  87.8898 298.3491 0001838  95.1982 264.9357 13.13470740267977
ONEWEB-0154             
1 48045U 21025D   26278.08812771 -.00000321  00000+0 -91331-3 0  9997
2 48045  87.8895 298.3507 0001839  92.1321 268.0019 13.13471066267936
ONEWEB-0116             
1 48046U 21025E   26278.05089700  .00000330  00000+0  86810-3 0  9997
2 48046  87.8899 298.3565 0001886  89.0886 271.0459 13.13470088268079
ONEWEB-0150             
1 48047U 21025F   26278.10337489 -.00000078  00000+0 -24830-3 0  9999
2 48047  87.8899 298.3444 0001994  96.6647 263.4709 13.13470879267974
ONEWEB-0107             
1 48048U 21025G   26278.10506488 -.00000023  00000+0 -97854-4 0  9994
2 48048  87.8897 298.3394 0001784  98.0022 262.1310 13.13471230267951
ONEWEB-0101             
1 48049U 21025H   26278.06782037  .00000054  00000+0  11344-3 0  9997
2 48049  87.8896 298.3517 0001679  93.1369 266.9952 13.13470314267924
ONEWEB-0113             
1 48050U 21025J   26278.05695301  .00000214  00000+0  54771-3 0  9994
2 48050  87.8888 298.2505 0002007  95.4534 264.6824 13.13891864268031
ONEWEB-0112             
1 48051U 21025K   26278.11015037  .00000053  00000+0  11079-3 0  9999
2 48051  87.8898 298.3368 0001600  94.8767 265.2545 13.13470112268025
ONEWEB-0156             
1 48052U 21025L   26278.04243737  .00000279  00000+0  72975-3 0  9994
2 48052  87.8900 298.3597 0001859  96.9291 263.2049 13.13469619267997
ONEWEB-0161             
1 48053U 21025M   26278.09322318 -.00000248  00000+0 -71383-3 0  9993
2 48053  87.8898 298.3496 0001805  99.8626 260.2707 13.13470131267930
ONEWEB-0158             
1 48054U 21025N   26278.05257653  .00000276  00000+0  72019-3 0  9995
2 48054  87.8900 298.3563 0001840  83.4574 276.6764 13.13471316268054
ONEWEB-0157             
1 48055U 21025P   26278.07796658 -.00000125  00000+0 -37595-3 0  9996
2 48055  87.8889 298.3510 0001639 104.1640 255.9672 13.13471102267997
ONEWEB-0162             
1 48056U 21025Q   26278.13033178  .00000349  00000+0  92108-3 0  9992
2 48056  87.8898 298.3408 0001991  95.7662 264.3695 13.13469863267972
ONEWEB-0155             
1 48057U 21025R   26278.13720788  .00000244  00000+0  63387-3 0  9994
2 48057  87.8899 298.3400 0001857  96.4686 263.6655 13.13471147268114
ONEWEB-0149             
1 48058U 21025S   26278.08306280 -.00000296  00000+0 -84535-3 0  9993
2 48058  87.8889 298.3523 0002021  96.0831 264.0528 13.13469227267919
ONEWEB-0148             
1 48059U 21025T   26278.12199293  .00000310  00000+0  81305-3 0  9990
2 48059  87.8889 298.3457 0002262 103.9296 256.2085 13.13470574268049
ONEWEB-0160             
1 48060U 21025U   26278.06274544  .00000150  00000+0  37660-3 0  9995
2 48060  87.8889 298.3535 0002277  76.1273 284.0110 13.13470272267985
ONEWEB-0163             
1 48061U 21025V   26278.04751524  .00000274  00000+0  71664-3 0  9991
2 48061  87.8898 298.3596 0001629 100.4943 259.6370 13.13469154268106
ONEWEB-0159             
1 48062U 21025W   26278.11523109  .00000129  00000+0  31955-3 0  9994
2 48062  87.8900 298.3417 0001669  98.8850 261.2468 13.13470028268035
ONEWEB-0164             
1 48063U 21025X   26278.09659973 -.00000201  00000+0 -58436-3 0  9997
2 48063  87.8893 298.3499 0001842  90.4154 269.7187 13.13470438268019
ONEWEB-0167             
1 48064U 21025Y   26278.04834547  .00000334  00000+0  88064-3 0  9990
2 48064  87.8889 298.3612 0001198  95.5235 264.6031 13.13471189267994
ONEWEB-0166             
1 48065U 21025Z   26278.07120548 -.00000016  00000+0 -78709-4 0  9998
2 48065  87.8899 298.3371 0001866  94.4578 265.6764 13.13469808268077
ONEWEB-0151             
1 48066U 21025AA  26278.07288839 -.00000126  00000+0 -37864-3 0  9995
2 48066  87.8896 298.3502 0001741  92.0472 268.0856 13.13470722268010
ONEWEB-0170             
1 48067U 21025AB  26278.08136892 -.00000299  00000+0 -85275-3 0  9998
2 48067  87.8898 298.3514 0001790  76.2812 283.8517 13.13468289267970
ONEWEB-0168             
1 48068U 21025AC  26278.06613515  .00000044  00000+0  84548-4 0  9998
2 48068  87.8895 298.3548 0001782  92.9555 267.1779 13.13469461267984
ONEWEB-0173             
1 48069U 21025AD  26278.05765913  .00000323  00000+0  84895-3 0  9992
2 48069  87.8897 298.3554 0001569  99.6677 260.4630 13.13470166268220
ONEWEB-0171             
1 48070U 21025AE  26278.09491040 -.00000227  00000+0 -65668-3 0  9997
2 48070  87.8890 298.3507 0001760  91.1378 268.9952 13.13469610268043
ONEWEB-0172             
1 48071U 21025AF  26278.07460129  .00000948  00000+0  25604-2 0  9993
2 48071  87.8895 298.3532 0001540  94.2028 265.9278 13.13465235268934
ONEWEB-0174             
1 48072U 21025AG  26278.05598498  .00000269  00000+0  70184-3 0  9993
2 48072  87.8901 298.3566 0001908  97.2964 262.8382 13.13468359268257
ONEWEB-0175             
1 48073U 21025AH  26278.01026821 -.00000252  00000+0 -72438-3 0  9994
2 48073  87.8897 298.3518 0001609  85.9018 274.2295 13.13470111267901
ONEWEB-0177             
1 48074U 21025AJ  26278.09828265 -.00000206  00000+0 -59914-3 0  9998
2 48074  87.8896 298.3481 0001842 101.5662 258.5674 13.13469354268105
ONEWEB-0178             
1 48075U 21025AK  26278.04087470  .00000311  00000+0  81692-3 0  9992
2 48075  87.8886 298.3644 0001583  93.1755 266.9555 13.13470866268142
ONEWEB-0108             
1 48076U 21025AL  26278.07629146 -.00000110  00000+0 -33724-3 0  9990
2 48076  87.8901 298.3478 0002005  82.8579 277.2778 13.13472625268074
ONEWEB-0169             
1 48077U 21025AM  26278.10845914  .00000031  00000+0  48876-4 0  9993
2 48077  87.8895 298.3466 0001902  96.3561 263.7785 13.13469262266732
ONEWEB-0176             
1 48210U 21031A   26278.24418126 -.00000151  00000+0 -44211-3 0  9998
2 48210  87.8903 267.7409 0001776  85.5707 274.5626 13.14503030262776
ONEWEB-0184             
1 48211U 21031B   26278.29493845 -.00000013  00000+0 -70629-4 0  9995
2 48211  87.8903 267.7364 0001282  67.1201 293.0064 13.14501620262757
ONEWEB-0179             
1 48212U 21031C   26278.24345650 -.00008379  00000+0 -78101-3 0  9996
2 48212  87.8947 259.6874 0348024 247.6748 108.7235 14.58072901264917
ONEWEB-0180             
1 48213U 21031D   26277.99383545 -.00000109  00000+0 -32789-3 0  9998
2 48213  87.8907 267.7966 0001542  94.8356 265.2950 13.14505050262642
ONEWEB-0218             
1 48214U 21031E   26278.24250550 -.00000054  00000+0 -18099-3 0  9994
2 48214  87.8905 267.7453 0001096  89.3557 270.7699 13.14502923262836
ONEWEB-0209             
1 48215U 21031F   26278.23235485 -.00000247  00000+0 -70112-3 0  9992
2 48215  87.8902 267.7567 0001791  94.5780 265.5554 13.14502618262831
ONEWEB-0198             
1 48216U 21031G   26277.98893017 -.00000058  00000+0 -19079-3 0  9990
2 48216  87.8891 267.7941 0001476  94.3443 265.7855 13.14502232262916
ONEWEB-0189             
1 48217U 21031H   26278.00061033 -.00000241  00000+0 -68541-3 0  9992
2 48217  87.8912 267.7930 0001610  92.0036 268.1279 13.14502989262659
ONEWEB-0196             
1 48218U 21031J   26277.98033195  .00000121  00000+0  29111-3 0  9992
2 48218  87.8903 267.8029 0001750  92.3839 267.7491 13.14503571262658
ONEWEB-0183             
1 48219U 21031K   26278.25772915  .00000119  00000+0  28715-3 0  9990
2 48219  87.8901 267.7437 0002068  91.0223 269.1143 13.14503331262783
ONEWEB-0185             
1 48220U 21031L   26277.97947892  .00000216  00000+0  54933-3 0  9997
2 48220  87.8903 267.7980 0002078 100.7581 259.3783 13.14502176262671
ONEWEB-0187             
1 48221U 21031M   26278.26435917 -.00003204  00000+0 -86827-2 0  9999
2 48221  87.8901 267.7511 0002221  98.0866 262.0516 13.14480090262726
ONEWEB-0192             
1 48222U 21031N   26278.23405147 -.00000189  00000+0 -54341-3 0  9995
2 48222  87.8900 267.7461 0001795  88.0159 272.1176 13.14502767262639
ONEWEB-0219             
1 48223U 21031P   26278.21376089  .00000095  00000+0  22245-3 0  9998
2 48223  87.8911 267.7516 0001880  93.9620 266.1725 13.14504351262832
ONEWEB-0202             
1 48224U 21031Q   26278.27124618  .00000295  00000+0  76014-3 0  9999
2 48224  87.8901 267.7467 0001222  85.4072 274.7197 13.14505466262829
ONEWEB-0204             
1 48225U 21031R   26277.99976947 -.00000268  00000+0 -75798-3 0  9998
2 48225  87.8902 267.7955 0002195  89.6861 270.4520 13.14501779262685
ONEWEB-0205             
1 48226U 21031S   26278.28139359  .00000200  00000+0  50376-3 0  9999
2 48226  87.8904 267.7376 0001742  94.3721 265.7608 13.14504884262730
ONEWEB-0206             
1 48227U 21031T   26278.25265209  .00000054  00000+0  11172-3 0  9999
2 48227  87.8908 267.7422 0001987  84.1951 275.9405 13.14503521262689
ONEWEB-0182             
1 48228U 21031U   26278.24756933  .00000008  00000+0 -13323-4 0  9999
2 48228  87.8899 267.7465 0002065  87.4804 272.6562 13.14502733262892
ONEWEB-0186             
1 48229U 21031V   26278.25942626  .00000105  00000+0  24748-3 0  9996
2 48229  87.8910 267.7439 0001785  88.2198 271.9136 13.14502512262840
ONEWEB-0181             
1 48230U 21031W   26278.23738629 -.00000167  00000+0 -48486-3 0  9997
2 48230  87.8901 267.7612 0001772  98.0534 262.0796 13.14506338262690
ONEWEB-0188             
1 48231U 21031X   26278.27634395  .00000248  00000+0  63391-3 0  9997
2 48231  87.8902 267.7536 0001885  89.1547 270.9799 13.14503343262602
ONEWEB-0220             
1 48232U 21031Y   26278.23827096 -.00000180  00000+0 -52082-3 0  9998
2 48232  87.8903 267.7468 0001882  92.7369 267.3976 13.14501135262869
ONEWEB-0165             
1 48233U 21031Z   26278.26789031  .00000261  00000+0  66909-3 0  9999
2 48233  87.8905 267.7498 0001545  91.8576 268.2731 13.14502572262822
ONEWEB-0199             
1 48234U 21031AA  26278.25094590  .00000000  00000+0 -35592-4 0  9995
2 48234  87.8908 267.7437 0001988  81.8812 278.2544 13.14504215262720
ONEWEB-0203             
1 48235U 21031AB  26278.24080726 -.00000227  00000+0 -64599-3 0  9991
2 48235  87.8903 267.7464 0001777  79.5579 280.5750 13.14502359262739
ONEWEB-0197             
1 48236U 21031AC  26278.29308959 -.00000016  00000+0 -78242-4 0  9995
2 48236  87.8899 267.7155 0002058  87.6231 272.5135 13.14505621262653
ONEWEB-0194             
1 48237U 21031AD  26277.96845616  .00000278  00000+0  71561-3 0  9999
2 48237  87.8904 267.8061 0001904  81.5361 278.5985 13.14506009262788
ONEWEB-0193             
1 48238U 21031AE  26278.21206565  .00000053  00000+0  10830-3 0  9996
2 48238  87.8913 267.7519 0002029  76.6090 283.5266 13.14503400262767
ONEWEB-0191             
1 48239U 21031AF  26277.99554174 -.00000143  00000+0 -41997-3 0  9993
2 48239  87.8904 267.7954 0001985  89.2906 270.8451 13.14501216262596
ONEWEB-0195             
1 48240U 21031AG  26278.03991784  .00000115  00000+0  26975-3 0  9999
2 48240  87.8901 267.7817 0001513  92.4265 267.7039 13.15776837262584
ONEWEB-0201             
1 48241U 21031AH  26278.26462615  .00000246  00000+0  62925-3 0  9991
2 48241  87.8901 267.7524 0002108  96.9562 263.1808 13.14503691262848
ONEWEB-0207             
1 48242U 21031AJ  26278.01499345 -.00000111  00000+0 -33277-3 0  9996
2 48242  87.8904 267.7911 0002289  93.3484 266.7908 13.14501273262727
ONEWEB-0208             
1 48243U 21031AK  26278.22559450 -.00000202  00000+0 -57959-3 0  9998
2 48243  87.8901 267.7510 0001606  92.4954 267.6359 13.14503074262769
ONEWEB-0200             
1 48244U 21031AL  26278.26617961  .00000233  00000+0  59477-3 0  9994
2 48244  87.8908 267.7399 0001891  96.7941 263.3404 13.14504711262696
ONEWEB-0217             
1 48245U 21031AM  26278.20697876  .00000156  00000+0  38662-3 0  9999
2 48245  87.8907 267.7542 0001539  88.4306 271.7000 13.14504140262633
ONEWEB-0211             
1 48767U 21045A   26278.26767100  .00000126  00000+0  29823-3 0  9993
2 48767  87.9015 237.1116 0001216  73.5756 286.5508 13.16199224258926
ONEWEB-0223             
1 48768U 21045B   26278.24822336  .00000067  00000+0  14428-3 0  9994
2 48768  87.9020 237.2535 0001617  71.5663 288.5643 13.15548359258871
ONEWEB-0230             
1 48769U 21045C   26278.29575603 -.00000012  00000+0 -66613-4 0  9998
2 48769  87.9022 237.2524 0002110  79.0183 281.1184 13.15549237259147
ONEWEB-0237             
1 48770U 21045D   26278.28464920  .00000030  00000+0  45978-4 0  9997
2 48770  87.9019 237.2529 0001741  86.4526 273.6803 13.15550776258864
ONEWEB-0235             
1 48771U 21045E   26278.25929965  .00000101  00000+0  23301-3 0  9994
2 48771  87.9018 237.2528 0001703  67.9192 292.2119 13.15550245258851
ONEWEB-0242             
1 48772U 21045F   26278.25297106 -.00000021  00000+0 -89716-4 0  9996
2 48772  87.9022 237.2525 0001981  74.0647 286.0701 13.15548302258899
ONEWEB-0241             
1 48773U 21045G   26278.24029932 -.00000931  00000+0 -25085-2 0  9993
2 48773  87.9019 237.2637 0001590  73.3990 286.7314 13.15540107258802
ONEWEB-0243             
1 48774U 21045H   26278.27199982  .00000187  00000+0  46245-3 0  9993
2 48774  87.9014 237.2682 0002067  64.2873 295.8471 13.15548751258838
ONEWEB-0222             
1 48775U 21045J   26278.25533199  .00000211  00000+0  52667-3 0  9997
2 48775  87.9019 237.2474 0001627  73.0942 287.0366 13.15545708258878
ONEWEB-0244             
1 48776U 21045K   26278.28149537  .00000065  00000+0  13983-3 0  9995
2 48776  87.9025 237.2433 0001879  75.7971 284.3368 13.15548330259441
ONEWEB-0247             
1 48777U 21045L   26278.27833639  .00000106  00000+0  24635-3 0  9990
2 48777  87.9013 237.2609 0001912  54.8478 305.2832 13.15548637258888
ONEWEB-0245             
1 48778U 21045M   26278.27356731  .00000150  00000+0  36394-3 0  9998
2 48778  87.9024 237.2512 0001565  80.6939 279.4369 13.15546683258850
ONEWEB-0229             
1 48779U 21045N   26278.26882422  .00000187  00000+0  46323-3 0  9992
2 48779  87.9020 237.2494 0001977  76.0180 284.1170 13.15548709258887
ONEWEB-0228             
1 48780U 21045P   26278.22619256 -.00000152  00000+0 -43753-3 0  9991
2 48780  87.9024 237.2563 0001905  77.4203 282.7140 13.15548111258790
ONEWEB-0232             
1 48781U 21045Q   26278.27675495  .00000156  00000+0  38008-3 0  9993
2 48781  87.9026 237.2452 0001895  80.1681 279.9664 13.15549776259124
ONEWEB-0231             
1 48782U 21045R   26278.25457164  .00000185  00000+0  45694-3 0  9994
2 48782  87.9018 237.2566 0001741  74.8860 285.2463 13.15548484258818
ONEWEB-0234             
1 48783U 21045S   26278.29246454  .00000019  00000+0  16845-4 0  9990
2 48783  87.9029 237.2377 0001756 103.8666 256.2660 13.15548388258959
ONEWEB-0238             
1 48784U 21045T   26278.29272065  .00000008  00000+0 -13043-4 0  9994
2 48784  87.9028 237.2334 0002003  97.7935 262.3423 13.15547577258851
ONEWEB-0240             
1 48785U 21045U   26277.93368636 -.00000014  00000+0 -71348-4 0  9995
2 48785  87.9024 237.3128 0001656  76.7160 283.4155 13.15546965258834
ONEWEB-0246             
1 48786U 21045V   26278.23237807 -.00000055  00000+0 -17924-3 0  9999
2 48786  87.9022 237.2556 0001972  76.7475 283.3876 13.15548335258749
ONEWEB-0210             
1 48787U 21045W   26278.28308627  .00000100  00000+0  23085-3 0  9998
2 48787  87.9025 237.2433 0002200  56.4371 303.6970 13.15548768258798
ONEWEB-0214             
1 48788U 21045X   26278.29179567 -.00000025  00000+0 -10157-3 0  9993
2 48788  87.9025 237.2390 0002230  74.3241 285.8136 13.15547432258768
ONEWEB-0221             
1 48789U 21045Y   26278.29892676 -.00000067  00000+0 -21141-3 0  9998
2 48789  87.9022 237.2448 0001805  74.8361 285.2969 13.15549064258856
ONEWEB-0213             
1 48790U 21045Z   26278.28782601  .00000023  00000+0  27565-4 0  9992
2 48790  87.9025 237.2499 0001878  70.9686 289.1648 13.15549905258912
ONEWEB-0212             
1 48791U 21045AA  26278.18879383  .00000169  00000+0  41361-3 0  9996
2 48791  87.9019 237.2636 0002020  76.8691 283.2665 13.15547221258890
ONEWEB-0227             
1 48792U 21045AB  26278.26407663  .00000190  00000+0  47136-3 0  9994
2 48792  87.9020 237.2473 0001854  78.3166 281.8172 13.15549086258854
ONEWEB-0226             
1 48793U 21045AC  26278.25771721  .00000026  00000+0  34454-4 0  9991
2 48793  87.9021 237.2547 0001956  71.0800 289.0542 13.15546715258820
ONEWEB-0224             
1 48794U 21045AD  26278.29733202 -.00000033  00000+0 -12136-3 0  9990
2 48794  87.9014 237.2724 0001182  96.7029 263.4236 13.15549829258755
ONEWEB-0233             
1 48795U 21045AE  26278.22589781 -.00000066  00000+0 -20803-3 0  9991
2 48795  87.9012 237.2929 0001708  74.0740 286.0578 13.15549308258767
ONEWEB-0190             
1 48796U 21045AF  26278.28940873  .00000033  00000+0  52533-4 0  9999
2 48796  87.9022 237.2504 0001719  58.8496 301.2803 13.15549857258847
ONEWEB-0236             
1 48797U 21045AG  26277.92655526 -.00000049  00000+0 -16326-3 0  9996
2 48797  87.9019 237.3254 0001935  82.6815 277.4535 13.15549230258680
ONEWEB-0248             
1 48798U 21045AH  26277.86316744  .00000056  00000+0  11546-3 0  9991
2 48798  87.9020 237.3309 0001528  71.3351 288.7945 13.15549771258839
ONEWEB-0225             
1 48799U 21045AJ  26278.26565290  .00000194  00000+0  48013-3 0  9991
2 48799  87.9022 237.2558 0001697  63.7140 296.4164 13.15548257258898
ONEWEB-0215             
1 48800U 21045AK  26277.93129441 -.00000061  00000+0 -19597-3 0  9991
2 48800  87.9022 237.3097 0001559  60.6241 299.5045 13.15550305258726
ONEWEB-0216             
1 48801U 21045AL  26277.86477349  .00000072  00000+0  15724-3 0  9995
2 48801  87.9016 237.3340 0002027  79.0046 281.1312 13.15547701258729
ONEWEB-0239             
1 48802U 21045AM  26278.24979844  .00000103  00000+0  24062-3 0  9996
2 48802  87.9021 237.2613 0001209  64.2245 295.9010 13.15547067258819
ONEWEB-0249             
1 48967U 21060A   26278.24849167  .00000149  00000+0  35716-3 0  9997
2 48967  87.9176 206.9361 0001773  73.0433 287.0892 13.16593623254094
ONEWEB-0250             
1 48968U 21060B   26278.26383707  .00000055  00000+0  95584-4 0  9999
2 48968  87.9186 204.3346 0001411 106.0745 254.0547 13.25839620254803
ONEWEB-0252             
1 48970U 21060D   26278.27933807  .00000035  00000+0  58094-4 0  9998
2 48970  87.9178 206.9226 0002156  79.8482 280.2892 13.16598494254146
ONEWEB-0253             
1 48971U 21060E   26278.26828964  .00000114  00000+0  26469-3 0  9993
2 48971  87.9177 206.9300 0001758  74.9141 285.2185 13.16594857254075
ONEWEB-0254             
1 48972U 21060F   26278.27777452  .00000009  00000+0 -10226-4 0  9999
2 48972  87.9182 206.9270 0001595  69.9923 290.1380 13.16595264254074
ONEWEB-0255             
1 48973U 21060G   26278.23978098  .00000107  00000+0  24660-3 0  9999
2 48973  87.9179 206.9396 0001743  70.6885 289.4434 13.16595204254144
ONEWEB-0256             
1 48974U 21060H   26278.26590851  .00000136  00000+0  32095-3 0  9993
2 48974  87.9179 206.9352 0002008  72.6583 287.4767 13.16594915254111
ONEWEB-0257             
1 48975U 21060J   26278.29836839 -.00000037  00000+0 -13123-3 0  9999
2 48975  87.9176 206.9196 0001867  68.6800 291.4530 13.16595395254075
ONEWEB-0258             
1 48976U 21060K   26278.29994178  .00000023  00000+0  27285-4 0  9999
2 48976  87.9167 206.9276 0001863  74.0713 286.0624 13.16595525254085
ONEWEB-0259             
1 48977U 21060L   26278.29361458 -.00000011  00000+0 -63202-4 0  9997
2 48977  87.9182 206.9320 0001709  74.1192 286.0127 13.16594734254117
ONEWEB-0260             
1 48978U 21060M   26278.28489966  .00000017  00000+0  11384-4 0  9990
2 48978  87.9169 206.9300 0002228  69.6989 290.4381 13.16593836254091
ONEWEB-0261             
1 48979U 21060N   26278.25481040  .00000173  00000+0  42007-3 0  9991
2 48979  87.9165 206.9357 0001802  64.0330 296.0987 13.16592256254141
ONEWEB-0262             
1 48980U 21060P   26278.23502261  .00000039  00000+0  68276-4 0  9998
2 48980  87.9177 206.9308 0001600  74.3648 285.7659 13.16595344254102
ONEWEB-0263             
1 48981U 21060Q   26278.26669557  .00000088  00000+0  19665-3 0  9995
2 48981  87.9169 206.9336 0001665  64.3290 295.8012 13.16595221254073
ONEWEB-0264             
1 48982U 21060R   26278.22791192 -.00000015  00000+0 -71898-4 0  9992
2 48982  87.9164 206.9411 0001975  69.2076 290.9266 13.16594692254071
ONEWEB-0266             
1 48984U 21060T   26278.24928356  .00000193  00000+0  47150-3 0  9998
2 48984  87.9178 206.9341 0001839  75.9355 284.1980 13.16594417254065
ONEWEB-0267             
1 48985U 21060U   26278.26036101  .00000133  00000+0  31359-3 0  9997
2 48985  87.9179 206.9286 0001829  67.5934 292.5391 13.16595648254071
ONEWEB-0268             
1 48986U 21060V   26278.22869823  .00000017  00000+0  99303-5 0  9995
2 48986  87.9170 206.9426 0002042  74.3458 285.7898 13.16594748254339
ONEWEB-0269             
1 48987U 21060W   26278.28568028 -.00000017  00000+0 -77253-4 0  9996
2 48987  87.9177 206.9291 0002080  80.1460 279.9906 13.16596821254112
ONEWEB-0270             
1 48988U 21060X   26278.22711711  .00000018  00000+0  13125-4 0  9997
2 48988  87.9167 206.9410 0001564  68.3558 291.7739 13.16594956254143
ONEWEB-0271             
1 48989U 21060Y   26278.29045171  .00000046  00000+0  86330-4 0  9994
2 48989  87.9175 206.9215 0001772  67.1396 292.9921 13.16595051254158
ONEWEB-0272             
1 48990U 21060Z   26278.23661082  .00000096  00000+0  21675-3 0  9990
2 48990  87.9175 206.9401 0002153  69.6918 290.4444 13.16594278254094
ONEWEB-0273             
1 48991U 21060AA  26278.25878909  .00000140  00000+0  33367-3 0  9992
2 48991  87.9164 206.9350 0001752  70.3043 289.8276 13.16594818254071
ONEWEB-0274             
1 48992U 21060AB  26278.28410011  .00000053  00000+0  10589-3 0  9996
2 48992  87.9175 206.9292 0002140  68.7998 291.3362 13.16596260254113
ONEWEB-0275             
1 48993U 21060AC  26278.27300636  .00000060  00000+0  12343-3 0  9995
2 48993  87.9181 206.9302 0002718  68.4163 291.7257 13.16597494254044
ONEWEB-0276             
1 48994U 21060AD  26278.23028946  .00000029  00000+0  43360-4 0  9992
2 48994  87.9176 206.9372 0002029  71.0758 289.0593 13.16594346254058
ONEWEB-0277             
1 48995U 21060AE  26278.24292044  .00000142  00000+0  33680-3 0  9995
2 48995  87.9175 206.9383 0001785  70.3490 289.7834 13.16596285254041
ONEWEB-0278             
1 48996U 21060AF  26278.23344464 -.00000008  00000+0 -55495-4 0  9991
2 48996  87.9178 206.9356 0001840  80.0620 280.0719 13.16594685254172
ONEWEB-0279             
1 48997U 21060AG  26278.24137398  .00000158  00000+0  38004-3 0  9999
2 48997  87.9175 206.9326 0001885  66.2844 293.8484 13.16594301254109
ONEWEB-0280             
1 48998U 21060AH  26278.25640648  .00000136  00000+0  32095-3 0  9998
2 48998  87.9178 206.9333 0001555  77.3333 282.7972 13.16595321254046
ONEWEB-0281             
1 48999U 21060AJ  26278.26195211  .00000148  00000+0  35231-3 0  9999
2 48999  87.9182 206.9294 0002021  74.3381 285.7973 13.16594319254115
ONEWEB-0282             
1 49000U 21060AK  26278.29200887  .00000000  00000+0 -32661-4 0  9995
2 49000  87.9179 206.9286 0001770  72.2169 287.9155 13.16597085254093
ONEWEB-0283             
1 49001U 21060AL  26278.28094555 -.00000041  00000+0 -14109-3 0  9990
2 49001  87.9179 206.9303 0001878  68.7801 291.3530 13.16595326254100
ONEWEB-0284             
1 49002U 21060AM  26278.27460116  .00000071  00000+0  15184-3 0  9995
2 49002  87.9182 206.9265 0001649  80.5427 279.5891 13.16595378254086
ONEWEB-0285             
1 49075U 21075A   26278.22298100  .00000281  00000+0  74541-3 0  9993
2 49075  87.8952 328.8180 0002067 100.1484 259.9878 13.12442283249642
ONEWEB-0286             
1 49076U 21075B   26278.20506913  .00000442  00000+0  11921-2 0  9997
2 49076  87.8948 328.8292 0002083  98.9825 261.1539 13.12443001248998
ONEWEB-0287             
1 49077U 21075C   26278.19816994  .00000047  00000+0  87047-4 0  9994
2 49077  87.9184 344.0242 0002241 105.0616 255.0764 13.17650485248118
ONEWEB-0288             
1 49078U 21075D   26278.18147294 -.00000286  00000+0 -82916-3 0  9990
2 49078  87.8955 328.8202 0001978 104.1164 256.0185 13.12442963249613
ONEWEB-0289             
1 49079U 21075E   26278.23697369  .00000054  00000+0  10528-3 0  9991
2 49079  87.9174 344.0316 0001567 107.7066 252.4237 13.17647354248699
ONEWEB-0290             
1 49080U 21075F   26278.20997653  .00000080  00000+0  17374-3 0  9994
2 49080  87.9187 344.0194 0001471 109.1901 250.9390 13.17647742248107
ONEWEB-0291             
1 49081U 21075G   26278.19473045  .00000037  00000+0  62014-4 0  9991
2 49081  87.9185 344.0224 0001943 109.9490 250.1851 13.17650799248093
ONEWEB-0293             
1 49082U 21075H   26278.22010007  .00000035  00000+0  58166-4 0  9992
2 49082  87.9182 344.0197 0001799 103.8692 256.2640 13.17647936248122
ONEWEB-0294             
1 49083U 21075J   26278.18824188 -.00000079  00000+0 -25439-3 0  9997
2 49083  87.8958 328.8240 0001584 103.9822 256.1483 13.12445330249001
ONEWEB-0295             
1 49084U 21075K   26278.21925765  .00000048  00000+0  91281-4 0  9998
2 49084  87.9184 344.0243 0002081 107.4083 252.7276 13.17647901248080
ONEWEB-0296             
1 49085U 21075L   26278.16791433 -.00000358  00000+0 -10306-2 0  9999
2 49085  87.8951 328.8318 0001986 107.4786 252.6560 13.12443375249000
ONEWEB-0297             
1 49086U 21075M   26278.19841158  .00000268  00000+0  70902-3 0  9990
2 49086  87.8947 328.8288 0001942 100.0836 260.0512 13.12444826249618
ONEWEB-0298             
1 49087U 21075N   26278.22361818 -.00000113  00000+0 -32419-3 0  9997
2 49087  87.9181 344.0213 0002002  98.2936 261.8423 13.17649131248110
ONEWEB-0299             
1 49088U 21075P   26278.22515242  .00000017  00000+0  10762-4 0  9999
2 49088  87.9193 344.0111 0002045 102.1812 257.9549 13.17650459248093
ONEWEB-0300             
1 49089U 21075Q   26278.19078673  .00000022  00000+0  26245-4 0  9997
2 49089  87.8959 328.8220 0002182  91.4163 268.7216 13.12445031249630
ONEWEB-0301             
1 49090U 21075R   26278.17471564 -.00000421  00000+0 -12058-2 0  9993
2 49090  87.8957 328.8212 0002044  89.3670 270.7693 13.12442873248998
ONEWEB-0302             
1 49091U 21075S   26278.16114204 -.00000303  00000+0 -87645-3 0  9992
2 49091  87.8949 328.8315 0001688 107.2309 252.9005 13.12442163248975
ONEWEB-0304             
1 49092U 21075T   26278.19984928 -.00000199  00000+0 -54451-3 0  9996
2 49092  87.9185 344.0282 0002017 103.3634 256.7723 13.17649547248066
ONEWEB-0305             
1 49093U 21075U   26278.19310535  .00000074  00000+0  15834-3 0  9996
2 49093  87.9186 344.0222 0002228 106.6081 253.5295 13.17648040248097
ONEWEB-0308             
1 49094U 21075V   26278.15436101  .00000012  00000+0 -69946-6 0  9990
2 49094  87.8958 328.8318 0001870  97.4884 262.6457 13.12442627248987
ONEWEB-0309             
1 49095U 21075W   26278.19648373  .00000018  00000+0  13557-4 0  9991
2 49095  87.9184 344.0217 0001599 112.0645 248.0656 13.17649255248064
ONEWEB-0310             
1 49096U 21075X   26278.16961203 -.00000386  00000+0 -11074-2 0  9999
2 49096  87.8950 328.8400 0001859  96.9957 263.1383 13.12443747249614
ONEWEB-0311             
1 49097U 21075Y   26278.20322107  .00000003  00000+0 -24524-4 0  9990
2 49097  87.9185 344.0208 0002350 103.6212 256.5181 13.17651186248118
ONEWEB-0312             
1 49098U 21075Z   26278.21842467  .00000061  00000+0  12355-3 0  9999
2 49098  87.9180 344.0279 0002013 107.6788 252.4564 13.17648769248090
ONEWEB-0313             
1 49099U 21075AA  26278.22333557 -.00000184  00000+0 -50739-3 0  9992
2 49099  87.9182 344.0303 0002005 101.7154 258.4203 13.17648875248087
ONEWEB-0314             
1 49100U 21075AB  26278.18972084 -.00000190  00000+0 -52272-3 0  9995
2 49100  87.9195 344.0228 0002047 109.8967 250.2385 13.17649892248055
ONEWEB-0315             
1 49101U 21075AC  26278.21874734  .00000363  00000+0  97367-3 0  9997
2 49101  87.8960 328.8034 0002232  98.4729 261.6652 13.12442385249603
ONEWEB-0316             
1 49102U 21075AD  26278.10401326  .00000032  00000+0  48588-4 0  9994
2 49102  87.9133 313.6106 0001823  98.8316 261.3022 13.18686097251696
ONEWEB-0317             
1 49103U 21075AE  26278.14585482  .00000290  00000+0  77205-3 0  9998
2 49103  87.8949 328.8361 0001267 100.5511 259.5761 13.12445113249616
ONEWEB-0318             
1 49104U 21075AF  26278.10133514 -.00000032  00000+0 -11421-3 0  9994
2 49104  87.9133 313.6148 0002070  96.3972 263.7396 13.18690834251650
ONEWEB-0319             
1 49105U 21075AG  26278.20491337  .00000040  00000+0  70311-4 0  9997
2 49105  87.9184 344.0248 0002377  97.9317 262.2085 13.17647451248095
ONEWEB-0323             
1 49106U 21075AH  26278.20349910  .00000425  00000+0  11473-2 0  9996
2 49106  87.8959 328.8123 0002400 101.9334 258.2064 13.12444490248982
ONEWEB-0329             
1 49107U 21075AJ  26278.21334167  .00000052  00000+0  10057-3 0  9990
2 49107  87.9183 344.0246 0001995 104.0266 256.1088 13.17647595248074
ONEWEB-0330             
1 49108U 21075AK  26278.21687317  .00000033  00000+0  52531-4 0  9992
2 49108  87.9188 344.0384 0001895 104.6404 255.4937 13.17648727248110
ONEWEB-0292             
1 49186U 21083A   26278.08984032 -.00000283  00000+0 -80990-3 0  9994
2 49186  87.8892 298.3589 0002021  93.1137 267.0223 13.13470129245357
ONEWEB-0303             
1 49187U 21083B   26278.09713124  .00000003  00000+0 -24388-4 0  9997
2 49187  87.9133 313.6136 0002061  96.0995 264.0372 13.18685676244467
ONEWEB-0306             
1 49188U 21083C   26278.08701581  .00000074  00000+0  15493-3 0  9994
2 49188  87.9137 313.6075 0001649  96.8887 263.2433 13.18685439244504
ONEWEB-0307             
1 49189U 21083D   26278.08389878 -.00000373  00000+0 -10554-2 0  9992
2 49189  87.8894 298.3588 0001975  95.2387 264.8968 13.13468885245355
ONEWEB-0320             
1 49190U 21083E   26278.10722258 -.00000173  00000+0 -47081-3 0  9994
2 49190  87.9126 313.6101 0001845  94.9647 265.1696 13.18686157244461
ONEWEB-0321             
1 49191U 21083F   26278.27565161  .00000114  00000+0  24860-3 0  9994
2 49191  87.9161 252.4695 0001846  78.4605 281.6735 13.20770453251361
ONEWEB-0322             
1 49192U 21083G   26278.07966878 -.00000228  00000+0 -65945-3 0  9990
2 49192  87.8888 298.3586 0001613  81.3519 278.7793 13.13470067245346
ONEWEB-0324             
1 49193U 21083H   26278.15613472 -.00000238  00000+0 -63657-3 0  9998
2 49193  87.9137 313.5998 0001843 100.0489 260.0851 13.18686272244498
ONEWEB-0325             
1 49194U 21083J   26278.15951710  .00000072  00000+0  14970-3 0  9997
2 49194  87.9132 313.5978 0001966  92.3176 267.8182 13.18684746244502
ONEWEB-0326             
1 49195U 21083K   26278.09894892  .00000017  00000+0  10178-4 0  9994
2 49195  87.9133 313.6136 0002162  94.4278 265.7101 13.18687186244482
ONEWEB-0327             
1 49196U 21083L   26278.17456255  .00000013  00000+0  12853-5 0  9990
2 49196  87.9127 313.5957 0002263  90.2287 269.9104 13.18687056244511
ONEWEB-0328             
1 49197U 21083M   26278.06952135 -.00000001  00000+0 -36757-4 0  9994
2 49197  87.8899 298.3447 0001804  97.0992 263.0342 13.13469069245325
ONEWEB-0331             
1 49198U 21083N   26278.09207334  .00000047  00000+0  87429-4 0  9992
2 49198  87.9136 313.6112 0002226  97.4561 262.6824 13.18687046244495
ONEWEB-0333             
1 49199U 21083P   26278.06443190  .00000144  00000+0  35808-3 0  9993
2 49199  87.8892 298.3621 0001924  91.9273 268.2076 13.13471122245337
ONEWEB-0334             
1 49200U 21083Q   26278.28995004  .00000074  00000+0  15016-3 0  9997
2 49200  87.9163 252.4775 0001515  63.6898 296.4391 13.20773472251328
ONEWEB-0335             
1 49201U 21083R   26278.05936812  .00000273  00000+0  71234-3 0  9990
2 49201  87.8890 298.3600 0002025  94.6794 265.4566 13.13470453245347
ONEWEB-0336             
1 49202U 21083S   26278.10677426 -.00000025  00000+0 -10396-3 0  9999
2 49202  87.8900 298.3460 0002149  97.5722 262.5651 13.13469660245345
ONEWEB-0337             
1 49203U 21083T   26278.11678459  .00000262  00000+0  68315-3 0  9993
2 49203  87.8892 298.3494 0001871  99.0259 261.1082 13.13471793245349
ONEWEB-0338             
1 49204U 21083U   26278.26722236  .00000268  00000+0  62832-3 0  9997
2 49204  87.9163 252.4835 0001789  77.0732 283.0601 13.20775647251342
ONEWEB-0339             
1 49205U 21083V   26278.04920761  .00000368  00000+0  97297-3 0  9991
2 49205  87.8889 298.3562 0001760  88.1470 271.9860 13.13469974245312
ONEWEB-0340             
1 49206U 21083W   26278.07858165  .00000053  00000+0  10236-3 0  9992
2 49206  87.9129 313.6168 0002027  97.4539 262.6823 13.18684505244454
ONEWEB-0341             
1 49207U 21083X   26278.08531389  .00000010  00000+0 -86163-5 0  9998
2 49207  87.9130 313.6146 0001885 110.1711 249.9624 13.18684057244470
ONEWEB-0342             
1 49208U 21083Y   26278.19820664  .00000041  00000+0  68864-4 0  9998
2 49208  87.9164 252.4871 0001893  82.8046 277.3302 13.20771579251305
ONEWEB-0343             
1 49209U 21083Z   26278.09373206 -.00000168  00000+0 -45912-3 0  9993
2 49209  87.9128 313.6119 0001519  93.3285 266.8021 13.18686936244524
ONEWEB-0344             
1 49210U 21083AA  26278.04413366  .00000293  00000+0  76711-3 0  9990
2 49210  87.8888 298.3691 0001832 105.9868 254.1463 13.13469289245310
ONEWEB-0345             
1 49211U 21083AB  26278.11184480  .00000167  00000+0  42245-3 0  9996
2 49211  87.8891 298.3457 0001766 102.8567 257.2759 13.13470561245332
ONEWEB-0346             
1 49212U 21083AC  26278.09038353 -.00000017  00000+0 -76440-4 0  9992
2 49212  87.9137 313.6130 0002521  97.7959 262.3459 13.18684497244460
ONEWEB-0348             
1 49213U 21083AD  26278.18811545  .00000109  00000+0  23556-3 0  9994
2 49213  87.9162 252.4945 0002265  94.7093 265.4299 13.20773332251334
ONEWEB-0350             
1 49214U 21083AE  26278.05442746  .00000306  00000+0  80214-3 0  9997
2 49214  87.8889 298.3592 0002148  63.5267 296.6082 13.13470812245354
ONEWEB-0351             
1 49215U 21083AF  26277.95396744  .00000065  00000+0  12813-3 0  9994
2 49215  87.9162 252.5407 0001336  86.3117 273.8169 13.20771382251266
ONEWEB-0352             
1 49216U 21083AG  26278.02550696 -.00000086  00000+0 -27026-3 0  9999
2 49216  87.8892 298.3681 0001445  91.6302 268.4993 13.13470288245445
ONEWEB-0354             
1 49217U 21083AH  26278.20832659  .00000078  00000+0  15965-3 0  9990
2 49217  87.9161 252.4875 0002128  96.8247 263.3129 13.20771852251335
ONEWEB-0355             
1 49218U 21083AJ  26278.13129462  .00000350  00000+0  92271-3 0  9992
2 49218  87.8894 298.3482 0001670  96.5191 263.6129 13.13470661245339
ONEWEB-0357             
1 49219U 21083AK  26278.28064733  .00003283  00000+0  80374-2 0  9996
2 49219  87.9163 252.4672 0001900  82.5041 277.6308 13.20795178251340
ONEWEB-0332             
1 49279U 21090A   26278.20032596  .00000143  00000+0  34513-3 0  9991
2 49279  87.8903 267.7554 0001792  82.4230 277.7104 13.15786404242030
ONEWEB-0347             
1 49280U 21090B   26278.19485320  .00000080  00000+0  16564-3 0  9994
2 49280  87.9163 252.4922 0001913  77.0049 283.1298 13.20773573245569
ONEWEB-0349             
1 49281U 21090C   26278.22684697 -.00000011  00000+0 -58878-4 0  9998
2 49281  87.9162 252.4859 0001993  84.0159 276.1201 13.20772518244356
ONEWEB-0353             
1 49282U 21090D   26278.20189179  .00000242  00000+0  61929-3 0  9996
2 49282  87.8905 267.7568 0001885  80.7566 279.3776 13.14505178242036
ONEWEB-0356             
1 49283U 21090E   26278.22516578  .00000005  00000+0 -18483-4 0  9992
2 49283  87.9167 252.4808 0002561  80.4424 279.6999 13.20770779244353
ONEWEB-0358             
1 49284U 21090F   26277.95832041  .00000079  00000+0  16196-3 0  9996
2 49284  87.9162 252.5416 0002085  85.8107 274.3264 13.20771068245049
ONEWEB-0359             
1 49285U 21090G   26277.94906461  .00000060  00000+0  11590-3 0  9997
2 49285  87.9162 252.5352 0002126  87.7820 272.3556 13.20770944245020
ONEWEB-0360             
1 49286U 21090H   26278.24197766 -.00000104  00000+0 -28853-3 0  9993
2 49286  87.9162 252.4826 0001884  85.9331 274.2018 13.20772071244377
ONEWEB-0361             
1 49287U 21090J   26278.29921762  .00000048  00000+0  85363-4 0  9995
2 49287  87.9165 252.4705 0002058  86.5427 273.5942 13.20770540244832
ONEWEB-0362             
1 49288U 21090K   26278.03575394 -.00000069  00000+0 -20354-3 0  9997
2 49288  87.9095 283.0803 0001678  94.0389 266.0935 13.19726139241404
ONEWEB-0363             
1 49289U 21090L   26277.93559820 -.00000007  00000+0 -48788-4 0  9996
2 49289  87.9161 252.5423 0002289  82.4054 277.7340 13.20772079244797
ONEWEB-0364             
1 49290U 21090M   26278.27733576  .00000087  00000+0  18157-3 0  9990
2 49290  87.9161 252.4816 0001949  83.2723 276.8632 13.20770506245976
ONEWEB-0365             
1 49291U 21090N   26278.04523295  .00000041  00000+0  70794-4 0  9997
2 49291  87.9099 283.0728 0001880  90.4404 269.6945 13.19723912240912
ONEWEB-0366             
1 49292U 21090P   26278.27463769  .00000325  00000+0  84092-3 0  9992
2 49292  87.8902 267.7433 0001913  88.6282 271.5067 13.14504953242025
ONEWEB-0367             
1 49293U 21090Q   26278.01050129 -.00000057  00000+0 -17299-3 0  9996
2 49293  87.9162 252.5300 0001831  82.2774 277.8567 13.20769733244320
ONEWEB-0368             
1 49294U 21090R   26278.28743880  .00000055  00000+0  10272-3 0  9999
2 49294  87.9162 252.4786 0002316  66.3274 293.8102 13.20773144245511
ONEWEB-0369             
1 49295U 21090S   26278.04049622 -.00000105  00000+0 -29510-3 0  9990
2 49295  87.9093 283.0757 0002237  82.3512 277.7875 13.19725990240908
ONEWEB-0370             
1 49296U 21090T   26277.94401205  .00000060  00000+0  11563-3 0  9995
2 49296  87.9160 252.5411 0001832  91.7952 268.3391 13.20772734244356
ONEWEB-0371             
1 49297U 21090U   26278.04839605 -.00000107  00000+0 -29919-3 0  9995
2 49297  87.9096 283.0715 0002093  85.3923 274.7449 13.19725817240942
ONEWEB-0372             
1 49298U 21090V   26278.23679786  .00000006  00000+0 -17548-4 0  9992
2 49298  87.9162 252.4854 0001962  82.6488 277.4869 13.20771898244369
ONEWEB-0373             
1 49299U 21090W   26277.95915794  .00000079  00000+0  16250-3 0  9990
2 49299  87.9160 252.5400 0002018  85.6585 274.4779 13.20769852245512
ONEWEB-0374             
1 49300U 21090X   26278.26111149  .00000177  00000+0  44367-3 0  9999
2 49300  87.8911 267.7419 0002482  88.1698 271.9716 13.14503666242022
ONEWEB-0375             
1 49301U 21090Y   26278.25040944 -.00000190  00000+0 -50015-3 0  9997
2 49301  87.9160 252.4739 0002549  86.9235 273.2190 13.20772153245056
ONEWEB-0376             
1 49302U 21090Z   26278.04681868  .00000083  00000+0  17543-3 0  9999
2 49302  87.9099 283.0713 0001792  85.2410 274.8927 13.19724691240946
ONEWEB-0377             
1 49303U 21090AA  26278.00979543 -.00000125  00000+0 -34003-3 0  9995
2 49303  87.9160 252.5244 0002273  83.5047 276.6345 13.20772093245016
ONEWEB-0378             
1 49304U 21090AB  26277.95423974  .00000135  00000+0  30019-3 0  9993
2 49304  87.9161 252.5383 0002100  81.9889 278.1482 13.20772964244270
ONEWEB-0379             
1 49305U 21090AC  26278.25604442  .00000128  00000+0  31016-3 0  9999
2 49305  87.8900 267.7483 0002029  83.9919 276.1442 13.14504031242022
ONEWEB-0380             
1 49306U 21090AD  26278.04365762  .00000090  00000+0  19215-3 0  9991
2 49306  87.9098 283.0723 0002010  95.0374 265.0988 13.19723790240917
ONEWEB-0381             
1 49307U 21090AE  26278.23355984 -.00000172  00000+0 -45588-3 0  9993
2 49307  87.9159 252.4848 0002225  85.2733 274.8654 13.20771757244350
ONEWEB-0382             
1 49308U 21090AF  26278.29583702 -.00000297  00000+0 -76273-3 0  9994
2 49308  87.9161 252.4665 0002272  82.1894 277.9497 13.20771083244358
ONEWEB-0383             
1 49309U 21090AG  26278.02090582 -.00000027  00000+0 -10732-3 0  9994
2 49309  87.8903 267.7890 0002056  85.0642 275.0722 13.14503180242020
ONEWEB-0384             
1 49310U 21090AH  26278.20503610  .00000084  00000+0  17452-3 0  9994
2 49310  87.9162 252.5268 0002499  78.3834 281.7580 13.20818721244351
ONEWEB-0385             
1 49311U 21090AJ  26278.28912162  .00000013  00000+0 -86535-6 0  9993
2 49311  87.9162 252.4722 0002157  83.8810 276.2569 13.20771283244337
ONEWEB-0386             
1 49312U 21090AK  26278.23018691 -.00000136  00000+0 -36657-3 0  9997
2 49312  87.9164 252.4785 0002138  79.8752 280.2623 13.20772069244348
ONEWEB-0387             
1 49313U 21090AL  26278.29079224 -.00000301  00000+0 -77330-3 0  9990
2 49313  87.9166 252.4810 0002240  89.8333 270.3057 13.20770569244355
ONEWEB-0388             
1 49314U 21090AM  26278.03892297  .00000070  00000+0  14196-3 0  9998
2 49314  87.9103 283.0719 0002029  88.3794 271.7571 13.19724342240904
ONEWEB-0389             
1 50469U 21132A   26278.23021792 -.00000258  00000+0 -69752-3 0  9992
2 50469  87.9181 344.0209 0002123  94.9524 265.1850 13.17649067232573
ONEWEB-0390             
1 50470U 21132B   26278.23193097  .00000063  00000+0  12843-3 0  9993
2 50470  87.9180 344.0213 0001686 109.0175 251.1139 13.17648368232570
ONEWEB-0391             
1 50471U 21132C   26278.23360512  .00000046  00000+0  85172-4 0  9999
2 50471  87.9177 344.0298 0002590 112.6433 247.4972 13.17647891232575
ONEWEB-0392             
1 50472U 21132D   26278.18804382  .00000059  00000+0  11961-3 0  9990
2 50472  87.9193 344.0166 0002291 103.5380 256.6007 13.17648524232605
ONEWEB-0393             
1 50473U 21132E   26278.23951446  .00000064  00000+0  13152-3 0  9991
2 50473  87.9183 344.0145 0002018 101.3114 258.8245 13.17648748232606
ONEWEB-0394             
1 50474U 21132F   26278.11905454  .00000048  00000+0  89207-4 0  9994
2 50474  87.9136 313.5973 0002008  92.3792 267.7570 13.18686786236086
ONEWEB-0395             
1 50475U 21132G   26278.26340903 -.00000411  00000+0 -11948-2 0  9994
2 50475  87.8968 359.1923 0001772 106.9812 253.1510 13.11419240230148
ONEWEB-0396             
1 50476U 21132H   26278.11229384 -.00000144  00000+0 -39918-3 0  9999
2 50476  87.9132 313.6098 0002115  94.1547 265.9827 13.18686214236126
ONEWEB-0397             
1 50477U 21132J   26278.27924101  .00000039  00000+0  64918-4 0  9996
2 50477  87.9133 313.5772 0002106  90.7836 269.3537 13.18687002236121
ONEWEB-0398             
1 50478U 21132K   26278.23107865  .00000321  00000+0  86908-3 0  9999
2 50478  87.8970 359.1972 0001709 111.3695 248.7615 13.11415664230037
ONEWEB-0399             
1 50479U 21132L   26278.21749679  .00000582  00000+0  16050-2 0  9992
2 50479  87.8965 359.2052 0002309 100.7967 259.3421 13.11418660230024
ONEWEB-0400             
1 50480U 21132M   26278.10556122  .00000031  00000+0  46300-4 0  9993
2 50480  87.9138 313.6035 0001838  99.7871 260.3469 13.18687245236092
ONEWEB-0401             
1 50481U 21132N   26278.07521914 -.00000010  00000+0 -58604-4 0  9990
2 50481  87.9138 313.6079 0001909  88.1048 272.0303 13.18685841236095
ONEWEB-0402             
1 50482U 21132P   26278.11398488  .00000028  00000+0  38542-4 0  9990
2 50482  87.9144 313.5877 0002017  81.9366 278.1995 13.18685525236120
ONEWEB-0403             
1 50483U 21132Q   26278.13928856  .00000084  00000+0  18110-3 0  9991
2 50483  87.9133 313.6056 0002034  97.0437 263.0926 13.18685525236087
ONEWEB-0404             
1 50484U 21132R   26278.27515127  .00000025  00000+0  33776-4 0  9991
2 50484  87.8971 359.1935 0002105 106.4615 253.6745 13.11419365230123
ONEWEB-0405             
1 50485U 21132S   26278.15277234  .00000148  00000+0  34179-3 0  9996
2 50485  87.9137 313.5921 0001569 108.3964 251.7339 13.18685716236484
ONEWEB-0406             
1 50486U 21132T   26278.14433215 -.00000022  00000+0 -88840-4 0  9997
2 50486  87.9131 313.6035 0002383 100.9677 259.1723 13.18687635236111
ONEWEB-0407             
1 50487U 21132U   26278.13757735 -.00000291  00000+0 -77199-3 0  9995
2 50487  87.9138 313.6014 0001728  91.6333 268.4997 13.18685146236057
ONEWEB-0409             
1 50488U 21132V   26278.27345237 -.00000049  00000+0 -17459-3 0  9995
2 50488  87.8971 359.1855 0002015 107.9908 252.1440 13.11419867230010
ONEWEB-0412             
1 50489U 21132W   26278.04990227 -.00000986  00000+0 -25339-2 0  9991
2 50489  87.9129 313.6219 0002014  84.6212 275.5150 13.18690449236134
ONEWEB-0413             
1 50490U 21132X   26278.05497721  .00000103  00000+0  22930-3 0  9999
2 50490  87.9137 313.6205 0001824  85.8898 274.2443 13.18684917236078
ONEWEB-0414             
1 50491U 21132Y   26278.11567579  .00000068  00000+0  14031-3 0  9999
2 50491  87.9136 313.5939 0002038  91.2580 268.8785 13.18687268236113
ONEWEB-0417             
1 50492U 21132Z   26278.12410405  .00000093  00000+0  20286-3 0  9993
2 50492  87.9138 313.6065 0002099  99.1585 260.9785 13.18684207236096
ONEWEB-0418             
1 50493U 21132AA  26278.13409232  .00000117  00000+0  26304-3 0  9995
2 50493  87.9128 313.6052 0002076 105.0168 255.1194 13.18687817236158
ONEWEB-0419             
1 50494U 21132AB  26278.09968430  .00000646  00000+0  16056-2 0  9990
2 50494  87.9138 313.6271 0001989 103.3390 256.7964 13.18683485236062
ONEWEB-0420             
1 50495U 21132AC  26278.11735276 -.00000098  00000+0 -28015-3 0  9996
2 50495  87.9127 313.6064 0001764  92.1991 267.9343 13.18686953236062
ONEWEB-0421             
1 50496U 21132AD  26278.11060869 -.00000125  00000+0 -34863-3 0  9995
2 50496  87.9141 313.6098 0002194  87.9318 272.2065 13.18686802236107
ONEWEB-0424             
1 50497U 21132AE  26278.14770783  .00000024  00000+0  28295-4 0  9991
2 50497  87.9134 313.6028 0001776 110.8018 249.3304 13.18684688236135
ONEWEB-0426             
1 50498U 21132AF  26278.10049433  .00000011  00000+0 -55772-5 0  9997
2 50498  87.9139 313.6031 0002611  96.2725 263.8705 13.18685145236074
ONEWEB-0427             
1 50499U 21132AG  26278.07015682  .00000072  00000+0  15104-3 0  9992
2 50499  87.9137 313.6015 0002081  98.0798 262.0570 13.18686535236093
ONEWEB-0429             
1 50500U 21132AH  26278.13253759  .00000095  00000+0  20739-3 0  9996
2 50500  87.9129 313.6049 0001794  92.1266 268.0072 13.18684887236078
ONEWEB-0430             
1 50501U 21132AJ  26278.27247103 -.00000011  00000+0 -60960-4 0  9999
2 50501  87.9129 313.5757 0001669  93.1856 266.9467 13.18684456236135
ONEWEB-0432             
1 50502U 21132AK  26278.10373165  .00000032  00000+0  48613-4 0  9992
2 50502  87.9138 313.6017 0001560 105.8122 254.3182 13.18687533236069
ONEWEB-0440             
1 50503U 21132AL  26278.14096854  .00000030  00000+0  42139-4 0  9999
2 50503  87.9132 313.6038 0001906  85.7210 274.4140 13.18684762236063
ONEWEB-0450             
1 50504U 21132AM  26278.05847495 -.00000134  00000+0 -37362-3 0  9993
2 50504  87.9139 313.6185 0001738  92.7002 267.4329 13.18686194236088
ONEWEB-0410             
1 51622U 22012A   26278.24879838  .00000059  00000+0  11786-3 0  9996
2 51622  87.9182 344.0121 0003177 106.5738 253.5743 13.17647848228196
ONEWEB-0411             
1 51623U 22012B   26278.27356189  .00000408  00000+0  11316-2 0  9995
2 51623  87.8911  14.3671 0001310 110.5675 249.5593 13.10370661223704
ONEWEB-0415             
1 51624U 22012C   26278.27017589  .00000502  00000+0  14018-2 0  9991
2 51624  87.8920  14.3652 0001729 115.3168 244.8138 13.10370759223709
ONEWEB-0416             
1 51625U 22012D   26278.28205612 -.00000133  00000+0 -41689-3 0  9996
2 51625  87.8908  14.3732 0001697 115.8112 244.3191 13.10369952223744
ONEWEB-0422             
1 51626U 22012E   26278.18298579  .00000017  00000+0  94817-5 0  9992
2 51626  87.9195 344.0231 0001540  83.1562 276.9745 13.17649164228298
ONEWEB-0423             
1 51627U 22012F   26278.17623531  .00000060  00000+0  12076-3 0  9995
2 51627  87.9182 344.0280 0002000  99.9429 260.1928 13.17649460228183
ONEWEB-0425             
1 51628U 22012G   26278.29221057 -.00000553  00000+0 -16191-2 0  9996
2 51628  87.8919  14.3596 0002157 108.1053 252.0309 13.10370659223741
ONEWEB-0428             
1 51629U 22012H   26278.27186964  .00000426  00000+0  11845-2 0  9990
2 51629  87.8911  14.3657 0001755 102.7676 257.3648 13.10371768223708
ONEWEB-0431             
1 51630U 22012J   26278.24118429  .00000041  00000+0  81670-4 0  9998
2 51630  87.8926  14.3700 0001222 111.5020 248.6238 13.10375759223752
ONEWEB-0434             
1 51631U 22012K   26278.29575757 -.00000644  00000+0 -18819-2 0  9999
2 51631  87.8919  14.3846 0002422 106.3252 253.8142 13.10372364223748
ONEWEB-0435             
1 51632U 22012L   26278.30238667 -.00000621  00000+0 -18150-2 0  9991
2 51632  87.8915  14.3639 0001477  95.1222 265.0073 13.10373455223735
ONEWEB-0436             
1 51633U 22012M   26278.16778282 -.00000171  00000+0 -47397-3 0  9994
2 51633  87.9193 344.0198 0001833  92.3008 267.8334 13.17648753228160
ONEWEB-0438             
1 51634U 22012N   26278.28713467 -.00000398  00000+0 -11751-2 0  9997
2 51634  87.8908  14.3705 0001939 105.7774 254.3567 13.10371966223763
ONEWEB-0439             
1 51635U 22012P   26278.29051936 -.00000445  00000+0 -13114-2 0  9993
2 51635  87.8920  14.3613 0001910 100.9887 259.1455 13.10370428223746
ONEWEB-0442             
1 51636U 22012Q   26278.23613062  .00000043  00000+0  76566-4 0  9996
2 51636  87.9183 344.0296 0002438 105.2204 254.9197 13.17647399228164
ONEWEB-0443             
1 51637U 22012R   26278.17960629  .00000072  00000+0  15133-3 0  9998
2 51637  87.9180 344.0405 0002064  91.6710 268.4658 13.17648378228204
ONEWEB-0444             
1 51638U 22012S   26278.28033863 -.00000017  00000+0 -85215-4 0  9992
2 51638  87.8920  14.3624 0001815  97.5046 262.6288 13.10368626223754
ONEWEB-0445             
1 51639U 22012T   26278.30070097 -.00000634  00000+0 -18526-2 0  9990
2 51639  87.8921  14.3508 0001747 107.2098 252.9221 13.10373225223768
ONEWEB-0446             
1 51640U 22012U   26278.27865210  .00000121  00000+0  31161-3 0  9997
2 51640  87.8909  14.3748 0001786 114.1150 246.0164 13.10370169223743
ONEWEB-0448             
1 51641U 22012V   26278.28374834 -.00000200  00000+0 -61061-3 0  9998
2 51641  87.8910  14.3692 0001796 103.3657 256.7671 13.10370354223711
ONEWEB-0449             
1 51642U 22012W   26278.28882310 -.00000487  00000+0 -14307-2 0  9999
2 51642  87.8918  14.3612 0002219 109.4382 250.6985 13.10370180223724
ONEWEB-0451             
1 51643U 22012X   26278.24034864  .00000023  00000+0  25035-4 0  9995
2 51643  87.9193 344.0042 0002103  99.9769 260.1600 13.17649535228157
ONEWEB-0452             
1 51644U 22012Y   26278.23868327  .00000066  00000+0  13715-3 0  9992
2 51644  87.9177 344.0282 0002248  95.2068 264.9321 13.17648690228161
ONEWEB-0456             
1 51646U 22012AA  26278.29729753 -.00000619  00000+0 -18088-2 0  9992
2 51646  87.8922  14.3529 0001681  98.5020 261.6298 13.10371881223761
ONEWEB-0457             
1 51647U 22012AB  26278.27513182  .00000321  00000+0  88301-3 0  9992
2 51647  87.8917  14.3668 0001753 117.8224 242.3082 13.10375745223761
ONEWEB-0458             
1 51648U 22012AC  26278.28291883  .00000115  00000+0  29336-3 0  9999
2 51648  87.8914  14.3481 0001960  97.6408 262.4942 13.10369797223725
ONEWEB-0461             
1 51649U 22012AD  26278.18465830  .00000059  00000+0  11835-3 0  9996
2 51649  87.9185 344.0236 0001916 103.6718 256.4627 13.17647682228379
ONEWEB-0463             
1 51650U 22012AE  26278.16611247  .00000007  00000+0 -14976-4 0  9995
2 51650  87.9177 344.0425 0001748 106.2284 253.9040 13.17647411228159
ONEWEB-0464             
1 51651U 22012AF  26278.29391781 -.00000576  00000+0 -16854-2 0  9995
2 51651  87.8910  14.3684 0001808  92.7040 267.4294 13.10371852223741
ONEWEB-0468             
1 51652U 22012AG  26278.29901909 -.00001419  00000+0 -41025-2 0  9990
2 51652  87.8912  14.3603 0001614  96.0629 264.0682 13.10361178223722
ONEWEB-0473             
1 51653U 22012AH  26278.28547815 -.00000050  00000+0 -17818-3 0  9996
2 51653  87.8905  14.3643 0001740 100.5203 259.6121 13.10389150223726
ONEWEB-0474             
1 51654U 22012AJ  26278.27695747  .00000185  00000+0  49296-3 0  9996
2 51654  87.8919  14.3618 0001750  97.5498 262.5828 13.10369150223710
ONEWEB-0475             
1 51655U 22012AK  26278.17792600  .00000035  00000+0  56932-4 0  9992
2 51655  87.9186 344.0364 0001989  81.4524 278.6833 13.17649898228171
ONEWEB-0490             
1 54113U 22138A   26278.29638883  .00000048  00000+0  86904-4 0  9994
2 54113  87.9094 283.0220 0001744  85.6196 274.5136 13.19724295191351
ONEWEB-0492             
1 54114U 22138B   26278.24584478  .00000009  00000+0 -94421-5 0  9992
2 54114  87.9102 283.0328 0001538  91.5285 268.6024 13.19727109191354
ONEWEB-0495             
1 54115U 22138C   26278.29954415  .00000022  00000+0  23332-4 0  9996
2 54115  87.9089 283.0197 0001536  70.9705 289.1594 13.19726205191344
ONEWEB-0497             
1 54116U 22138D   26278.08470974 -.00000272  00000+0 -71262-3 0  9990
2 54116  87.9099 283.0627 0001838  87.8669 272.2674 13.19725585191303
ONEWEB-0499             
1 54117U 22138E   26278.29560296  .00000049  00000+0  89669-4 0  9992
2 54117  87.9094 283.0232 0001809  83.0765 277.0574 13.19724511191348
ONEWEB-0500             
1 54118U 22138F   26277.99470617  .00000058  00000+0  11285-3 0  9994
2 54118  87.9100 283.0827 0001776  90.4757 269.6579 13.19725947191316
ONEWEB-0501             
1 54119U 22138G   26278.25215801  .00000007  00000+0 -15566-4 0  9999
2 54119  87.9099 283.0312 0001640  77.8788 282.2528 13.19726788191326
ONEWEB-0502             
1 54120U 22138H   26278.01049556 -.00000312  00000+0 -81283-3 0  9995
2 54120  87.9100 283.0712 0001835  80.6636 279.4704 13.19727485191313
ONEWEB-0503             
1 54121U 22138J   26278.30269937  .00000025  00000+0  29420-4 0  9990
2 54121  87.9107 283.0196 0002131  88.0416 272.0961 13.19724131191347
ONEWEB-0504             
1 54122U 22138K   26278.06262412  .00000007  00000+0 -15190-4 0  9995
2 54122  87.9096 283.0694 0001865  81.9039 278.2305 13.19725667191327
ONEWEB-0505             
1 54123U 22138L   26278.05945135 -.00000123  00000+0 -33951-3 0  9999
2 54123  87.9095 283.0690 0001753  75.9636 284.1691 13.19725603191307
ONEWEB-0506             
1 54124U 22138M   26278.26164069  .00000067  00000+0  13476-3 0  9997
2 54124  87.9099 283.0288 0001742  80.5204 279.6126 13.19726872191329
ONEWEB-0507             
1 54125U 22138N   26278.05469945 -.00000174  00000+0 -46791-3 0  9993
2 54125  87.9090 283.0736 0001755  84.5832 275.5501 13.19725070191347
ONEWEB-0508             
1 54126U 22138P   26278.27901582  .00000113  00000+0  24899-3 0  9992
2 54126  87.9098 283.0291 0001649  81.2287 278.9032 13.19724686191351
ONEWEB-0509             
1 54127U 22138Q   26278.25374073  .00000043  00000+0  75063-4 0  9992
2 54127  87.9098 283.0324 0001758  89.1304 271.0030 13.19725608191321
ONEWEB-0510             
1 54128U 22138R   26278.28239217  .00000102  00000+0  21804-3 0  9995
2 54128  87.9164 252.4697 0002271  91.8262 268.3131 13.20770656193815
ONEWEB-0511             
1 54129U 22138S   26278.25056424 -.00000171  00000+0 -46020-3 0  9995
2 54129  87.9094 283.0309 0002092  84.5626 275.5745 13.19724000191350
ONEWEB-0512             
1 54130U 22138T   26278.24268293  .00000006  00000+0 -17050-4 0  9993
2 54130  87.9099 283.0342 0001803  81.1636 278.9701 13.19724797191326
ONEWEB-0513             
1 54131U 22138U   26278.05166283  .00000044  00000+0  77183-4 0  9993
2 54131  87.9094 282.9995 0002168  63.9144 296.2212 13.20261371191215
ONEWEB-0514             
1 54132U 22138V   26278.25846893  .00000018  00000+0  13604-4 0  9997
2 54132  87.9099 283.0300 0002001  92.5031 267.6331 13.19724306191340
ONEWEB-0515             
1 54133U 22138W   26278.19316739  .00000051  00000+0  94171-4 0  9997
2 54133  87.9165 252.4867 0001815 109.5080 250.6249 13.20772393193824
ONEWEB-0516             
1 54134U 22138X   26278.08155761 -.00000171  00000+0 -45838-3 0  9992
2 54134  87.9090 283.0663 0001731  89.7256 270.4075 13.19725310191322
ONEWEB-0517             
1 54135U 22138Y   26278.06103924 -.00000030  00000+0 -10828-3 0  9990
2 54135  87.9100 283.0696 0002178  87.8118 272.3264 13.19726236191322
ONEWEB-0518             
1 54136U 22138Z   26278.00417895  .00000036  00000+0  58187-4 0  9995
2 54136  87.9095 283.0835 0001646  91.4282 268.7039 13.19724181191318
ONEWEB-0519             
1 54137U 22138AA  26278.25687680 -.00000157  00000+0 -42572-3 0  9990
2 54137  87.9095 283.0292 0002082  88.9252 271.2119 13.19726035191351
ONEWEB-0520             
1 54138U 22138AB  26278.29165005  .00000082  00000+0  17140-3 0  9995
2 54138  87.9097 283.0244 0001715  83.2358 276.8970 13.19726540191344
ONEWEB-0521             
1 54139U 22138AC  26278.24899943  .00000019  00000+0  16285-4 0  9996
2 54139  87.9104 283.0256 0002157  90.5007 269.6373 13.19726757191280
ONEWEB-0522             
1 54140U 22138AD  26278.07681643 -.00000215  00000+0 -56839-3 0  9993
2 54140  87.9100 283.0615 0001877  84.7941 275.3405 13.19725812191301
ONEWEB-0523             
1 54141U 22138AE  26278.25543917  .00000046  00000+0  81200-4 0  9996
2 54141  87.9162 252.4811 0002387 101.5686 258.5715 13.20770039193839
ONEWEB-0524             
1 54142U 22138AF  26278.24534430  .00000039  00000+0  64888-4 0  9991
2 54142  87.9162 252.4791 0001596 109.2689 250.8617 13.20770343193830
ONEWEB-0525             
1 54143U 22138AG  26278.24742419 -.00000013  00000+0 -64635-4 0  9994
2 54143  87.9100 283.0324 0001598  82.2690 277.8624 13.19724629191344
ONEWEB-0526             
1 54144U 22138AH  26278.05314558  .00000062  00000+0  12284-3 0  9997
2 54144  87.9097 283.0711 0001752  89.0834 271.0499 13.19724593191297
ONEWEB-0529             
1 54145U 22138AJ  26278.28374604  .00000089  00000+0  18945-3 0  9990
2 54145  87.9091 283.0271 0001723  84.7134 275.4196 13.19726560191340
ONEWEB-0531             
1 54146U 22138AK  26278.23187019 -.00000216  00000+0 -56323-3 0  9994
2 54146  87.9162 252.4794 0002218  98.3428 261.7957 13.20771953193834
ONEWEB-0535             
1 54147U 22138AL  26278.08945957 -.00000186  00000+0 -49682-3 0  9997
2 54147  87.9104 283.0601 0002120  95.9707 264.1667 13.19725834191336
ONEWEB-0536             
1 54148U 22138AM  26278.29416946  .00000020  00000+0  16931-4 0  9999
2 54148  87.9161 252.4813 0002156 111.2773 248.8591 13.20770363193830
ONEWEB-0527             
1 54642U 22166A   26278.23921621 -.00000098  00000+0 -26860-3 0  9992
2 54642  87.9308 222.0959 0001931  75.0472 285.0875 13.21826292186079
ONEWEB-0528             
1 54643U 22166B   26278.24005555  .00000067  00000+0  13040-3 0  9993
2 54643  87.9310 222.0996 0001800  71.3244 288.8085 13.21827327186080
ONEWEB-0539             
1 54644U 22166C   26278.27789409 -.00000210  00000+0 -54109-3 0  9997
2 54644  87.9317 222.0709 0002149  73.7645 286.3725 13.21825661186081
ONEWEB-0540             
1 54645U 22166D   26278.28476812  .00000070  00000+0  13875-3 0  9997
2 54645  87.9306 222.0920 0002046  77.0508 283.0855 13.21824535186072
ONEWEB-0542             
1 54646U 22166E   26278.28800533  .00000085  00000+0  17476-3 0  9996
2 54646  87.9315 222.0691 0002252  73.7336 286.4045 13.21824961186081
ONEWEB-0545             
1 54647U 22166F   26278.25267299  .00000125  00000+0  27116-3 0  9997
2 54647  87.9304 222.0788 0002594  78.0856 282.0569 13.21824726186049
ONEWEB-0580             
1 54648U 22166G   26278.22744334  .00000857  00000+0  20422-2 0  9999
2 54648  87.9306 222.0839 0002393  79.8443 280.2961 13.21835029186085
ONEWEB-0582             
1 54649U 22166H   26278.26949968  .00000162  00000+0  36032-3 0  9998
2 54649  87.9315 222.0713 0002432  74.6555 285.4847 13.21824750186065
ONEWEB-0583             
1 54650U 22166J   26278.28128311  .00000053  00000+0  96120-4 0  9997
2 54650  87.9309 222.0893 0002079  75.6920 284.4445 13.21826284186071
ONEWEB-0584             
1 54651U 22166K   26278.22575580 -.00000853  00000+0 -20980-2 0  9995
2 54651  87.9311 222.0830 0002055  77.7807 282.3557 13.21828883186053
ONEWEB-0585             
1 54652U 22166L   26278.24929955 -.00000307  00000+0 -77524-3 0  9998
2 54652  87.9315 222.0723 0001834  74.7619 285.3718 13.21825766186061
ONEWEB-0586             
1 54653U 22166M   26278.26278817  .00000118  00000+0  25445-3 0  9998
2 54653  87.9310 222.0915 0002262  74.7588 285.3796 13.21825795186069
ONEWEB-0587             
1 54654U 22166N   26278.27286282 -.00000057  00000+0 -16981-3 0  9994
2 54654  87.9324 222.0739 0001622  76.6512 283.4803 13.21825901186221
ONEWEB-0589             
1 54655U 22166P   26278.25939982 -.00000069  00000+0 -19835-3 0  9999
2 54655  87.9308 222.0753 0002812  77.6772 282.4677 13.21826313186081
ONEWEB-0590             
1 54656U 22166Q   26278.28451200  .00000099  00000+0  20756-3 0  9990
2 54656  87.9317 222.0707 0002017  88.9025 271.2340 13.21825391186071
ONEWEB-0591             
1 54657U 22166R   26278.29639322 -.00000183  00000+0 -47434-3 0  9993
2 54657  87.9307 222.0733 0001995  77.6451 282.4906 13.21826110186108
ONEWEB-0592             
1 54658U 22166S   26278.29978182  .00000048  00000+0  85399-4 0  9995
2 54658  87.9315 222.0607 0001996  75.1063 285.0292 13.21827112185986
ONEWEB-0593             
1 54659U 22166T   26278.24594746  .00000080  00000+0  16237-3 0  9991
2 54659  87.9313 222.0775 0002086  72.9188 287.2174 13.21827691186082
ONEWEB-0594             
1 54660U 22166U   26278.26614209  .00000093  00000+0  19364-3 0  9990
2 54660  87.9305 222.0857 0001812  73.3076 286.8257 13.21825146186106
ONEWEB-0595             
1 54661U 22166V   26278.24257561 -.00000140  00000+0 -37085-3 0  9998
2 54661  87.9316 222.0804 0001770  78.6234 281.5098 13.21826092186070
ONEWEB-0596             
1 54662U 22166W   26278.29305329  .00000080  00000+0  16113-3 0  9990
2 54662  87.9305 222.0744 0001907  76.5195 283.6151 13.21825113186084
ONEWEB-0597             
1 54663U 22166X   26278.27453696 -.00000134  00000+0 -35619-3 0  9994
2 54663  87.9305 222.0796 0002081  76.0724 284.0641 13.21826235186084
ONEWEB-0600             
1 54664U 22166Y   26278.25603170 -.00000054  00000+0 -16204-3 0  9997
2 54664  87.9311 222.0761 0002024  69.8878 290.2474 13.21826462186053
ONEWEB-0601             
1 54665U 22166Z   26278.24764235  .00000071  00000+0  13966-3 0  9996
2 54665  87.9309 222.0917 0002280  75.2673 284.8713 13.21826315186245
ONEWEB-0602             
1 54666U 22166AA  26278.28884721  .00000096  00000+0  20128-3 0  9999
2 54666  87.9302 222.0884 0002004  68.9286 291.2062 13.21824860186090
ONEWEB-0603             
1 54667U 22166AB  26278.29474334  .00000100  00000+0  21104-3 0  9997
2 54667  87.9317 222.0560 0002039  73.4653 286.6705 13.21825570186029
ONEWEB-0604             
1 54668U 22166AC  26278.28293625 -.00000181  00000+0 -46878-3 0  9995
2 54668  87.9308 222.0713 0001892  74.8607 285.2737 13.21826327185985
ONEWEB-0605             
1 54669U 22166AD  26278.27623452  .00000103  00000+0  21714-3 0  9994
2 54669  87.9310 222.0803 0002478  85.2271 274.9146 13.21825577186057
ONEWEB-0606             
1 54670U 22166AE  26278.29810152  .00000094  00000+0  19544-3 0  9990
2 54670  87.9308 222.0876 0001815  73.6379 286.4954 13.21825852186118
ONEWEB-0607             
1 54671U 22166AF  26278.26443635 -.00000065  00000+0 -18806-3 0  9996
2 54671  87.9310 222.0723 0002043  75.9742 284.1619 13.21825600186086
ONEWEB-0608             
1 54672U 22166AG  26278.27118204  .00000162  00000+0  36004-3 0  9995
2 54672  87.9316 222.0717 0002446  79.1294 281.0115 13.21824909186090
ONEWEB-0610             
1 54673U 22166AH  26278.25098306  .00000066  00000+0  12925-3 0  9993
2 54673  87.9308 222.0786 0002564  72.7863 287.3552 13.21824640185994
ONEWEB-0611             
1 54674U 22166AJ  26278.24427358 -.00000178  00000+0 -46133-3 0  9990
2 54674  87.9311 222.0780 0001896  75.5422 284.5923 13.21827556185981
ONEWEB-0612             
1 54675U 22166AK  26278.25771376 -.00000099  00000+0 -27034-3 0  9995
2 54675  87.9314 222.0781 0002100  75.3139 284.8228 13.21825934185976
ONEWEB-0615             
1 54676U 22166AL  26278.23754847  .00000040  00000+0  65954-4 0  9996
2 54676  87.9305 222.0882 0001742  71.7658 288.3665 13.21825169185981
ONEWEB-0655             
1 54677U 22166AM  26278.28967735 -.00000159  00000+0 -41544-3 0  9995
2 54677  87.9295 222.0782 0002085  66.0324 294.1029 13.21825939185981
ONEWEB-0659             
1 54678U 22166AN  26278.23080092 -.00000184  00000+0 -47747-3 0  9992
2 54678  87.9307 222.0889 0001817  79.3489 280.7849 13.21826706186069
ONEWEB-0685             
1 54679U 22166AP  26278.22870077 -.00000009  00000+0 -52875-4 0  9997
2 54679  87.9304 222.0423 0002357  87.5306 272.6098 13.23188968185967
ONEWEB-0712             
1 54680U 22166AQ  26278.25561882  .00000163  00000+0  39392-3 0  9990
2 54680  87.9180 206.9323 0002031  59.6467 300.4865 13.16595021186549
ONEWEB-0714             
1 54681U 22166AR  26278.23585161 -.00000182  00000+0 -47207-3 0  9992
2 54681  87.9313 222.0807 0001933  67.1089 293.0249 13.21826175186072
ONEWEB-0532             
1 55140U 23004A   26278.21588912  .00000072  00000+0  15119-3 0  9993
2 55140  87.9183 344.0185 0002031 108.0055 252.1299 13.17648549182079
ONEWEB-0533             
1 55141U 23004B   26278.16270115 -.00000270  00000+0 -78588-3 0  9992
2 55141  87.8950 328.8350 0002096  96.7772 263.3595 13.12441765182489
ONEWEB-0541             
1 55142U 23004C   26278.27855788  .00000132  00000+0  33650-3 0  9996
2 55142  87.8972 359.1878 0001723 108.7573 251.3742 13.11419511180375
ONEWEB-0543             
1 55143U 23004D   26278.10891637 -.00000040  00000+0 -13327-3 0  9991
2 55143  87.9127 313.6175 0001772  88.1489 271.9846 13.18687232184185
ONEWEB-0544             
1 55144U 23004E   26278.10217253  .00000031  00000+0  45100-4 0  9991
2 55144  87.9129 313.6187 0001687  94.6406 265.4919 13.18684547184182
ONEWEB-0560             
1 55145U 23004F   26278.09544436  .00000000  00000+0 -33754-4 0  9995
2 55145  87.9126 313.6097 0001624  93.0340 267.0978 13.18687040184196
ONEWEB-0565             
1 55146U 23004G   26278.08870003  .00000035  00000+0  56075-4 0  9995
2 55146  87.9121 313.6294 0001715 106.1565 253.9756 13.18685161184186
ONEWEB-0567             
1 55147U 23004H   26278.08194923  .00000057  00000+0  11140-3 0  9993
2 55147  87.9126 313.6239 0001644 102.5243 257.6073 13.18687429184187
ONEWEB-0569             
1 55148U 23004J   26278.08474608 -.00000343  00000+0 -97467-3 0  9991
2 55148  87.8896 298.3514 0000988  88.5159 271.6083 13.13470118184609
ONEWEB-0570             
1 55149U 23004K   26278.07351318  .00000001  00000+0 -29419-4 0  9996
2 55149  87.9129 313.6231 0002234 104.5171 255.6209 13.18687235184175
ONEWEB-0571             
1 55150U 23004L   26278.14265634  .00000009  00000+0 -10793-4 0  9994
2 55150  87.9125 313.6085 0001102 134.2515 225.8708 13.18686642184191
ONEWEB-0572             
1 55151U 23004M   26278.17116940  .00000068  00000+0  14300-3 0  9994
2 55151  87.9184 344.0299 0001835 104.1895 255.9440 13.17648092181967
ONEWEB-0573             
1 55152U 23004N   26278.06002016  .00000124  00000+0  28097-3 0  9992
2 55152  87.9126 313.6276 0001421 120.6648 239.4624 13.18687744184176
ONEWEB-0588             
1 55153U 23004P   26278.12916984  .00000057  00000+0  11119-3 0  9990
2 55153  87.9125 313.6119 0002081 108.8740 251.2618 13.18686681184181
ONEWEB-0598             
1 55154U 23004Q   26278.25649750 -.00000482  00000+0 -13952-2 0  9999
2 55154  87.8969 359.1968 0001183 114.7686 245.3565 13.11417785180328
ONEWEB-0599             
1 55155U 23004R   26278.20830204  .00000101  00000+0  22610-3 0  9999
2 55155  87.9185 344.0212 0001601  96.2703 263.8611 13.17650846181976
ONEWEB-0614             
1 55156U 23004S   26278.25141844 -.00000452  00000+0 -13108-2 0  9992
2 55156  87.8959 359.2018 0002205 106.8239 253.3131 13.11416079180264
ONEWEB-0616             
1 55157U 23004T   26278.17454447  .00000075  00000+0  15950-3 0  9997
2 55157  87.9181 344.0324 0001654  70.4446 289.6864 13.17647769182184
ONEWEB-0617             
1 55158U 23004U   26278.23955598 -.00000008  00000+0 -57537-4 0  9994
2 55158  87.8957 359.2023 0002152 109.5950 250.5410 13.11415344180286
ONEWEB-0618             
1 55159U 23004V   26278.06990566  .00003480  00000+0  18981-3 0  9994
2 55159  86.9066 132.9990 0009698 239.4324 120.5961 15.13997649198886
ONEWEB-0619             
1 55160U 23004W   26278.20660276  .00000033  00000+0  53054-4 0  9996
2 55160  87.9194 344.0156 0002242  93.9243 266.2145 13.17648422182083
ONEWEB-0620             
1 55161U 23004X   26278.23445673  .00000190  00000+0  49894-3 0  9992
2 55161  87.8960 359.2051 0001656 109.9143 250.2163 13.11416061180257
ONEWEB-0621             
1 55162U 23004Y   26278.26157541 -.00000447  00000+0 -12969-2 0  9999
2 55162  87.8966 359.1981 0002067 102.2397 257.8962 13.11419408180235
ONEWEB-0622             
1 55163U 23004Z   26278.19037115 -.00000332  00000+0 -97192-3 0  9991
2 55163  87.8960 359.2127 0002417 119.4850 240.6519 13.11418722180210
ONEWEB-0623             
1 55164U 23004AA  26278.20153641  .00000060  00000+0  12188-3 0  9995
2 55164  87.9183 344.0347 0002664 106.4731 253.6694 13.17650459182078
ONEWEB-0624             
1 55165U 23004AB  26278.16436287 -.00000271  00000+0 -78409-3 0  9995
2 55165  87.8952 328.7316 0001973 102.3135 257.8215 13.12931275182508
ONEWEB-0625             
1 55166U 23004AC  26278.26734879  .00000016  00000+0  77035-5 0  9996
2 55166  87.9182 344.0203 0001377  96.1373 263.9916 13.17648465182072
ONEWEB-0626             
1 55167U 23004AD  26278.18129898  .00000056  00000+0  11199-3 0  9998
2 55167  87.9185 344.0364 0001551 104.0708 256.0596 13.17650023182068
ONEWEB-0627             
1 55168U 23004AE  26278.24541186  .00000066  00000+0  13578-3 0  9998
2 55168  87.9186 344.0246 0002366 102.5321 257.6075 13.17650684182071
ONEWEB-0628             
1 55169U 23004AF  26278.18655647 -.00000327  00000+0 -94366-3 0  9996
2 55169  87.8955 328.8170 0002566  96.9954 263.1466 13.12444790182464
ONEWEB-0629             
1 55170U 23004AG  26278.25003472 -.00028805  00000+0 -74418-1 0  9994
2 55170  87.9184 344.0069 0002213  94.2189 167.5048 13.17683272  5167
ONEWEB-0631             
1 55171U 23004AH  26278.12242473  .00000080  00000+0  16975-3 0  9996
2 55171  87.9138 313.5903 0001818 110.7609 249.3718 13.18685635184163
ONEWEB-0709             
1 55172U 23004AJ  26278.30059948  .00000492  00000+0  13532-2 0  9992
2 55172  87.8960 359.1942 0001091 124.0029 236.1202 13.11415867180307
ONEWEB-0710             
1 55173U 23004AK  26278.23528485 -.00000225  00000+0 -61160-3 0  9999
2 55173  87.9183 344.0171 0002009 103.6004 256.5352 13.17648380182071
ONEWEB-0711             
1 55174U 23004AL  26278.27175980 -.00000122  00000+0 -37957-3 0  9995
2 55174  87.8968 359.1922 0002444 110.9448 249.1941 13.11418795180269
ONEWEB-0713             
1 55175U 23004AM  26278.21411801  .00000573  00000+0  15817-2 0  9993
2 55175  87.8970 359.2066 0002150 107.2972 252.8392 13.11418408180248
ONEWEB-0715             
1 55176U 23004AN  26278.28533315  .00000336  00000+0  91145-3 0  9992
2 55176  87.8970 359.1919 0001488 122.7563 237.3709 13.11418080180297
ONEWEB-0716             
1 55177U 23004AP  26278.22853587 -.00000157  00000+0 -43810-3 0  9992
2 55177  87.9183 344.0216 0001813  93.0598 267.0741 13.17648989182071
ONEWEB-0717             
1 55178U 23004AQ  26278.21166580  .00000043  00000+0  76412-4 0  9999
2 55178  87.9185 344.0203 0002292 111.8224 248.3151 13.17648118182124
ONEWEB-0719             
1 55179U 23004AR  26278.22179555  .00000064  00000+0  13042-3 0  9999
2 55179  87.9194 344.0009 0001945  94.3213 265.8141 13.17648170182071
ONEWEB-0530             
1 55796U 23029A   26278.24029803  .00000001  00000+0 -28410-4 0  9991
2 55796  87.9150 252.5001 0002369  88.7718 271.3687 13.20770080175676
ONEWEB-0534             
1 55797U 23029B   26278.22851340 -.00007147  00000+0 -17639-1 0  9996
2 55797  87.9154 252.5051 0002057  85.5400 274.5969 13.20717151175671
ONEWEB-0556             
1 55798U 23029C   26278.00798133 -.00000134  00000+0 -36154-3 0  9997
2 55798  87.9152 252.5469 0002619  69.1012 291.0402 13.20771922175643
ONEWEB-0562             
1 55799U 23029D   26278.29754097 -.00000020  00000+0 -80899-4 0  9990
2 55799  87.9162 252.4779 0002812  82.3611 277.7841 13.20772420175681
ONEWEB-0563             
1 55800U 23029E   26278.29249289  .00000019  00000+0  14365-4 0  9996
2 55800  87.9152 252.5020 0001835  79.4009 280.7331 13.20770368175671
ONEWEB-0564             
1 55801U 23029F   26278.28575657  .00000060  00000+0  11617-3 0  9999
2 55801  87.9160 252.4822 0002356  84.5250 275.6152 13.20773136175685
ONEWEB-0638             
1 55802U 23029G   26278.23066467 -.00000236  00000+0 -67182-3 0  9994
2 55802  87.8891 267.7861 0002366  79.6613 280.4783 13.14502700173858
ONEWEB-0639             
1 55803U 23029H   26278.04207722  .00000043  00000+0  73892-4 0  9995
2 55803  87.9091 283.0765 0001222  52.5437 307.5807 13.19726410173398
ONEWEB-0640             
1 55804U 23029J   26278.23912044 -.00000134  00000+0 -39546-3 0  9997
2 55804  87.8890 267.7742 0002363  75.0797 285.0594 13.14503318173876
ONEWEB-0641             
1 55805U 23029K   26278.03735041  .00000142  00000+0  32257-3 0  9995
2 55805  87.9099 283.0735 0001839  86.2233 273.9110 13.19724225173404
ONEWEB-0642             
1 55806U 23029L   26278.26005439  .00000091  00000+0  19453-3 0  9998
2 55806  87.9092 283.0347 0001083  80.7468 279.3787 13.19726914173426
ONEWEB-0643             
1 55807U 23029M   26278.28649556  .00000137  00000+0  33391-3 0  9993
2 55807  87.8898 267.7540 0001229  87.3234 272.8036 13.14502456173850
ONEWEB-0644             
1 55808U 23029N   26278.25530763 -.00000176  00000+0 -47197-3 0  9994
2 55808  87.9095 283.0355 0001554  87.7772 272.3538 13.19726873173429
ONEWEB-0645             
1 55809U 23029P   26278.04998733  .00000043  00000+0  73952-4 0  9997
2 55809  87.9092 283.0745 0001740  75.9447 284.1879 13.19725609173396
ONEWEB-0646             
1 55810U 23029Q   26278.06734404 -.00000020  00000+0 -82021-4 0  9998
2 55810  87.9094 283.0712 0001623  88.6495 271.4823 13.19723140173383
ONEWEB-0648             
1 55811U 23029R   26278.25432412  .00000045  00000+0  86981-4 0  9998
2 55811  87.8899 267.7447 0001518  59.3249 300.8031 13.14504211173856
ONEWEB-0649             
1 55812U 23029S   26278.09262507 -.00000037  00000+0 -12440-3 0  9998
2 55812  87.9093 283.0644 0001722  82.8859 277.2470 13.19727215173422
ONEWEB-0650             
1 55813U 23029T   26278.08788116 -.00000080  00000+0 -23288-3 0  9997
2 55813  87.9093 283.0671 0001297  82.2011 277.9269 13.19724047173393
ONEWEB-0652             
1 55814U 23029U   26278.00738454 -.00000204  00000+0 -58400-3 0  9992
2 55814  87.8899 267.7992 0002025  89.9634 270.1728 13.14502985173796
ONEWEB-0653             
1 55815U 23029V   26277.99212855 -.00000134  00000+0 -39468-3 0  9997
2 55815  87.8901 267.8008 0001958  85.1176 275.0177 13.14505638173827
ONEWEB-0654             
1 55816U 23029W   26278.29154501  .00000055  00000+0  11313-3 0  9994
2 55816  87.8901 267.7371 0002251  87.5668 272.5720 13.14504914173887
ONEWEB-0656             
1 55817U 23029X   26278.20326895  .00000037  00000+0  59902-4 0  9990
2 55817  87.9169 252.4828 0002339  88.9043 271.2358 13.20770592175678
ONEWEB-0657             
1 55818U 23029Y   26278.08315736 -.00000035  00000+0 -12030-3 0  9999
2 55818  87.9097 283.0674 0002341 107.6639 252.4750 13.19725987173403
ONEWEB-0658             
1 55819U 23029Z   26278.30586545  .00000051  00000+0  95737-4 0  9995
2 55819  87.9101 283.0080 0001464  87.8205 272.3096 13.19726411173445
ONEWEB-0660             
1 55820U 23029AA  26278.26954683  .00000259  00000+0  66437-3 0  9998
2 55820  87.8904 267.7419 0001886  80.1963 279.9380 13.14505581173860
ONEWEB-0661             
1 55821U 23029AB  26278.30340536 -.00000135  00000+0 -39860-3 0  9995
2 55821  87.8892 267.7631 0002013  79.8610 280.2747 13.14502978173858
ONEWEB-0662             
1 55822U 23029AC  26277.95832921  .00000275  00000+0  70636-3 0  9999
2 55822  87.8894 267.8385 0001942  82.9389 277.1962 13.14504109173858
ONEWEB-0663             
1 55823U 23029AD  26278.22854521  .00000002  00000+0 -25807-4 0  9991
2 55823  87.9164 252.5452 0001716  71.7015 288.4305 13.20875666175671
ONEWEB-0664             
1 55824U 23029AE  26278.18979406  .00000032  00000+0  45731-4 0  9997
2 55824  87.9155 252.5246 0002226  77.5479 282.5904 13.20771187175660
ONEWEB-0665             
1 55825U 23029AF  26278.22475222 -.00000132  00000+0 -39069-3 0  9999
2 55825  87.8904 267.7640 0001816  79.4520 280.6815 13.14503298173869
ONEWEB-0666             
1 55826U 23029AG  26278.25880676 -.00000191  00000+0 -50097-3 0  9995
2 55826  87.9152 252.5002 0002067 103.6018 256.5346 13.20771464175683
ONEWEB-0667             
1 55827U 23029AH  26278.25376455  .00000047  00000+0  83309-4 0  9992
2 55827  87.9164 252.4744 0001923  78.4921 281.6428 13.20769620175671
ONEWEB-0669             
1 55828U 23029AJ  26277.94567326 -.00000079  00000+0 -22556-3 0  9990
2 55828  87.9161 252.5416 0002491  85.8975 274.2443 13.20772586175634
ONEWEB-0670             
1 55829U 23029AK  26278.20359177  .00000192  00000+0  48335-3 0  9991
2 55829  87.8894 267.7808 0002147  79.7720 280.3651 13.14504117173888
ONEWEB-0671             
1 55830U 23029AL  26278.30113198  .00000024  00000+0  28335-4 0  9998
2 55830  87.9093 283.0248 0001840  84.4532 275.6811 13.19726204173427
ONEWEB-0672             
1 55831U 23029AM  26277.94065665  .00000078  00000+0  16079-3 0  9993
2 55831  87.9162 252.5369 0002064  90.0531 270.0839 13.20771114175637
ONEWEB-0673             
1 55832U 23029AN  26278.05076381  .00000048  00000+0  88311-4 0  9990
2 55832  87.9096 283.0720 0001909  86.1151 274.0200 13.19726192173396
ONEWEB-0674             
1 55833U 23029AP  26278.24589236 -.00000043  00000+0 -15018-3 0  9990
2 55833  87.8899 267.7544 0002208  79.8038 280.3341 13.14502965173870
ONEWEB-0675             
1 55834U 23029AQ  26278.29321847  .00000130  00000+0  29262-3 0  9999
2 55834  87.9091 283.0277 0001806 101.3365 258.7971 13.19723667173447
ONEWEB-0720             
1 55835U 23029AR  26278.05788477  .00000106  00000+0  23152-3 0  9995
2 55835  87.9087 283.0747 0001670  84.0807 276.0516 13.19726235173332
ONEWEB-0537             
1 56046U 23043A   26278.23819846  .00000104  00000+0  23922-3 0  9994
2 56046  87.9177 206.9318 0001892  79.5833 280.5511 13.16594300173449
ONEWEB-0538             
1 56047U 23043B   26278.23186012  .00000023  00000+0  27797-4 0  9992
2 56047  87.9177 206.9358 0001650  76.3479 283.7835 13.16595261173459
ONEWEB-0546             
1 56048U 23043C   26278.29518410 -.00000012  00000+0 -64373-4 0  9991
2 56048  87.9175 206.9227 0002135  92.6257 267.5118 13.16593456173455
ONEWEB-0547             
1 56049U 23043D   26278.23500327  .00000001  00000+0 -30001-4 0  9992
2 56049  87.9313 222.0796 0001843  73.7573 286.3764 13.21824203172768
ONEWEB-0548             
1 56050U 23043E   26278.24372920  .00000066  00000+0  13992-3 0  9990
2 56050  87.9178 206.9280 0002291  69.9368 290.2009 13.16594725173444
ONEWEB-0549             
1 56051U 23043F   26278.22912796  .00000004  00000+0 -22732-4 0  9996
2 56051  87.9309 222.0819 0001630  78.5724 281.5593 13.21825036172769
ONEWEB-0550             
1 56052U 23043G   26278.29137279  .00000137  00000+0  30045-3 0  9990
2 56052  87.9312 222.0697 0002102  70.8336 289.3025 13.21827434172778
ONEWEB-0551             
1 56053U 23043H   26278.28625659  .00000056  00000+0  11525-3 0  9996
2 56053  87.9016 237.2732 0001621  77.5574 282.5738 13.15548921170870
ONEWEB-0552             
1 56054U 23043J   26278.21062647  .00000036  00000+0  55361-4 0  9997
2 56054  87.9307 222.0874 0001920  69.5659 290.5681 13.21826880172766
ONEWEB-0553             
1 56055U 23043K   26278.22552155  .00000006  00000+0 -17730-4 0  9993
2 56055  87.9175 206.9371 0002108  85.6227 274.5144 13.16593705173456
ONEWEB-0554             
1 56056U 23043L   26278.28885411  .00000044  00000+0  81806-4 0  9990
2 56056  87.9168 206.9311 0002391  68.9192 291.2195 13.16594352173442
ONEWEB-0555             
1 56057U 23043M   26278.25086373  .00000170  00000+0  41085-3 0  9992
2 56057  87.9174 206.9294 0002105  87.4042 272.7330 13.16595106173446
ONEWEB-0557             
1 56058U 23043N   26278.26510628  .00000149  00000+0  35718-3 0  9991
2 56058  87.9177 206.9374 0001740  87.1548 272.9782 13.16594581173440
ONEWEB-0558             
1 56059U 23043P   26278.27960224  .00000065  00000+0  12702-3 0  9999
2 56059  87.9308 222.0711 0001664  81.3718 278.7604 13.21826736172780
ONEWEB-0559             
1 56060U 23043Q   26278.26782779  .00000145  00000+0  32073-3 0  9999
2 56060  87.9313 222.0714 0001774  73.2306 286.9022 13.21825447172790
ONEWEB-0566             
1 56061U 23043R   26278.26107964 -.00000143  00000+0 -37655-3 0  9998
2 56061  87.9314 222.0714 0001689  71.0844 289.0473 13.21825835172773
ONEWEB-0568             
1 56062U 23043S   26278.28250244 -.00000029  00000+0 -11012-3 0  9993
2 56062  87.9180 206.9220 0001965  81.1505 278.9848 13.16596734173468
ONEWEB-0574             
1 56063U 23043T   26278.25435753 -.00000103  00000+0 -27987-3 0  9992
2 56063  87.9314 222.0776 0002154  75.5840 284.5533 13.21825811172812
ONEWEB-0575             
1 56064U 23043U   26278.27619700  .00000049  00000+0  93801-4 0  9997
2 56064  87.9178 206.9193 0002219  75.0341 285.1035 13.16593356173453
ONEWEB-0576             
1 56065U 23043V   26278.25717445  .00000129  00000+0  30351-3 0  9990
2 56065  87.9176 206.9334 0002100  75.3491 284.7872 13.16596058173442
ONEWEB-0577             
1 56066U 23043W   26278.26352819  .00000128  00000+0  30127-3 0  9992
2 56066  87.9181 206.9299 0002664  72.2805 287.8617 13.16595958173471
ONEWEB-0578             
1 56067U 23043X   26278.24090718  .00000067  00000+0  13087-3 0  9996
2 56067  87.9314 222.0760 0002105  84.0102 276.1272 13.21827184172778
ONEWEB-0579             
1 56068U 23043Y   26278.23249893  .00000013  00000+0  10985-5 0  9993
2 56068  87.9315 222.0800 0001885  68.1877 291.9458 13.21827726172785
ONEWEB-0581             
1 56069U 23043Z   26278.26985466  .00000087  00000+0  19387-3 0  9994
2 56069  87.9177 206.9334 0002443  70.1507 289.9887 13.16596215173446
ONEWEB-0609             
1 56070U 23043AA  26278.23632918 -.00000052  00000+0 -17339-3 0  9993
2 56070  87.9010 237.2668 0001905  80.6041 279.5304 13.15549257170902
ONEWEB-0613             
1 56071U 23043AB  26278.23396897 -.00000114  00000+0 -33783-3 0  9997
2 56071  87.9011 237.2800 0001729  74.3584 285.7738 13.15547942170907
ONEWEB-0630             
1 56072U 23043AC  26277.84891409 -.00000057  00000+0 -18516-3 0  9996
2 56072  87.9020 237.3360 0001840  73.6563 286.4769 13.15549770170849
ONEWEB-0632             
1 56073U 23043AD  26278.22445953 -.00000106  00000+0 -31649-3 0  9996
2 56073  87.9014 237.2735 0002106  77.4781 282.6585 13.15549359170890
ONEWEB-0633             
1 56074U 23043AE  26278.29415770 -.00000013  00000+0 -68064-4 0  9997
2 56074  87.9023 237.2438 0001574  74.1995 285.9309 13.15550162170883
ONEWEB-0634             
1 56075U 23043AF  26278.27991912  .00000099  00000+0  22935-3 0  9991
2 56075  87.9015 237.2783 0001897  88.4418 271.6929 13.15548851170875
ONEWEB-0635             
1 56076U 23043AG  26278.27516410  .00000116  00000+0  27333-3 0  9995
2 56076  87.9025 237.2510 0002220  77.0835 283.0543 13.15548451170902
ONEWEB-0636             
1 56077U 23043AH  26278.26723974  .00000228  00000+0  57222-3 0  9994
2 56077  87.9020 237.2561 0002146  78.6048 281.5324 13.15549066170884
ONEWEB-0637             
1 56078U 23043AJ  26278.26090950  .00000222  00000+0  55495-3 0  9990
2 56078  87.9011 237.2667 0002166  84.3296 275.8081 13.15549172170900
ONEWEB-0647             
1 56079U 23043AK  26278.25612519 -.00000444  00000+0 -12127-2 0  9993
2 56079  87.9019 237.2752 0002425  72.8069 287.3327 13.15548837170898
ONEWEB-0651             
1 56080U 23043AL  26278.25138602  .00000101  00000+0  23498-3 0  9993
2 56080  87.9011 237.2734 0002206  83.5548 276.5833 13.15549461172090
ONEWEB-0718             
1 56081U 23043AM  26278.17056225  .00000062  00000+0  12964-3 0  9997
2 56081  87.9018 237.2765 0001696  92.5996 267.5329 13.15550109170898
ONEWEB-0561             
1 56710U 23068A   26278.19653487  .00000085  00000+0  17730-3 0  9999
2 56710  87.9163 252.4945 0002169  75.8870 284.2504 13.20771335164029
ONEWEB-0668             
1 56711U 23068B   26278.24452425  .00000140  00000+0  33146-3 0  9996
2 56711  87.9175 206.9316 0001948  89.9824 270.1530 13.16595867166268
ONEWEB-0676             
1 56712U 23068C   26278.25243191  .00000148  00000+0  35251-3 0  9993
2 56712  87.9172 206.9374 0002225  72.2186 287.9188 13.16596383166185
ONEWEB-0677             
1 56713U 23068D   26277.88171257  .00000089  00000+0  18694-3 0  9991
2 56713  87.9162 252.5485 0002340  87.7086 272.4316 13.20773017164280
ONEWEB-0678             
1 56714U 23068E   26278.29100549  .00000017  00000+0  11867-4 0  9991
2 56714  87.9023 237.2487 0001888  71.2933 288.8402 13.15549026163768
ONEWEB-0679             
1 56715U 23068F   26278.28727279  .00000008  00000+0 -12191-4 0  9998
2 56715  87.9178 206.9206 0002301  84.0037 276.1356 13.16595246166217
ONEWEB-0680             
1 56716U 23068G   26278.23417667  .00000010  00000+0 -61379-5 0  9997
2 56716  87.9317 222.0812 0002172  90.8300 269.3083 13.21827373165630
ONEWEB-0681             
1 56717U 23068H   26278.23870859  .00000071  00000+0  14051-3 0  9993
2 56717  87.9315 222.0896 0002840  68.9113 291.2324 13.21303016165625
ONEWEB-0682             
1 56718U 23068J   26278.16265604 -.00000011  00000+0 -63591-4 0  9992
2 56718  87.9018 237.2728 0002158  92.6762 267.4616 13.15549021163914
ONEWEB-0683             
1 56719U 23068K   26278.26247742  .00000169  00000+0  41356-3 0  9993
2 56719  87.9021 237.2560 0001912  86.8912 273.2437 13.15549587163892
ONEWEB-0684             
1 56720U 23068L   26278.27040073  .00000184  00000+0  45473-3 0  9995
2 56720  87.9020 237.2417 0001126  37.0334 323.0874 13.15550155163721
ONEWEB-0686             
1 56721U 23068M   26278.24769187  .00000171  00000+0  41361-3 0  9995
2 56721  87.9168 206.9419 0001596  79.3576 280.7735 13.16595148166199
ONEWEB-0694             
1 56722U 23068N   26278.25401595  .00000146  00000+0  34852-3 0  9992
2 56722  87.9175 206.9217 0001967  87.4084 272.7272 13.16595762166256
ONEWEB-0696             
1 56723U 23068P   26278.22760380 -.00000125  00000+0 -36556-3 0  9992
2 56723  87.9013 237.2806 0001919  64.8807 295.2522 13.15550329163836
ONEWEB-0703             
1 56724U 23068Q   26277.93290014 -.00000050  00000+0 -16669-3 0  9992
2 56724  87.9019 237.3244 0002312  57.1841 302.9512 13.15548900163681
ONEWEB-0721             
1 56725U 23068R   26278.29938811  .00000054  00000+0  95694-4 0  9995
2 56725  86.6771  50.3363 0001619  97.7160 262.4157 13.22476302172499
ONEWEB-0015             
1 61594U 24188A   26278.25310103 -.00000511  00000+0 -14783-2 0  9991
2 61594  87.8961 359.2171 0002379 100.4170 259.7226 13.11417201 98885
ONEWEB-0687             
1 61595U 24188B   26278.18635684  .00000081  00000+0  17636-3 0  9999
2 61595  87.9178 344.0334 0002277 108.7608 251.3771 13.17647934100380
ONEWEB-0688             
1 61596U 24188C   26278.21505261  .00000043  00000+0  77931-4 0  9994
2 61596  87.9181 344.0284 0003155  96.0256 264.1236 13.17648274100389
ONEWEB-0689             
1 61597U 24188D   26278.28701819  .00000502  00000+0  13812-2 0  9995
2 61597  87.8974 359.1811 0001844 111.1467 248.9858 13.11419299 98886
ONEWEB-0690             
1 61598U 24188E   26278.22091298  .00000554  00000+0  15279-2 0  9999
2 61598  87.8971 359.2039 0001706  81.8652 278.2669 13.11416561 99058
ONEWEB-0691             
1 61599U 24188F   26278.21583405  .00000634  00000+0  17521-2 0  9996
2 61599  87.8982 359.1245 0002205 103.1907 256.9467 13.11417519 98901
ONEWEB-0692             
1 61600U 24188G   26278.23616695  .00000155  00000+0  40222-3 0  9992
2 61600  87.8959 359.2129 0001260 122.7334 237.3915 13.11415204 98899
ONEWEB-0693             
1 61601U 24188H   26278.22683684 -.00000292  00000+0 -78642-3 0  9995
2 61601  87.9173 344.0392 0002014  76.8749 283.2608 13.17649243100374
ONEWEB-0695             
1 61602U 24188J   26278.28871490  .00000460  00000+0  12619-2 0  9992
2 61602  87.8958 359.1940 0001643 118.5736 241.5557 13.11419382 98894
ONEWEB-0697             
1 61603U 24188K   26278.24461772 -.00000327  00000+0 -95803-3 0  9998
2 61603  87.8966 359.1966 0001194 119.1173 241.0075 13.11416403 98874
ONEWEB-0698             
1 61604U 24188L   26278.29889808  .00000581  00000+0  16044-2 0  9997
2 61604  87.8960 359.1971 0000845  73.1599 286.9621 13.11416932 98904
ONEWEB-0699             
1 61605U 24188M   26278.24641192  .00000387  00000+0  10728-2 0  9992
2 61605  87.8924  14.3677 0001143 112.9215 247.2033 13.10376409 97726
ONEWEB-0700             
1 61606U 24188N   26278.24810883  .00000429  00000+0  11928-2 0  9998
2 61606  87.8934  14.2926 0001235 110.6567 249.4693 13.10376543 97715
ONEWEB-0701             
1 61607U 24188P   26278.26507787  .00000668  00000+0  18778-2 0  9992
2 61607  87.8922  14.3666 0001078 114.7629 245.3610 13.10370987 97725
ONEWEB-0702             
1 61608U 24188Q   26278.26837748 -.00000229  00000+0 -68270-3 0  9994
2 61608  87.8980 359.1289 0001367 141.9911 218.1314 13.11418181 98919
ONEWEB-0704             
1 61609U 24188R   26278.25319836  .00000593  00000+0  16612-2 0  9991
2 61609  87.8922  14.3600 0001334 138.1023 222.0207 13.10375735 97706
ONEWEB-0705             
1 61610U 24188S   26278.25830339  .00000792  00000+0  22335-2 0  9999
2 61610  87.8924  14.3651 0002108 131.0199 229.1111 13.10373799 89871
ONEWEB-0706             
1 61611U 24188T   26278.24302217  .00000071  00000+0  16734-3 0  9995
2 61611  87.8925  14.3700 0001576 120.9127 239.2156 13.10376690 97798
ONEWEB-0707             
1 61612U 24188U   26278.24981483  .00000498  00000+0  13896-2 0  9992
2 61612  87.8923  14.3656 0001550 120.7495 239.3785 13.10375034 97739
ONEWEB-0708             
1 61613U 24188V   26278.26848364  .00000552  00000+0  15452-2 0  9996
2 61613  87.8912  14.3710 0002200 113.6013 246.5346 13.10371719 97716
